{"Maui County": {"CNECTA": "", "COUNTY": "009", "HU100": "70379", "NAME": "Maui County", "P001001.2000": "128094", "CSA": "999", "P001001": "154834", "POP100": "154834", "SUMLEV": "050", "STATE": "15", "CBSA": "27980", "race": [{"name": "White", "value": 53336}, {"name": "Black", "value": 870}, {"name": "American Indian or Alaska", "value": 603}, {"name": "Asian", "value": 44595}, {"name": "Native Hawaiian", "value": 16051}, {"name": "Other Race", "value": 3051}, {"name": "Two or More Races", "value": 36328}], "HU100.2000": "56377", "POP100.2000": "128094", "sex_by_age": [{"male": 5161.0, "name": "Under 5 years", "female": 4859.0}, {"male": 5065.0, "name": "5 to 9 years", "female": 4821.0}, {"male": 4932.0, "name": "10 to 14 years", "female": 4884.0}, {"male": 3171.0, "name": "15 to 17 years", "female": 2922.0}, {"male": 1771.0, "name": "18 and 19 years", "female": 1551.0}, {"male": 766.0, "name": "20 years", "female": 742.0}, {"male": 797.0, "name": "21 years", "female": 735.0}, {"male": 2668.0, "name": "22 to 24 years", "female": 2610.0}, {"male": 5089.0, "name": "25 to 29 years", "female": 5091.0}, {"male": 5285.0, "name": "30 to 34 years", "female": 5046.0}, {"male": 5286.0, "name": "35 to 39 years", "female": 5005.0}, {"male": 5596.0, "name": "40 to 44 years", "female": 5422.0}, {"male": 5913.0, "name": "45 to 49 years", "female": 5984.0}, {"male": 6268.0, "name": "50 to 54 years", "female": 6097.0}, {"male": 5834.0, "name": "55 to 59 years", "female": 5812.0}, {"male": 2207.0, "name": "60 to 61 years", "female": 2096.0}, {"male": 2827.0, "name": "62 to 64 years", "female": 2718.0}, {"male": 1531.0, "name": "65 and 66 years", "female": 1614.0}, {"male": 1830.0, "name": "67 to 69 years", "female": 1854.0}, {"male": 2062.0, "name": "70 to 74 years", "female": 2343.0}, {"male": 1473.0, "name": "75 to 79 years", "female": 1767.0}, {"male": 1079.0, "name": "80 to 84 years", "female": 1592.0}, {"male": 976.0, "name": "85 years and over", "female": 1682.0}], "age_by_sex": [{"name": "Male", "value": 39.0}, {"name": "Female", "value": 40.299999999999997}], "GEOID": "15009", "NECTA": ""}, "Honolulu County": {"CNECTA": "", "COUNTY": "003", "HU100": "336899", "NAME": "Honolulu County", "P001001.2000": "876156", "CSA": "999", "P001001": "953207", "POP100": "953207", "SUMLEV": "050", "STATE": "15", "CBSA": "26180", "race": [{"name": "White", "value": 198732}, {"name": "Black", "value": 19256}, {"name": "American Indian or Alaska", "value": 2438}, {"name": "Asian", "value": 418410}, {"name": "Native Hawaiian", "value": 90878}, {"name": "Other Race", "value": 10457}, {"name": "Two or More Races", "value": 213036}], "HU100.2000": "315988", "POP100.2000": "876156", "sex_by_age": [{"male": 31571.0, "name": "Under 5 years", "female": 29690.0}, {"male": 29666.0, "name": "5 to 9 years", "female": 28152.0}, {"male": 28771.0, "name": "10 to 14 years", "female": 27376.0}, {"male": 17959.0, "name": "15 to 17 years", "female": 17315.0}, {"male": 13186.0, "name": "18 and 19 years", "female": 11884.0}, {"male": 7677.0, "name": "20 years", "female": 6473.0}, {"male": 8139.0, "name": "21 years", "female": 6320.0}, {"male": 24583.0, "name": "22 to 24 years", "female": 20011.0}, {"male": 37812.0, "name": "25 to 29 years", "female": 33855.0}, {"male": 32099.0, "name": "30 to 34 years", "female": 30680.0}, {"male": 31395.0, "name": "35 to 39 years", "female": 30561.0}, {"male": 31966.0, "name": "40 to 44 years", "female": 31374.0}, {"male": 33622.0, "name": "45 to 49 years", "female": 32754.0}, {"male": 32528.0, "name": "50 to 54 years", "female": 32820.0}, {"male": 29685.0, "name": "55 to 59 years", "female": 30702.0}, {"male": 11266.0, "name": "60 to 61 years", "female": 11749.0}, {"male": 15012.0, "name": "62 to 64 years", "female": 16064.0}, {"male": 8911.0, "name": "65 and 66 years", "female": 9454.0}, {"male": 10275.0, "name": "67 to 69 years", "female": 11287.0}, {"male": 13235.0, "name": "70 to 74 years", "female": 15765.0}, {"male": 10687.0, "name": "75 to 79 years", "female": 14536.0}, {"male": 8696.0, "name": "80 to 84 years", "female": 13284.0}, {"male": 8351.0, "name": "85 years and over", "female": 14009.0}], "age_by_sex": [{"name": "Male", "value": 36.200000000000003}, {"name": "Female", "value": 39.299999999999997}], "GEOID": "15003", "NECTA": ""}, "Kalawao County": {"CNECTA": "", "COUNTY": "005", "HU100": "113", "NAME": "Kalawao County", "P001001.2000": "147", "CSA": "999", "P001001": "90", "POP100": "90", "SUMLEV": "050", "STATE": "15", "CBSA": "99999", "race": [{"name": "White", "value": 24}, {"name": "Black", "value": 0}, {"name": "American Indian or Alaska", "value": 0}, {"name": "Asian", "value": 7}, {"name": "Native Hawaiian", "value": 44}, {"name": "Other Race", "value": 1}, {"name": "Two or More Races", "value": 14}], "HU100.2000": "172", "POP100.2000": "147", "sex_by_age": [{"male": 0.0, "name": "Under 5 years", "female": 0.0}, {"male": 0.0, "name": "5 to 9 years", "female": 0.0}, {"male": 0.0, "name": "10 to 14 years", "female": 0.0}, {"male": 0.0, "name": "15 to 17 years", "female": 0.0}, {"male": 0.0, "name": "18 and 19 years", "female": 0.0}, {"male": 0.0, "name": "20 years", "female": 0.0}, {"male": 0.0, "name": "21 years", "female": 0.0}, {"male": 1.0, "name": "22 to 24 years", "female": 2.0}, {"male": 2.0, "name": "25 to 29 years", "female": 2.0}, {"male": 3.0, "name": "30 to 34 years", "female": 3.0}, {"male": 3.0, "name": "35 to 39 years", "female": 3.0}, {"male": 6.0, "name": "40 to 44 years", "female": 2.0}, {"male": 6.0, "name": "45 to 49 years", "female": 2.0}, {"male": 6.0, "name": "50 to 54 years", "female": 3.0}, {"male": 11.0, "name": "55 to 59 years", "female": 6.0}, {"male": 0.0, "name": "60 to 61 years", "female": 2.0}, {"male": 0.0, "name": "62 to 64 years", "female": 1.0}, {"male": 0.0, "name": "65 and 66 years", "female": 1.0}, {"male": 1.0, "name": "67 to 69 years", "female": 0.0}, {"male": 0.0, "name": "70 to 74 years", "female": 5.0}, {"male": 0.0, "name": "75 to 79 years", "female": 9.0}, {"male": 2.0, "name": "80 to 84 years", "female": 7.0}, {"male": 1.0, "name": "85 years and over", "female": 0.0}], "age_by_sex": [{"name": "Male", "value": 49.5}, {"name": "Female", "value": 60.5}], "GEOID": "15005", "NECTA": ""}, "Hawaii County": {"CNECTA": "", "COUNTY": "001", "HU100": "82324", "NAME": "Hawaii County", "P001001.2000": "148677", "CSA": "999", "P001001": "185079", "POP100": "185079", "SUMLEV": "050", "STATE": "15", "CBSA": "25900", "race": [{"name": "White", "value": 62348}, {"name": "Black", "value": 1020}, {"name": "American Indian or Alaska", "value": 869}, {"name": "Asian", "value": 41050}, {"name": "Native Hawaiian", "value": 22389}, {"name": "Other Race", "value": 2868}, {"name": "Two or More Races", "value": 54535}], "HU100.2000": "62674", "POP100.2000": "148677", "sex_by_age": [{"male": 6037.0, "name": "Under 5 years", "female": 5808.0}, {"male": 5945.0, "name": "5 to 9 years", "female": 5533.0}, {"male": 5906.0, "name": "10 to 14 years", "female": 5615.0}, {"male": 3876.0, "name": "15 to 17 years", "female": 3560.0}, {"male": 2412.0, "name": "18 and 19 years", "female": 2241.0}, {"male": 1101.0, "name": "20 years", "female": 1068.0}, {"male": 1109.0, "name": "21 years", "female": 1078.0}, {"male": 3344.0, "name": "22 to 24 years", "female": 3133.0}, {"male": 5628.0, "name": "25 to 29 years", "female": 5662.0}, {"male": 5515.0, "name": "30 to 34 years", "female": 5420.0}, {"male": 5276.0, "name": "35 to 39 years", "female": 5209.0}, {"male": 5475.0, "name": "40 to 44 years", "female": 5422.0}, {"male": 6262.0, "name": "45 to 49 years", "female": 6395.0}, {"male": 7366.0, "name": "50 to 54 years", "female": 7500.0}, {"male": 7836.0, "name": "55 to 59 years", "female": 7971.0}, {"male": 3039.0, "name": "60 to 61 years", "female": 2908.0}, {"male": 4064.0, "name": "62 to 64 years", "female": 3531.0}, {"male": 2157.0, "name": "65 and 66 years", "female": 2041.0}, {"male": 2574.0, "name": "67 to 69 years", "female": 2406.0}, {"male": 2842.0, "name": "70 to 74 years", "female": 2988.0}, {"male": 2102.0, "name": "75 to 79 years", "female": 2469.0}, {"male": 1575.0, "name": "80 to 84 years", "female": 2077.0}, {"male": 1380.0, "name": "85 years and over", "female": 2223.0}], "age_by_sex": [{"name": "Male", "value": 40.200000000000003}, {"name": "Female", "value": 41.5}], "GEOID": "15001", "NECTA": ""}, "Kauai County": {"CNECTA": "", "COUNTY": "007", "HU100": "29793", "NAME": "Kauai County", "P001001.2000": "58463", "CSA": "999", "P001001": "67091", "POP100": "67091", "SUMLEV": "050", "STATE": "15", "CBSA": "28180", "race": [{"name": "White", "value": 22159}, {"name": "Black", "value": 278}, {"name": "American Indian or Alaska", "value": 254}, {"name": "Asian", "value": 21016}, {"name": "Native Hawaiian", "value": 6060}, {"name": "Other Race", "value": 608}, {"name": "Two or More Races", "value": 16716}], "HU100.2000": "25331", "POP100.2000": "58463", "sex_by_age": [{"male": 2250.0, "name": "Under 5 years", "female": 2031.0}, {"male": 2171.0, "name": "5 to 9 years", "female": 2008.0}, {"male": 2090.0, "name": "10 to 14 years", "female": 1965.0}, {"male": 1441.0, "name": "15 to 17 years", "female": 1267.0}, {"male": 774.0, "name": "18 and 19 years", "female": 664.0}, {"male": 328.0, "name": "20 years", "female": 333.0}, {"male": 363.0, "name": "21 years", "female": 312.0}, {"male": 1105.0, "name": "22 to 24 years", "female": 1031.0}, {"male": 2152.0, "name": "25 to 29 years", "female": 2009.0}, {"male": 2019.0, "name": "30 to 34 years", "female": 1961.0}, {"male": 2034.0, "name": "35 to 39 years", "female": 1984.0}, {"male": 2210.0, "name": "40 to 44 years", "female": 2144.0}, {"male": 2410.0, "name": "45 to 49 years", "female": 2439.0}, {"male": 2663.0, "name": "50 to 54 years", "female": 2727.0}, {"male": 2782.0, "name": "55 to 59 years", "female": 2701.0}, {"male": 1104.0, "name": "60 to 61 years", "female": 1005.0}, {"male": 1360.0, "name": "62 to 64 years", "female": 1269.0}, {"male": 723.0, "name": "65 and 66 years", "female": 716.0}, {"male": 847.0, "name": "67 to 69 years", "female": 948.0}, {"male": 1001.0, "name": "70 to 74 years", "female": 1112.0}, {"male": 678.0, "name": "75 to 79 years", "female": 954.0}, {"male": 552.0, "name": "80 to 84 years", "female": 838.0}, {"male": 644.0, "name": "85 years and over", "female": 972.0}], "age_by_sex": [{"name": "Male", "value": 40.200000000000003}, {"name": "Female", "value": 42.600000000000001}], "GEOID": "15007", "NECTA": ""}}