{"District of Columbia": {"CNECTA": "", "COUNTY": "001", "HU100": "296719", "NAME": "District of Columbia", "P001001.2000": "572059", "CSA": "548", "P001001": "601723", "POP100": "601723", "SUMLEV": "050", "STATE": "11", "CBSA": "47900", "race": [{"name": "White", "value": 231471}, {"name": "Black", "value": 305125}, {"name": "American Indian or Alaska", "value": 2079}, {"name": "Asian", "value": 21056}, {"name": "Native Hawaiian", "value": 302}, {"name": "Other Race", "value": 24374}, {"name": "Two or More Races", "value": 17316}], "HU100.2000": "274845", "POP100.2000": "572059", "sex_by_age": [{"male": 16533.0, "name": "Under 5 years", "female": 16080.0}, {"male": 13198.0, "name": "5 to 9 years", "female": 12949.0}, {"male": 12641.0, "name": "10 to 14 years", "female": 12400.0}, {"male": 8517.0, "name": "15 to 17 years", "female": 8497.0}, {"male": 10434.0, "name": "18 and 19 years", "female": 12471.0}, {"male": 5854.0, "name": "20 years", "female": 6662.0}, {"male": 5412.0, "name": "21 years", "female": 6365.0}, {"male": 17535.0, "name": "22 to 24 years", "female": 22282.0}, {"male": 32167.0, "name": "25 to 29 years", "female": 37482.0}, {"male": 26617.0, "name": "30 to 34 years", "female": 28479.0}, {"male": 21447.0, "name": "35 to 39 years", "female": 21478.0}, {"male": 19136.0, "name": "40 to 44 years", "female": 18598.0}, {"male": 19534.0, "name": "45 to 49 years", "female": 19005.0}, {"male": 18114.0, "name": "50 to 54 years", "female": 19050.0}, {"male": 15994.0, "name": "55 to 59 years", "female": 18280.0}, {"male": 5819.0, "name": "60 to 61 years", "female": 7052.0}, {"male": 7579.0, "name": "62 to 64 years", "female": 9253.0}, {"male": 4213.0, "name": "65 and 66 years", "female": 5157.0}, {"male": 5392.0, "name": "67 to 69 years", "female": 6726.0}, {"male": 6671.0, "name": "70 to 74 years", "female": 8810.0}, {"male": 4782.0, "name": "75 to 79 years", "female": 7038.0}, {"male": 3516.0, "name": "80 to 84 years", "female": 6189.0}, {"male": 3117.0, "name": "85 years and over", "female": 7198.0}], "age_by_sex": [{"name": "Male", "value": 33.600000000000001}, {"name": "Female", "value": 34.0}], "GEOID": "11001", "NECTA": ""}}