{"Kennebec County": {"CNECTA": "", "COUNTY": "011", "HU100": "60972", "NAME": "Kennebec County", "P001001.2000": "117114", "CSA": "999", "P001001": "122151", "POP100": "122151", "SUMLEV": "050", "STATE": "23", "CBSA": "12300", "race": [{"name": "White", "value": 117501}, {"name": "Black", "value": 687}, {"name": "American Indian or Alaska", "value": 586}, {"name": "Asian", "value": 892}, {"name": "Native Hawaiian", "value": 45}, {"name": "Other Race", "value": 372}, {"name": "Two or More Races", "value": 2068}], "HU100.2000": "56364", "POP100.2000": "117114", "sex_by_age": [{"male": 3260.0, "name": "Under 5 years", "female": 3074.0}, {"male": 3455.0, "name": "5 to 9 years", "female": 3392.0}, {"male": 3732.0, "name": "10 to 14 years", "female": 3571.0}, {"male": 2488.0, "name": "15 to 17 years", "female": 2336.0}, {"male": 1662.0, "name": "18 and 19 years", "female": 1612.0}, {"male": 827.0, "name": "20 years", "female": 826.0}, {"male": 733.0, "name": "21 years", "female": 753.0}, {"male": 2042.0, "name": "22 to 24 years", "female": 2030.0}, {"male": 3242.0, "name": "25 to 29 years", "female": 3414.0}, {"male": 3289.0, "name": "30 to 34 years", "female": 3346.0}, {"male": 3563.0, "name": "35 to 39 years", "female": 3767.0}, {"male": 4162.0, "name": "40 to 44 years", "female": 4365.0}, {"male": 4850.0, "name": "45 to 49 years", "female": 5149.0}, {"male": 5140.0, "name": "50 to 54 years", "female": 5377.0}, {"male": 4662.0, "name": "55 to 59 years", "female": 4844.0}, {"male": 1712.0, "name": "60 to 61 years", "female": 1764.0}, {"male": 2392.0, "name": "62 to 64 years", "female": 2360.0}, {"male": 1234.0, "name": "65 and 66 years", "female": 1302.0}, {"male": 1561.0, "name": "67 to 69 years", "female": 1705.0}, {"male": 1959.0, "name": "70 to 74 years", "female": 2258.0}, {"male": 1599.0, "name": "75 to 79 years", "female": 1920.0}, {"male": 1075.0, "name": "80 to 84 years", "female": 1680.0}, {"male": 890.0, "name": "85 years and over", "female": 1777.0}], "age_by_sex": [{"name": "Male", "value": 41.899999999999999}, {"name": "Female", "value": 43.700000000000003}], "GEOID": "23011", "NECTA": ""}, "Hancock County": {"CNECTA": "", "COUNTY": "009", "HU100": "40184", "NAME": "Hancock County", "P001001.2000": "51791", "CSA": "999", "P001001": "54418", "POP100": "54418", "SUMLEV": "050", "STATE": "23", "CBSA": "99999", "race": [{"name": "White", "value": 52741}, {"name": "Black", "value": 221}, {"name": "American Indian or Alaska", "value": 220}, {"name": "Asian", "value": 446}, {"name": "Native Hawaiian", "value": 7}, {"name": "Other Race", "value": 150}, {"name": "Two or More Races", "value": 633}], "HU100.2000": "33945", "POP100.2000": "51791", "sex_by_age": [{"male": 1291.0, "name": "Under 5 years", "female": 1312.0}, {"male": 1362.0, "name": "5 to 9 years", "female": 1297.0}, {"male": 1429.0, "name": "10 to 14 years", "female": 1363.0}, {"male": 991.0, "name": "15 to 17 years", "female": 932.0}, {"male": 808.0, "name": "18 and 19 years", "female": 558.0}, {"male": 415.0, "name": "20 years", "female": 264.0}, {"male": 350.0, "name": "21 years", "female": 292.0}, {"male": 843.0, "name": "22 to 24 years", "female": 828.0}, {"male": 1345.0, "name": "25 to 29 years", "female": 1308.0}, {"male": 1288.0, "name": "30 to 34 years", "female": 1354.0}, {"male": 1469.0, "name": "35 to 39 years", "female": 1566.0}, {"male": 1663.0, "name": "40 to 44 years", "female": 1803.0}, {"male": 2111.0, "name": "45 to 49 years", "female": 2244.0}, {"male": 2318.0, "name": "50 to 54 years", "female": 2438.0}, {"male": 2338.0, "name": "55 to 59 years", "female": 2453.0}, {"male": 877.0, "name": "60 to 61 years", "female": 970.0}, {"male": 1294.0, "name": "62 to 64 years", "female": 1307.0}, {"male": 699.0, "name": "65 and 66 years", "female": 728.0}, {"male": 888.0, "name": "67 to 69 years", "female": 930.0}, {"male": 1044.0, "name": "70 to 74 years", "female": 1174.0}, {"male": 826.0, "name": "75 to 79 years", "female": 970.0}, {"male": 581.0, "name": "80 to 84 years", "female": 822.0}, {"male": 411.0, "name": "85 years and over", "female": 864.0}], "age_by_sex": [{"name": "Male", "value": 45.200000000000003}, {"name": "Female", "value": 47.399999999999999}], "GEOID": "23009", "NECTA": ""}, "Androscoggin County": {"CNECTA": "", "COUNTY": "001", "HU100": "49090", "NAME": "Androscoggin County", "P001001.2000": "103793", "CSA": "438", "P001001": "107702", "POP100": "107702", "SUMLEV": "050", "STATE": "23", "CBSA": "30340", "race": [{"name": "White", "value": 99939}, {"name": "Black", "value": 3931}, {"name": "American Indian or Alaska", "value": 409}, {"name": "Asian", "value": 778}, {"name": "Native Hawaiian", "value": 32}, {"name": "Other Race", "value": 457}, {"name": "Two or More Races", "value": 2156}], "HU100.2000": "45960", "POP100.2000": "103793", "sex_by_age": [{"male": 3486.0, "name": "Under 5 years", "female": 3400.0}, {"male": 3357.0, "name": "5 to 9 years", "female": 3229.0}, {"male": 3426.0, "name": "10 to 14 years", "female": 3190.0}, {"male": 2237.0, "name": "15 to 17 years", "female": 1983.0}, {"male": 1594.0, "name": "18 and 19 years", "female": 1462.0}, {"male": 771.0, "name": "20 years", "female": 775.0}, {"male": 723.0, "name": "21 years", "female": 714.0}, {"male": 1896.0, "name": "22 to 24 years", "female": 2087.0}, {"male": 3110.0, "name": "25 to 29 years", "female": 3348.0}, {"male": 3163.0, "name": "30 to 34 years", "female": 3339.0}, {"male": 3401.0, "name": "35 to 39 years", "female": 3395.0}, {"male": 3796.0, "name": "40 to 44 years", "female": 3851.0}, {"male": 4330.0, "name": "45 to 49 years", "female": 4374.0}, {"male": 4145.0, "name": "50 to 54 years", "female": 4178.0}, {"male": 3640.0, "name": "55 to 59 years", "female": 3681.0}, {"male": 1343.0, "name": "60 to 61 years", "female": 1376.0}, {"male": 1817.0, "name": "62 to 64 years", "female": 1901.0}, {"male": 935.0, "name": "65 and 66 years", "female": 1041.0}, {"male": 1183.0, "name": "67 to 69 years", "female": 1304.0}, {"male": 1622.0, "name": "70 to 74 years", "female": 1771.0}, {"male": 1248.0, "name": "75 to 79 years", "female": 1705.0}, {"male": 844.0, "name": "80 to 84 years", "female": 1365.0}, {"male": 649.0, "name": "85 years and over", "female": 1517.0}], "age_by_sex": [{"name": "Male", "value": 38.899999999999999}, {"name": "Female", "value": 40.799999999999997}], "GEOID": "23001", "NECTA": ""}, "Cumberland County": {"CNECTA": "", "COUNTY": "005", "HU100": "138657", "NAME": "Cumberland County", "P001001.2000": "265612", "CSA": "438", "P001001": "281674", "POP100": "281674", "SUMLEV": "050", "STATE": "23", "CBSA": "38860", "race": [{"name": "White", "value": 261396}, {"name": "Black", "value": 6781}, {"name": "American Indian or Alaska", "value": 901}, {"name": "Asian", "value": 5769}, {"name": "Native Hawaiian", "value": 87}, {"name": "Other Race", "value": 1557}, {"name": "Two or More Races", "value": 5183}], "HU100.2000": "122600", "POP100.2000": "265612", "sex_by_age": [{"male": 7579.0, "name": "Under 5 years", "female": 7176.0}, {"male": 8397.0, "name": "5 to 9 years", "female": 7820.0}, {"male": 8751.0, "name": "10 to 14 years", "female": 8421.0}, {"male": 5515.0, "name": "15 to 17 years", "female": 5235.0}, {"male": 4015.0, "name": "18 and 19 years", "female": 3834.0}, {"male": 1760.0, "name": "20 years", "female": 1823.0}, {"male": 1795.0, "name": "21 years", "female": 1714.0}, {"male": 5211.0, "name": "22 to 24 years", "female": 5305.0}, {"male": 8814.0, "name": "25 to 29 years", "female": 8698.0}, {"male": 8307.0, "name": "30 to 34 years", "female": 8339.0}, {"male": 8949.0, "name": "35 to 39 years", "female": 9306.0}, {"male": 10102.0, "name": "40 to 44 years", "female": 10549.0}, {"male": 11405.0, "name": "45 to 49 years", "female": 11829.0}, {"male": 11026.0, "name": "50 to 54 years", "female": 11835.0}, {"male": 9877.0, "name": "55 to 59 years", "female": 10802.0}, {"male": 3541.0, "name": "60 to 61 years", "female": 3857.0}, {"male": 4922.0, "name": "62 to 64 years", "female": 5008.0}, {"male": 2449.0, "name": "65 and 66 years", "female": 2775.0}, {"male": 3203.0, "name": "67 to 69 years", "female": 3601.0}, {"male": 3876.0, "name": "70 to 74 years", "female": 4681.0}, {"male": 3017.0, "name": "75 to 79 years", "female": 4143.0}, {"male": 2252.0, "name": "80 to 84 years", "female": 3724.0}, {"male": 1921.0, "name": "85 years and over", "female": 4515.0}], "age_by_sex": [{"name": "Male", "value": 39.600000000000001}, {"name": "Female", "value": 42.299999999999997}], "GEOID": "23005", "NECTA": ""}, "Sagadahoc County": {"CNECTA": "", "COUNTY": "023", "HU100": "18288", "NAME": "Sagadahoc County", "P001001.2000": "35214", "CSA": "438", "P001001": "35293", "POP100": "35293", "SUMLEV": "050", "STATE": "23", "CBSA": "38860", "race": [{"name": "White", "value": 33969}, {"name": "Black", "value": 254}, {"name": "American Indian or Alaska", "value": 127}, {"name": "Asian", "value": 269}, {"name": "Native Hawaiian", "value": 6}, {"name": "Other Race", "value": 95}, {"name": "Two or More Races", "value": 573}], "HU100.2000": "16489", "POP100.2000": "35214", "sex_by_age": [{"male": 989.0, "name": "Under 5 years", "female": 923.0}, {"male": 1044.0, "name": "5 to 9 years", "female": 989.0}, {"male": 1096.0, "name": "10 to 14 years", "female": 1018.0}, {"male": 653.0, "name": "15 to 17 years", "female": 710.0}, {"male": 365.0, "name": "18 and 19 years", "female": 320.0}, {"male": 159.0, "name": "20 years", "female": 142.0}, {"male": 133.0, "name": "21 years", "female": 139.0}, {"male": 512.0, "name": "22 to 24 years", "female": 521.0}, {"male": 882.0, "name": "25 to 29 years", "female": 940.0}, {"male": 862.0, "name": "30 to 34 years", "female": 942.0}, {"male": 1057.0, "name": "35 to 39 years", "female": 1159.0}, {"male": 1237.0, "name": "40 to 44 years", "female": 1264.0}, {"male": 1449.0, "name": "45 to 49 years", "female": 1593.0}, {"male": 1498.0, "name": "50 to 54 years", "female": 1609.0}, {"male": 1354.0, "name": "55 to 59 years", "female": 1498.0}, {"male": 518.0, "name": "60 to 61 years", "female": 511.0}, {"male": 677.0, "name": "62 to 64 years", "female": 742.0}, {"male": 426.0, "name": "65 and 66 years", "female": 435.0}, {"male": 536.0, "name": "67 to 69 years", "female": 576.0}, {"male": 662.0, "name": "70 to 74 years", "female": 706.0}, {"male": 458.0, "name": "75 to 79 years", "female": 526.0}, {"male": 273.0, "name": "80 to 84 years", "female": 410.0}, {"male": 248.0, "name": "85 years and over", "female": 532.0}], "age_by_sex": [{"name": "Male", "value": 43.100000000000001}, {"name": "Female", "value": 45.100000000000001}], "GEOID": "23023", "NECTA": ""}, "Lincoln County": {"CNECTA": "", "COUNTY": "015", "HU100": "23493", "NAME": "Lincoln County", "P001001.2000": "33616", "CSA": "999", "P001001": "34457", "POP100": "34457", "SUMLEV": "050", "STATE": "23", "CBSA": "99999", "race": [{"name": "White", "value": 33636}, {"name": "Black", "value": 109}, {"name": "American Indian or Alaska", "value": 114}, {"name": "Asian", "value": 186}, {"name": "Native Hawaiian", "value": 1}, {"name": "Other Race", "value": 39}, {"name": "Two or More Races", "value": 372}], "HU100.2000": "20849", "POP100.2000": "33616", "sex_by_age": [{"male": 830.0, "name": "Under 5 years", "female": 775.0}, {"male": 931.0, "name": "5 to 9 years", "female": 759.0}, {"male": 1000.0, "name": "10 to 14 years", "female": 916.0}, {"male": 684.0, "name": "15 to 17 years", "female": 573.0}, {"male": 357.0, "name": "18 and 19 years", "female": 282.0}, {"male": 154.0, "name": "20 years", "female": 123.0}, {"male": 124.0, "name": "21 years", "female": 116.0}, {"male": 464.0, "name": "22 to 24 years", "female": 449.0}, {"male": 752.0, "name": "25 to 29 years", "female": 741.0}, {"male": 762.0, "name": "30 to 34 years", "female": 802.0}, {"male": 951.0, "name": "35 to 39 years", "female": 965.0}, {"male": 1036.0, "name": "40 to 44 years", "female": 1073.0}, {"male": 1303.0, "name": "45 to 49 years", "female": 1311.0}, {"male": 1355.0, "name": "50 to 54 years", "female": 1557.0}, {"male": 1407.0, "name": "55 to 59 years", "female": 1552.0}, {"male": 537.0, "name": "60 to 61 years", "female": 615.0}, {"male": 892.0, "name": "62 to 64 years", "female": 916.0}, {"male": 502.0, "name": "65 and 66 years", "female": 565.0}, {"male": 663.0, "name": "67 to 69 years", "female": 702.0}, {"male": 766.0, "name": "70 to 74 years", "female": 824.0}, {"male": 636.0, "name": "75 to 79 years", "female": 694.0}, {"male": 441.0, "name": "80 to 84 years", "female": 569.0}, {"male": 352.0, "name": "85 years and over", "female": 679.0}], "age_by_sex": [{"name": "Male", "value": 46.600000000000001}, {"name": "Female", "value": 49.600000000000001}], "GEOID": "23015", "NECTA": ""}, "Washington County": {"CNECTA": "", "COUNTY": "029", "HU100": "23001", "NAME": "Washington County", "P001001.2000": "33941", "CSA": "999", "P001001": "32856", "POP100": "32856", "SUMLEV": "050", "STATE": "23", "CBSA": "99999", "race": [{"name": "White", "value": 30257}, {"name": "Black", "value": 140}, {"name": "American Indian or Alaska", "value": 1603}, {"name": "Asian", "value": 149}, {"name": "Native Hawaiian", "value": 9}, {"name": "Other Race", "value": 140}, {"name": "Two or More Races", "value": 558}], "HU100.2000": "21919", "POP100.2000": "33941", "sex_by_age": [{"male": 862.0, "name": "Under 5 years", "female": 812.0}, {"male": 868.0, "name": "5 to 9 years", "female": 895.0}, {"male": 929.0, "name": "10 to 14 years", "female": 881.0}, {"male": 687.0, "name": "15 to 17 years", "female": 630.0}, {"male": 418.0, "name": "18 and 19 years", "female": 356.0}, {"male": 168.0, "name": "20 years", "female": 183.0}, {"male": 180.0, "name": "21 years", "female": 152.0}, {"male": 452.0, "name": "22 to 24 years", "female": 447.0}, {"male": 767.0, "name": "25 to 29 years", "female": 805.0}, {"male": 828.0, "name": "30 to 34 years", "female": 815.0}, {"male": 886.0, "name": "35 to 39 years", "female": 843.0}, {"male": 1002.0, "name": "40 to 44 years", "female": 1079.0}, {"male": 1237.0, "name": "45 to 49 years", "female": 1186.0}, {"male": 1368.0, "name": "50 to 54 years", "female": 1388.0}, {"male": 1321.0, "name": "55 to 59 years", "female": 1343.0}, {"male": 545.0, "name": "60 to 61 years", "female": 551.0}, {"male": 773.0, "name": "62 to 64 years", "female": 773.0}, {"male": 428.0, "name": "65 and 66 years", "female": 407.0}, {"male": 564.0, "name": "67 to 69 years", "female": 587.0}, {"male": 726.0, "name": "70 to 74 years", "female": 812.0}, {"male": 574.0, "name": "75 to 79 years", "female": 681.0}, {"male": 351.0, "name": "80 to 84 years", "female": 504.0}, {"male": 254.0, "name": "85 years and over", "female": 538.0}], "age_by_sex": [{"name": "Male", "value": 45.200000000000003}, {"name": "Female", "value": 47.0}], "GEOID": "23029", "NECTA": ""}, "York County": {"CNECTA": "", "COUNTY": "031", "HU100": "105773", "NAME": "York County", "P001001.2000": "186742", "CSA": "438", "P001001": "197131", "POP100": "197131", "SUMLEV": "050", "STATE": "23", "CBSA": "38860", "race": [{"name": "White", "value": 190044}, {"name": "Black", "value": 1108}, {"name": "American Indian or Alaska", "value": 603}, {"name": "Asian", "value": 2096}, {"name": "Native Hawaiian", "value": 37}, {"name": "Other Race", "value": 512}, {"name": "Two or More Races", "value": 2731}], "HU100.2000": "94234", "POP100.2000": "186742", "sex_by_age": [{"male": 5303.0, "name": "Under 5 years", "female": 5008.0}, {"male": 5853.0, "name": "5 to 9 years", "female": 5480.0}, {"male": 6267.0, "name": "10 to 14 years", "female": 6026.0}, {"male": 4137.0, "name": "15 to 17 years", "female": 4017.0}, {"male": 2318.0, "name": "18 and 19 years", "female": 2413.0}, {"male": 1074.0, "name": "20 years", "female": 1039.0}, {"male": 1042.0, "name": "21 years", "female": 1086.0}, {"male": 3256.0, "name": "22 to 24 years", "female": 3015.0}, {"male": 5085.0, "name": "25 to 29 years", "female": 5155.0}, {"male": 5240.0, "name": "30 to 34 years", "female": 5366.0}, {"male": 5943.0, "name": "35 to 39 years", "female": 6165.0}, {"male": 6931.0, "name": "40 to 44 years", "female": 7118.0}, {"male": 8293.0, "name": "45 to 49 years", "female": 8562.0}, {"male": 8282.0, "name": "50 to 54 years", "female": 8700.0}, {"male": 7373.0, "name": "55 to 59 years", "female": 8044.0}, {"male": 2817.0, "name": "60 to 61 years", "female": 2782.0}, {"male": 3650.0, "name": "62 to 64 years", "female": 3938.0}, {"male": 1945.0, "name": "65 and 66 years", "female": 2072.0}, {"male": 2509.0, "name": "67 to 69 years", "female": 2849.0}, {"male": 3202.0, "name": "70 to 74 years", "female": 3729.0}, {"male": 2414.0, "name": "75 to 79 years", "female": 3101.0}, {"male": 1776.0, "name": "80 to 84 years", "female": 2656.0}, {"male": 1366.0, "name": "85 years and over", "female": 2734.0}], "age_by_sex": [{"name": "Male", "value": 41.799999999999997}, {"name": "Female", "value": 44.100000000000001}], "GEOID": "23031", "NECTA": ""}, "Waldo County": {"CNECTA": "", "COUNTY": "027", "HU100": "21566", "NAME": "Waldo County", "P001001.2000": "36280", "CSA": "999", "P001001": "38786", "POP100": "38786", "SUMLEV": "050", "STATE": "23", "CBSA": "99999", "race": [{"name": "White", "value": 37673}, {"name": "Black", "value": 137}, {"name": "American Indian or Alaska", "value": 170}, {"name": "Asian", "value": 153}, {"name": "Native Hawaiian", "value": 14}, {"name": "Other Race", "value": 77}, {"name": "Two or More Races", "value": 562}], "HU100.2000": "18904", "POP100.2000": "36280", "sex_by_age": [{"male": 1045.0, "name": "Under 5 years", "female": 1027.0}, {"male": 1135.0, "name": "5 to 9 years", "female": 1050.0}, {"male": 1238.0, "name": "10 to 14 years", "female": 1106.0}, {"male": 792.0, "name": "15 to 17 years", "female": 754.0}, {"male": 476.0, "name": "18 and 19 years", "female": 473.0}, {"male": 225.0, "name": "20 years", "female": 232.0}, {"male": 236.0, "name": "21 years", "female": 184.0}, {"male": 565.0, "name": "22 to 24 years", "female": 531.0}, {"male": 923.0, "name": "25 to 29 years", "female": 975.0}, {"male": 1048.0, "name": "30 to 34 years", "female": 1089.0}, {"male": 1131.0, "name": "35 to 39 years", "female": 1148.0}, {"male": 1255.0, "name": "40 to 44 years", "female": 1235.0}, {"male": 1388.0, "name": "45 to 49 years", "female": 1561.0}, {"male": 1539.0, "name": "50 to 54 years", "female": 1740.0}, {"male": 1624.0, "name": "55 to 59 years", "female": 1675.0}, {"male": 623.0, "name": "60 to 61 years", "female": 677.0}, {"male": 882.0, "name": "62 to 64 years", "female": 924.0}, {"male": 466.0, "name": "65 and 66 years", "female": 456.0}, {"male": 600.0, "name": "67 to 69 years", "female": 608.0}, {"male": 707.0, "name": "70 to 74 years", "female": 754.0}, {"male": 513.0, "name": "75 to 79 years", "female": 612.0}, {"male": 341.0, "name": "80 to 84 years", "female": 454.0}, {"male": 251.0, "name": "85 years and over", "female": 518.0}], "age_by_sex": [{"name": "Male", "value": 42.899999999999999}, {"name": "Female", "value": 45.299999999999997}], "GEOID": "23027", "NECTA": ""}, "Penobscot County": {"CNECTA": "", "COUNTY": "019", "HU100": "73860", "NAME": "Penobscot County", "P001001.2000": "144919", "CSA": "999", "P001001": "153923", "POP100": "153923", "SUMLEV": "050", "STATE": "23", "CBSA": "12620", "race": [{"name": "White", "value": 146802}, {"name": "Black", "value": 1159}, {"name": "American Indian or Alaska", "value": 1809}, {"name": "Asian", "value": 1422}, {"name": "Native Hawaiian", "value": 44}, {"name": "Other Race", "value": 338}, {"name": "Two or More Races", "value": 2349}], "HU100.2000": "66847", "POP100.2000": "144919", "sex_by_age": [{"male": 4134.0, "name": "Under 5 years", "female": 3849.0}, {"male": 4263.0, "name": "5 to 9 years", "female": 4041.0}, {"male": 4331.0, "name": "10 to 14 years", "female": 4103.0}, {"male": 2892.0, "name": "15 to 17 years", "female": 2742.0}, {"male": 3268.0, "name": "18 and 19 years", "female": 3040.0}, {"male": 1790.0, "name": "20 years", "female": 1682.0}, {"male": 1719.0, "name": "21 years", "female": 1524.0}, {"male": 3858.0, "name": "22 to 24 years", "female": 3441.0}, {"male": 4761.0, "name": "25 to 29 years", "female": 4646.0}, {"male": 4100.0, "name": "30 to 34 years", "female": 4124.0}, {"male": 4350.0, "name": "35 to 39 years", "female": 4571.0}, {"male": 4889.0, "name": "40 to 44 years", "female": 5097.0}, {"male": 5725.0, "name": "45 to 49 years", "female": 6093.0}, {"male": 6053.0, "name": "50 to 54 years", "female": 6288.0}, {"male": 5427.0, "name": "55 to 59 years", "female": 5583.0}, {"male": 1958.0, "name": "60 to 61 years", "female": 2077.0}, {"male": 2619.0, "name": "62 to 64 years", "female": 2632.0}, {"male": 1335.0, "name": "65 and 66 years", "female": 1472.0}, {"male": 1850.0, "name": "67 to 69 years", "female": 1917.0}, {"male": 2337.0, "name": "70 to 74 years", "female": 2785.0}, {"male": 1904.0, "name": "75 to 79 years", "female": 2375.0}, {"male": 1335.0, "name": "80 to 84 years", "female": 2024.0}, {"male": 955.0, "name": "85 years and over", "female": 1964.0}], "age_by_sex": [{"name": "Male", "value": 38.399999999999999}, {"name": "Female", "value": 41.299999999999997}], "GEOID": "23019", "NECTA": ""}, "Franklin County": {"CNECTA": "", "COUNTY": "007", "HU100": "21709", "NAME": "Franklin County", "P001001.2000": "29467", "CSA": "999", "P001001": "30768", "POP100": "30768", "SUMLEV": "050", "STATE": "23", "CBSA": "99999", "race": [{"name": "White", "value": 29952}, {"name": "Black", "value": 71}, {"name": "American Indian or Alaska", "value": 116}, {"name": "Asian", "value": 132}, {"name": "Native Hawaiian", "value": 10}, {"name": "Other Race", "value": 50}, {"name": "Two or More Races", "value": 437}], "HU100.2000": "19159", "POP100.2000": "29467", "sex_by_age": [{"male": 795.0, "name": "Under 5 years", "female": 714.0}, {"male": 808.0, "name": "5 to 9 years", "female": 767.0}, {"male": 953.0, "name": "10 to 14 years", "female": 834.0}, {"male": 590.0, "name": "15 to 17 years", "female": 586.0}, {"male": 526.0, "name": "18 and 19 years", "female": 667.0}, {"male": 236.0, "name": "20 years", "female": 359.0}, {"male": 288.0, "name": "21 years", "female": 334.0}, {"male": 599.0, "name": "22 to 24 years", "female": 563.0}, {"male": 749.0, "name": "25 to 29 years", "female": 762.0}, {"male": 686.0, "name": "30 to 34 years", "female": 748.0}, {"male": 792.0, "name": "35 to 39 years", "female": 800.0}, {"male": 885.0, "name": "40 to 44 years", "female": 990.0}, {"male": 1187.0, "name": "45 to 49 years", "female": 1238.0}, {"male": 1308.0, "name": "50 to 54 years", "female": 1339.0}, {"male": 1188.0, "name": "55 to 59 years", "female": 1231.0}, {"male": 406.0, "name": "60 to 61 years", "female": 454.0}, {"male": 644.0, "name": "62 to 64 years", "female": 582.0}, {"male": 344.0, "name": "65 and 66 years", "female": 367.0}, {"male": 496.0, "name": "67 to 69 years", "female": 480.0}, {"male": 613.0, "name": "70 to 74 years", "female": 621.0}, {"male": 469.0, "name": "75 to 79 years", "female": 498.0}, {"male": 298.0, "name": "80 to 84 years", "female": 376.0}, {"male": 193.0, "name": "85 years and over", "female": 405.0}], "age_by_sex": [{"name": "Male", "value": 42.899999999999999}, {"name": "Female", "value": 43.799999999999997}], "GEOID": "23007", "NECTA": ""}, "Somerset County": {"CNECTA": "", "COUNTY": "025", "HU100": "30569", "NAME": "Somerset County", "P001001.2000": "50888", "CSA": "999", "P001001": "52228", "POP100": "52228", "SUMLEV": "050", "STATE": "23", "CBSA": "99999", "race": [{"name": "White", "value": 50733}, {"name": "Black", "value": 192}, {"name": "American Indian or Alaska", "value": 241}, {"name": "Asian", "value": 295}, {"name": "Native Hawaiian", "value": 13}, {"name": "Other Race", "value": 64}, {"name": "Two or More Races", "value": 690}], "HU100.2000": "28222", "POP100.2000": "50888", "sex_by_age": [{"male": 1427.0, "name": "Under 5 years", "female": 1297.0}, {"male": 1464.0, "name": "5 to 9 years", "female": 1516.0}, {"male": 1742.0, "name": "10 to 14 years", "female": 1588.0}, {"male": 1100.0, "name": "15 to 17 years", "female": 1042.0}, {"male": 658.0, "name": "18 and 19 years", "female": 532.0}, {"male": 257.0, "name": "20 years", "female": 245.0}, {"male": 236.0, "name": "21 years", "female": 255.0}, {"male": 729.0, "name": "22 to 24 years", "female": 720.0}, {"male": 1289.0, "name": "25 to 29 years", "female": 1319.0}, {"male": 1343.0, "name": "30 to 34 years", "female": 1429.0}, {"male": 1635.0, "name": "35 to 39 years", "female": 1615.0}, {"male": 1895.0, "name": "40 to 44 years", "female": 1896.0}, {"male": 2089.0, "name": "45 to 49 years", "female": 2134.0}, {"male": 2228.0, "name": "50 to 54 years", "female": 2228.0}, {"male": 2032.0, "name": "55 to 59 years", "female": 2054.0}, {"male": 780.0, "name": "60 to 61 years", "female": 752.0}, {"male": 1090.0, "name": "62 to 64 years", "female": 1075.0}, {"male": 581.0, "name": "65 and 66 years", "female": 576.0}, {"male": 806.0, "name": "67 to 69 years", "female": 822.0}, {"male": 967.0, "name": "70 to 74 years", "female": 1048.0}, {"male": 749.0, "name": "75 to 79 years", "female": 826.0}, {"male": 446.0, "name": "80 to 84 years", "female": 714.0}, {"male": 347.0, "name": "85 years and over", "female": 655.0}], "age_by_sex": [{"name": "Male", "value": 42.899999999999999}, {"name": "Female", "value": 44.299999999999997}], "GEOID": "23025", "NECTA": ""}, "Oxford County": {"CNECTA": "", "COUNTY": "017", "HU100": "36055", "NAME": "Oxford County", "P001001.2000": "54755", "CSA": "999", "P001001": "57833", "POP100": "57833", "SUMLEV": "050", "STATE": "23", "CBSA": "99999", "race": [{"name": "White", "value": 55990}, {"name": "Black", "value": 212}, {"name": "American Indian or Alaska", "value": 211}, {"name": "Asian", "value": 359}, {"name": "Native Hawaiian", "value": 14}, {"name": "Other Race", "value": 157}, {"name": "Two or More Races", "value": 890}], "HU100.2000": "32295", "POP100.2000": "54755", "sex_by_age": [{"male": 1556.0, "name": "Under 5 years", "female": 1411.0}, {"male": 1649.0, "name": "5 to 9 years", "female": 1518.0}, {"male": 1835.0, "name": "10 to 14 years", "female": 1765.0}, {"male": 1357.0, "name": "15 to 17 years", "female": 1226.0}, {"male": 780.0, "name": "18 and 19 years", "female": 625.0}, {"male": 332.0, "name": "20 years", "female": 265.0}, {"male": 247.0, "name": "21 years", "female": 283.0}, {"male": 810.0, "name": "22 to 24 years", "female": 755.0}, {"male": 1334.0, "name": "25 to 29 years", "female": 1459.0}, {"male": 1509.0, "name": "30 to 34 years", "female": 1485.0}, {"male": 1546.0, "name": "35 to 39 years", "female": 1656.0}, {"male": 1895.0, "name": "40 to 44 years", "female": 1977.0}, {"male": 2464.0, "name": "45 to 49 years", "female": 2470.0}, {"male": 2469.0, "name": "50 to 54 years", "female": 2663.0}, {"male": 2364.0, "name": "55 to 59 years", "female": 2295.0}, {"male": 874.0, "name": "60 to 61 years", "female": 817.0}, {"male": 1199.0, "name": "62 to 64 years", "female": 1100.0}, {"male": 644.0, "name": "65 and 66 years", "female": 626.0}, {"male": 869.0, "name": "67 to 69 years", "female": 899.0}, {"male": 1077.0, "name": "70 to 74 years", "female": 1191.0}, {"male": 884.0, "name": "75 to 79 years", "female": 1019.0}, {"male": 562.0, "name": "80 to 84 years", "female": 792.0}, {"male": 436.0, "name": "85 years and over", "female": 844.0}], "age_by_sex": [{"name": "Male", "value": 43.700000000000003}, {"name": "Female", "value": 45.299999999999997}], "GEOID": "23017", "NECTA": ""}, "Knox County": {"CNECTA": "", "COUNTY": "013", "HU100": "23744", "NAME": "Knox County", "P001001.2000": "39618", "CSA": "999", "P001001": "39736", "POP100": "39736", "SUMLEV": "050", "STATE": "23", "CBSA": "40500", "race": [{"name": "White", "value": 38579}, {"name": "Black", "value": 197}, {"name": "American Indian or Alaska", "value": 141}, {"name": "Asian", "value": 184}, {"name": "Native Hawaiian", "value": 5}, {"name": "Other Race", "value": 77}, {"name": "Two or More Races", "value": 553}], "HU100.2000": "21612", "POP100.2000": "39618", "sex_by_age": [{"male": 1005.0, "name": "Under 5 years", "female": 916.0}, {"male": 1106.0, "name": "5 to 9 years", "female": 991.0}, {"male": 1133.0, "name": "10 to 14 years", "female": 1164.0}, {"male": 730.0, "name": "15 to 17 years", "female": 665.0}, {"male": 384.0, "name": "18 and 19 years", "female": 356.0}, {"male": 155.0, "name": "20 years", "female": 150.0}, {"male": 159.0, "name": "21 years", "female": 127.0}, {"male": 617.0, "name": "22 to 24 years", "female": 555.0}, {"male": 1041.0, "name": "25 to 29 years", "female": 917.0}, {"male": 1103.0, "name": "30 to 34 years", "female": 964.0}, {"male": 1251.0, "name": "35 to 39 years", "female": 1124.0}, {"male": 1300.0, "name": "40 to 44 years", "female": 1274.0}, {"male": 1520.0, "name": "45 to 49 years", "female": 1513.0}, {"male": 1625.0, "name": "50 to 54 years", "female": 1763.0}, {"male": 1637.0, "name": "55 to 59 years", "female": 1772.0}, {"male": 633.0, "name": "60 to 61 years", "female": 656.0}, {"male": 914.0, "name": "62 to 64 years", "female": 922.0}, {"male": 493.0, "name": "65 and 66 years", "female": 490.0}, {"male": 627.0, "name": "67 to 69 years", "female": 683.0}, {"male": 761.0, "name": "70 to 74 years", "female": 929.0}, {"male": 579.0, "name": "75 to 79 years", "female": 717.0}, {"male": 494.0, "name": "80 to 84 years", "female": 675.0}, {"male": 396.0, "name": "85 years and over", "female": 750.0}], "age_by_sex": [{"name": "Male", "value": 44.5}, {"name": "Female", "value": 47.899999999999999}], "GEOID": "23013", "NECTA": ""}, "Piscataquis County": {"CNECTA": "", "COUNTY": "021", "HU100": "15340", "NAME": "Piscataquis County", "P001001.2000": "17235", "CSA": "999", "P001001": "17535", "POP100": "17535", "SUMLEV": "050", "STATE": "23", "CBSA": "99999", "race": [{"name": "White", "value": 17000}, {"name": "Black", "value": 53}, {"name": "American Indian or Alaska", "value": 92}, {"name": "Asian", "value": 129}, {"name": "Native Hawaiian", "value": 7}, {"name": "Other Race", "value": 46}, {"name": "Two or More Races", "value": 208}], "HU100.2000": "13783", "POP100.2000": "17235", "sex_by_age": [{"male": 395.0, "name": "Under 5 years", "female": 372.0}, {"male": 444.0, "name": "5 to 9 years", "female": 458.0}, {"male": 520.0, "name": "10 to 14 years", "female": 482.0}, {"male": 357.0, "name": "15 to 17 years", "female": 337.0}, {"male": 218.0, "name": "18 and 19 years", "female": 154.0}, {"male": 64.0, "name": "20 years", "female": 80.0}, {"male": 54.0, "name": "21 years", "female": 77.0}, {"male": 169.0, "name": "22 to 24 years", "female": 206.0}, {"male": 351.0, "name": "25 to 29 years", "female": 358.0}, {"male": 378.0, "name": "30 to 34 years", "female": 377.0}, {"male": 494.0, "name": "35 to 39 years", "female": 487.0}, {"male": 533.0, "name": "40 to 44 years", "female": 620.0}, {"male": 689.0, "name": "45 to 49 years", "female": 680.0}, {"male": 772.0, "name": "50 to 54 years", "female": 810.0}, {"male": 769.0, "name": "55 to 59 years", "female": 774.0}, {"male": 330.0, "name": "60 to 61 years", "female": 273.0}, {"male": 454.0, "name": "62 to 64 years", "female": 435.0}, {"male": 287.0, "name": "65 and 66 years", "female": 255.0}, {"male": 341.0, "name": "67 to 69 years", "female": 293.0}, {"male": 418.0, "name": "70 to 74 years", "female": 427.0}, {"male": 285.0, "name": "75 to 79 years", "female": 317.0}, {"male": 213.0, "name": "80 to 84 years", "female": 265.0}, {"male": 159.0, "name": "85 years and over", "female": 304.0}], "age_by_sex": [{"name": "Male", "value": 48.0}, {"name": "Female", "value": 48.299999999999997}], "GEOID": "23021", "NECTA": ""}, "Aroostook County": {"CNECTA": "", "COUNTY": "003", "HU100": "39529", "NAME": "Aroostook County", "P001001.2000": "73938", "CSA": "999", "P001001": "71870", "POP100": "71870", "SUMLEV": "050", "STATE": "23", "CBSA": "99999", "race": [{"name": "White", "value": 68759}, {"name": "Black", "value": 455}, {"name": "American Indian or Alaska", "value": 1225}, {"name": "Asian", "value": 312}, {"name": "Native Hawaiian", "value": 11}, {"name": "Other Race", "value": 130}, {"name": "Two or More Races", "value": 978}], "HU100.2000": "38719", "POP100.2000": "73938", "sex_by_age": [{"male": 1810.0, "name": "Under 5 years", "female": 1687.0}, {"male": 1945.0, "name": "5 to 9 years", "female": 1833.0}, {"male": 2113.0, "name": "10 to 14 years", "female": 2090.0}, {"male": 1499.0, "name": "15 to 17 years", "female": 1407.0}, {"male": 985.0, "name": "18 and 19 years", "female": 910.0}, {"male": 437.0, "name": "20 years", "female": 396.0}, {"male": 417.0, "name": "21 years", "female": 380.0}, {"male": 1143.0, "name": "22 to 24 years", "female": 1053.0}, {"male": 1700.0, "name": "25 to 29 years", "female": 1691.0}, {"male": 1756.0, "name": "30 to 34 years", "female": 1762.0}, {"male": 1884.0, "name": "35 to 39 years", "female": 2036.0}, {"male": 2376.0, "name": "40 to 44 years", "female": 2323.0}, {"male": 2821.0, "name": "45 to 49 years", "female": 2821.0}, {"male": 3003.0, "name": "50 to 54 years", "female": 2914.0}, {"male": 2848.0, "name": "55 to 59 years", "female": 2979.0}, {"male": 1104.0, "name": "60 to 61 years", "female": 1093.0}, {"male": 1544.0, "name": "62 to 64 years", "female": 1459.0}, {"male": 913.0, "name": "65 and 66 years", "female": 868.0}, {"male": 1055.0, "name": "67 to 69 years", "female": 1191.0}, {"male": 1497.0, "name": "70 to 74 years", "female": 1693.0}, {"male": 1183.0, "name": "75 to 79 years", "female": 1452.0}, {"male": 843.0, "name": "80 to 84 years", "female": 1244.0}, {"male": 511.0, "name": "85 years and over", "female": 1201.0}], "age_by_sex": [{"name": "Male", "value": 44.299999999999997}, {"name": "Female", "value": 46.200000000000003}], "GEOID": "23003", "NECTA": ""}}