{"Caledonia County": {"CNECTA": "", "COUNTY": "005", "HU100": "15942", "NAME": "Caledonia County", "P001001.2000": "29702", "CSA": "999", "P001001": "31227", "POP100": "31227", "SUMLEV": "050", "STATE": "50", "CBSA": "99999", "race": [{"name": "White", "value": 30138}, {"name": "Black", "value": 167}, {"name": "American Indian or Alaska", "value": 138}, {"name": "Asian", "value": 251}, {"name": "Native Hawaiian", "value": 1}, {"name": "Other Race", "value": 92}, {"name": "Two or More Races", "value": 440}], "HU100.2000": "14504", "POP100.2000": "29702", "sex_by_age": [{"male": 918.0, "name": "Under 5 years", "female": 809.0}, {"male": 935.0, "name": "5 to 9 years", "female": 908.0}, {"male": 984.0, "name": "10 to 14 years", "female": 910.0}, {"male": 672.0, "name": "15 to 17 years", "female": 657.0}, {"male": 601.0, "name": "18 and 19 years", "female": 474.0}, {"male": 263.0, "name": "20 years", "female": 217.0}, {"male": 226.0, "name": "21 years", "female": 197.0}, {"male": 543.0, "name": "22 to 24 years", "female": 511.0}, {"male": 831.0, "name": "25 to 29 years", "female": 757.0}, {"male": 821.0, "name": "30 to 34 years", "female": 806.0}, {"male": 886.0, "name": "35 to 39 years", "female": 924.0}, {"male": 948.0, "name": "40 to 44 years", "female": 927.0}, {"male": 1143.0, "name": "45 to 49 years", "female": 1247.0}, {"male": 1192.0, "name": "50 to 54 years", "female": 1309.0}, {"male": 1300.0, "name": "55 to 59 years", "female": 1354.0}, {"male": 429.0, "name": "60 to 61 years", "female": 476.0}, {"male": 656.0, "name": "62 to 64 years", "female": 603.0}, {"male": 343.0, "name": "65 and 66 years", "female": 309.0}, {"male": 430.0, "name": "67 to 69 years", "female": 422.0}, {"male": 500.0, "name": "70 to 74 years", "female": 539.0}, {"male": 365.0, "name": "75 to 79 years", "female": 464.0}, {"male": 289.0, "name": "80 to 84 years", "female": 435.0}, {"male": 234.0, "name": "85 years and over", "female": 463.0}], "age_by_sex": [{"name": "Male", "value": 40.399999999999999}, {"name": "Female", "value": 43.899999999999999}], "GEOID": "50005", "NECTA": ""}, "Orleans County": {"CNECTA": "", "COUNTY": "019", "HU100": "16162", "NAME": "Orleans County", "P001001.2000": "26277", "CSA": "999", "P001001": "27231", "POP100": "27231", "SUMLEV": "050", "STATE": "50", "CBSA": "99999", "race": [{"name": "White", "value": 26310}, {"name": "Black", "value": 162}, {"name": "American Indian or Alaska", "value": 123}, {"name": "Asian", "value": 93}, {"name": "Native Hawaiian", "value": 9}, {"name": "Other Race", "value": 89}, {"name": "Two or More Races", "value": 445}], "HU100.2000": "14673", "POP100.2000": "26277", "sex_by_age": [{"male": 689.0, "name": "Under 5 years", "female": 724.0}, {"male": 792.0, "name": "5 to 9 years", "female": 784.0}, {"male": 869.0, "name": "10 to 14 years", "female": 845.0}, {"male": 559.0, "name": "15 to 17 years", "female": 534.0}, {"male": 310.0, "name": "18 and 19 years", "female": 274.0}, {"male": 157.0, "name": "20 years", "female": 125.0}, {"male": 134.0, "name": "21 years", "female": 126.0}, {"male": 472.0, "name": "22 to 24 years", "female": 371.0}, {"male": 765.0, "name": "25 to 29 years", "female": 690.0}, {"male": 751.0, "name": "30 to 34 years", "female": 744.0}, {"male": 835.0, "name": "35 to 39 years", "female": 763.0}, {"male": 900.0, "name": "40 to 44 years", "female": 847.0}, {"male": 1053.0, "name": "45 to 49 years", "female": 1009.0}, {"male": 1076.0, "name": "50 to 54 years", "female": 1052.0}, {"male": 1059.0, "name": "55 to 59 years", "female": 1124.0}, {"male": 372.0, "name": "60 to 61 years", "female": 431.0}, {"male": 617.0, "name": "62 to 64 years", "female": 554.0}, {"male": 331.0, "name": "65 and 66 years", "female": 345.0}, {"male": 472.0, "name": "67 to 69 years", "female": 447.0}, {"male": 529.0, "name": "70 to 74 years", "female": 541.0}, {"male": 344.0, "name": "75 to 79 years", "female": 436.0}, {"male": 289.0, "name": "80 to 84 years", "female": 384.0}, {"male": 236.0, "name": "85 years and over", "female": 470.0}], "age_by_sex": [{"name": "Male", "value": 42.700000000000003}, {"name": "Female", "value": 44.899999999999999}], "GEOID": "50019", "NECTA": ""}, "Essex County": {"CNECTA": "", "COUNTY": "009", "HU100": "5019", "NAME": "Essex County", "P001001.2000": "6459", "CSA": "999", "P001001": "6306", "POP100": "6306", "SUMLEV": "050", "STATE": "50", "CBSA": "13620", "race": [{"name": "White", "value": 6138}, {"name": "Black", "value": 18}, {"name": "American Indian or Alaska", "value": 36}, {"name": "Asian", "value": 22}, {"name": "Native Hawaiian", "value": 0}, {"name": "Other Race", "value": 9}, {"name": "Two or More Races", "value": 83}], "HU100.2000": "4762", "POP100.2000": "6459", "sex_by_age": [{"male": 132.0, "name": "Under 5 years", "female": 122.0}, {"male": 154.0, "name": "5 to 9 years", "female": 152.0}, {"male": 202.0, "name": "10 to 14 years", "female": 178.0}, {"male": 121.0, "name": "15 to 17 years", "female": 136.0}, {"male": 54.0, "name": "18 and 19 years", "female": 67.0}, {"male": 43.0, "name": "20 years", "female": 29.0}, {"male": 22.0, "name": "21 years", "female": 25.0}, {"male": 76.0, "name": "22 to 24 years", "female": 83.0}, {"male": 127.0, "name": "25 to 29 years", "female": 131.0}, {"male": 132.0, "name": "30 to 34 years", "female": 135.0}, {"male": 182.0, "name": "35 to 39 years", "female": 170.0}, {"male": 215.0, "name": "40 to 44 years", "female": 222.0}, {"male": 262.0, "name": "45 to 49 years", "female": 253.0}, {"male": 285.0, "name": "50 to 54 years", "female": 297.0}, {"male": 317.0, "name": "55 to 59 years", "female": 240.0}, {"male": 105.0, "name": "60 to 61 years", "female": 114.0}, {"male": 162.0, "name": "62 to 64 years", "female": 141.0}, {"male": 98.0, "name": "65 and 66 years", "female": 87.0}, {"male": 128.0, "name": "67 to 69 years", "female": 108.0}, {"male": 148.0, "name": "70 to 74 years", "female": 133.0}, {"male": 112.0, "name": "75 to 79 years", "female": 130.0}, {"male": 68.0, "name": "80 to 84 years", "female": 93.0}, {"male": 43.0, "name": "85 years and over", "female": 72.0}], "age_by_sex": [{"name": "Male", "value": 47.600000000000001}, {"name": "Female", "value": 47.0}], "GEOID": "50009", "NECTA": ""}, "Lamoille County": {"CNECTA": "", "COUNTY": "015", "HU100": "12969", "NAME": "Lamoille County", "P001001.2000": "23233", "CSA": "999", "P001001": "24475", "POP100": "24475", "SUMLEV": "050", "STATE": "50", "CBSA": "99999", "race": [{"name": "White", "value": 23656}, {"name": "Black", "value": 149}, {"name": "American Indian or Alaska", "value": 94}, {"name": "Asian", "value": 125}, {"name": "Native Hawaiian", "value": 4}, {"name": "Other Race", "value": 83}, {"name": "Two or More Races", "value": 364}], "HU100.2000": "11009", "POP100.2000": "23233", "sex_by_age": [{"male": 694.0, "name": "Under 5 years", "female": 801.0}, {"male": 758.0, "name": "5 to 9 years", "female": 709.0}, {"male": 816.0, "name": "10 to 14 years", "female": 693.0}, {"male": 518.0, "name": "15 to 17 years", "female": 478.0}, {"male": 388.0, "name": "18 and 19 years", "female": 389.0}, {"male": 187.0, "name": "20 years", "female": 199.0}, {"male": 165.0, "name": "21 years", "female": 134.0}, {"male": 460.0, "name": "22 to 24 years", "female": 427.0}, {"male": 690.0, "name": "25 to 29 years", "female": 661.0}, {"male": 754.0, "name": "30 to 34 years", "female": 796.0}, {"male": 842.0, "name": "35 to 39 years", "female": 778.0}, {"male": 849.0, "name": "40 to 44 years", "female": 820.0}, {"male": 962.0, "name": "45 to 49 years", "female": 989.0}, {"male": 989.0, "name": "50 to 54 years", "female": 1024.0}, {"male": 857.0, "name": "55 to 59 years", "female": 886.0}, {"male": 345.0, "name": "60 to 61 years", "female": 306.0}, {"male": 449.0, "name": "62 to 64 years", "female": 398.0}, {"male": 247.0, "name": "65 and 66 years", "female": 237.0}, {"male": 307.0, "name": "67 to 69 years", "female": 319.0}, {"male": 372.0, "name": "70 to 74 years", "female": 391.0}, {"male": 279.0, "name": "75 to 79 years", "female": 287.0}, {"male": 192.0, "name": "80 to 84 years", "female": 237.0}, {"male": 124.0, "name": "85 years and over", "female": 272.0}], "age_by_sex": [{"name": "Male", "value": 39.200000000000003}, {"name": "Female", "value": 40.299999999999997}], "GEOID": "50015", "NECTA": ""}, "Franklin County": {"CNECTA": "", "COUNTY": "011", "HU100": "21588", "NAME": "Franklin County", "P001001.2000": "45417", "CSA": "999", "P001001": "47746", "POP100": "47746", "SUMLEV": "050", "STATE": "50", "CBSA": "15540", "race": [{"name": "White", "value": 45648}, {"name": "Black", "value": 213}, {"name": "American Indian or Alaska", "value": 500}, {"name": "Asian", "value": 231}, {"name": "Native Hawaiian", "value": 14}, {"name": "Other Race", "value": 125}, {"name": "Two or More Races", "value": 1015}], "HU100.2000": "19191", "POP100.2000": "45417", "sex_by_age": [{"male": 1581.0, "name": "Under 5 years", "female": 1426.0}, {"male": 1570.0, "name": "5 to 9 years", "female": 1559.0}, {"male": 1795.0, "name": "10 to 14 years", "female": 1700.0}, {"male": 1127.0, "name": "15 to 17 years", "female": 1049.0}, {"male": 576.0, "name": "18 and 19 years", "female": 473.0}, {"male": 252.0, "name": "20 years", "female": 227.0}, {"male": 251.0, "name": "21 years", "female": 238.0}, {"male": 695.0, "name": "22 to 24 years", "female": 692.0}, {"male": 1365.0, "name": "25 to 29 years", "female": 1405.0}, {"male": 1409.0, "name": "30 to 34 years", "female": 1535.0}, {"male": 1620.0, "name": "35 to 39 years", "female": 1651.0}, {"male": 1756.0, "name": "40 to 44 years", "female": 1849.0}, {"male": 2023.0, "name": "45 to 49 years", "female": 2046.0}, {"male": 1968.0, "name": "50 to 54 years", "female": 1978.0}, {"male": 1684.0, "name": "55 to 59 years", "female": 1745.0}, {"male": 579.0, "name": "60 to 61 years", "female": 551.0}, {"male": 828.0, "name": "62 to 64 years", "female": 735.0}, {"male": 415.0, "name": "65 and 66 years", "female": 447.0}, {"male": 540.0, "name": "67 to 69 years", "female": 538.0}, {"male": 626.0, "name": "70 to 74 years", "female": 646.0}, {"male": 453.0, "name": "75 to 79 years", "female": 598.0}, {"male": 340.0, "name": "80 to 84 years", "female": 485.0}, {"male": 235.0, "name": "85 years and over", "female": 485.0}], "age_by_sex": [{"name": "Male", "value": 38.899999999999999}, {"name": "Female", "value": 40.200000000000003}], "GEOID": "50011", "NECTA": ""}, "Washington County": {"CNECTA": "", "COUNTY": "023", "HU100": "29941", "NAME": "Washington County", "P001001.2000": "58039", "CSA": "999", "P001001": "59534", "POP100": "59534", "SUMLEV": "050", "STATE": "50", "CBSA": "12740", "race": [{"name": "White", "value": 57192}, {"name": "Black", "value": 441}, {"name": "American Indian or Alaska", "value": 151}, {"name": "Asian", "value": 502}, {"name": "Native Hawaiian", "value": 11}, {"name": "Other Race", "value": 185}, {"name": "Two or More Races", "value": 1052}], "HU100.2000": "27644", "POP100.2000": "58039", "sex_by_age": [{"male": 1526.0, "name": "Under 5 years", "female": 1561.0}, {"male": 1705.0, "name": "5 to 9 years", "female": 1661.0}, {"male": 1812.0, "name": "10 to 14 years", "female": 1730.0}, {"male": 1197.0, "name": "15 to 17 years", "female": 1128.0}, {"male": 1174.0, "name": "18 and 19 years", "female": 647.0}, {"male": 513.0, "name": "20 years", "female": 355.0}, {"male": 472.0, "name": "21 years", "female": 279.0}, {"male": 1087.0, "name": "22 to 24 years", "female": 891.0}, {"male": 1481.0, "name": "25 to 29 years", "female": 1604.0}, {"male": 1612.0, "name": "30 to 34 years", "female": 1730.0}, {"male": 1802.0, "name": "35 to 39 years", "female": 1888.0}, {"male": 2067.0, "name": "40 to 44 years", "female": 2144.0}, {"male": 2353.0, "name": "45 to 49 years", "female": 2407.0}, {"male": 2453.0, "name": "50 to 54 years", "female": 2643.0}, {"male": 2332.0, "name": "55 to 59 years", "female": 2478.0}, {"male": 961.0, "name": "60 to 61 years", "female": 925.0}, {"male": 1141.0, "name": "62 to 64 years", "female": 1158.0}, {"male": 552.0, "name": "65 and 66 years", "female": 568.0}, {"male": 730.0, "name": "67 to 69 years", "female": 804.0}, {"male": 933.0, "name": "70 to 74 years", "female": 1019.0}, {"male": 664.0, "name": "75 to 79 years", "female": 890.0}, {"male": 478.0, "name": "80 to 84 years", "female": 682.0}, {"male": 367.0, "name": "85 years and over", "female": 930.0}], "age_by_sex": [{"name": "Male", "value": 40.700000000000003}, {"name": "Female", "value": 43.799999999999997}], "GEOID": "50023", "NECTA": ""}, "Addison County": {"CNECTA": "", "COUNTY": "001", "HU100": "16760", "NAME": "Addison County", "P001001.2000": "35974", "CSA": "999", "P001001": "36821", "POP100": "36821", "SUMLEV": "050", "STATE": "50", "CBSA": "99999", "race": [{"name": "White", "value": 35078}, {"name": "Black", "value": 283}, {"name": "American Indian or Alaska", "value": 88}, {"name": "Asian", "value": 532}, {"name": "Native Hawaiian", "value": 6}, {"name": "Other Race", "value": 202}, {"name": "Two or More Races", "value": 632}], "HU100.2000": "15312", "POP100.2000": "35974", "sex_by_age": [{"male": 956.0, "name": "Under 5 years", "female": 816.0}, {"male": 1007.0, "name": "5 to 9 years", "female": 916.0}, {"male": 1151.0, "name": "10 to 14 years", "female": 1095.0}, {"male": 806.0, "name": "15 to 17 years", "female": 755.0}, {"male": 847.0, "name": "18 and 19 years", "female": 878.0}, {"male": 479.0, "name": "20 years", "female": 375.0}, {"male": 398.0, "name": "21 years", "female": 406.0}, {"male": 778.0, "name": "22 to 24 years", "female": 633.0}, {"male": 818.0, "name": "25 to 29 years", "female": 806.0}, {"male": 889.0, "name": "30 to 34 years", "female": 889.0}, {"male": 994.0, "name": "35 to 39 years", "female": 1057.0}, {"male": 1197.0, "name": "40 to 44 years", "female": 1311.0}, {"male": 1517.0, "name": "45 to 49 years", "female": 1451.0}, {"male": 1507.0, "name": "50 to 54 years", "female": 1550.0}, {"male": 1444.0, "name": "55 to 59 years", "female": 1488.0}, {"male": 544.0, "name": "60 to 61 years", "female": 544.0}, {"male": 696.0, "name": "62 to 64 years", "female": 721.0}, {"male": 428.0, "name": "65 and 66 years", "female": 327.0}, {"male": 444.0, "name": "67 to 69 years", "female": 504.0}, {"male": 539.0, "name": "70 to 74 years", "female": 584.0}, {"male": 395.0, "name": "75 to 79 years", "female": 454.0}, {"male": 280.0, "name": "80 to 84 years", "female": 424.0}, {"male": 250.0, "name": "85 years and over", "female": 473.0}], "age_by_sex": [{"name": "Male", "value": 40.200000000000003}, {"name": "Female", "value": 42.299999999999997}], "GEOID": "50001", "NECTA": ""}, "Bennington County": {"CNECTA": "", "COUNTY": "003", "HU100": "20922", "NAME": "Bennington County", "P001001.2000": "36994", "CSA": "999", "P001001": "37125", "POP100": "37125", "SUMLEV": "050", "STATE": "50", "CBSA": "13540", "race": [{"name": "White", "value": 35858}, {"name": "Black", "value": 308}, {"name": "American Indian or Alaska", "value": 94}, {"name": "Asian", "value": 269}, {"name": "Native Hawaiian", "value": 16}, {"name": "Other Race", "value": 113}, {"name": "Two or More Races", "value": 467}], "HU100.2000": "19403", "POP100.2000": "36994", "sex_by_age": [{"male": 995.0, "name": "Under 5 years", "female": 882.0}, {"male": 1067.0, "name": "5 to 9 years", "female": 923.0}, {"male": 1072.0, "name": "10 to 14 years", "female": 1075.0}, {"male": 818.0, "name": "15 to 17 years", "female": 771.0}, {"male": 525.0, "name": "18 and 19 years", "female": 564.0}, {"male": 219.0, "name": "20 years", "female": 311.0}, {"male": 215.0, "name": "21 years", "female": 250.0}, {"male": 562.0, "name": "22 to 24 years", "female": 576.0}, {"male": 861.0, "name": "25 to 29 years", "female": 890.0}, {"male": 799.0, "name": "30 to 34 years", "female": 842.0}, {"male": 932.0, "name": "35 to 39 years", "female": 940.0}, {"male": 1166.0, "name": "40 to 44 years", "female": 1244.0}, {"male": 1415.0, "name": "45 to 49 years", "female": 1527.0}, {"male": 1514.0, "name": "50 to 54 years", "female": 1585.0}, {"male": 1387.0, "name": "55 to 59 years", "female": 1535.0}, {"male": 575.0, "name": "60 to 61 years", "female": 549.0}, {"male": 759.0, "name": "62 to 64 years", "female": 785.0}, {"male": 408.0, "name": "65 and 66 years", "female": 477.0}, {"male": 558.0, "name": "67 to 69 years", "female": 622.0}, {"male": 706.0, "name": "70 to 74 years", "female": 791.0}, {"male": 576.0, "name": "75 to 79 years", "female": 717.0}, {"male": 443.0, "name": "80 to 84 years", "female": 632.0}, {"male": 382.0, "name": "85 years and over", "female": 683.0}], "age_by_sex": [{"name": "Male", "value": 44.0}, {"name": "Female", "value": 46.100000000000001}], "GEOID": "50003", "NECTA": ""}, "Chittenden County": {"CNECTA": "", "COUNTY": "007", "HU100": "65722", "NAME": "Chittenden County", "P001001.2000": "146571", "CSA": "999", "P001001": "156545", "POP100": "156545", "SUMLEV": "050", "STATE": "50", "CBSA": "15540", "race": [{"name": "White", "value": 144752}, {"name": "Black", "value": 3319}, {"name": "American Indian or Alaska", "value": 414}, {"name": "Asian", "value": 4399}, {"name": "Native Hawaiian", "value": 48}, {"name": "Other Race", "value": 605}, {"name": "Two or More Races", "value": 3008}], "HU100.2000": "58864", "POP100.2000": "146571", "sex_by_age": [{"male": 4052.0, "name": "Under 5 years", "female": 3825.0}, {"male": 4380.0, "name": "5 to 9 years", "female": 4099.0}, {"male": 4586.0, "name": "10 to 14 years", "female": 4372.0}, {"male": 3069.0, "name": "15 to 17 years", "female": 2930.0}, {"male": 3693.0, "name": "18 and 19 years", "female": 4022.0}, {"male": 1992.0, "name": "20 years", "female": 2076.0}, {"male": 1976.0, "name": "21 years", "female": 1998.0}, {"male": 4234.0, "name": "22 to 24 years", "female": 4186.0}, {"male": 5482.0, "name": "25 to 29 years", "female": 5579.0}, {"male": 4749.0, "name": "30 to 34 years", "female": 4802.0}, {"male": 4616.0, "name": "35 to 39 years", "female": 4675.0}, {"male": 5146.0, "name": "40 to 44 years", "female": 5462.0}, {"male": 5826.0, "name": "45 to 49 years", "female": 6130.0}, {"male": 6080.0, "name": "50 to 54 years", "female": 6260.0}, {"male": 5044.0, "name": "55 to 59 years", "female": 5299.0}, {"male": 1731.0, "name": "60 to 61 years", "female": 1799.0}, {"male": 2281.0, "name": "62 to 64 years", "female": 2409.0}, {"male": 1197.0, "name": "65 and 66 years", "female": 1295.0}, {"male": 1444.0, "name": "67 to 69 years", "female": 1673.0}, {"male": 1703.0, "name": "70 to 74 years", "female": 2120.0}, {"male": 1316.0, "name": "75 to 79 years", "female": 1783.0}, {"male": 941.0, "name": "80 to 84 years", "female": 1622.0}, {"male": 771.0, "name": "85 years and over", "female": 1820.0}], "age_by_sex": [{"name": "Male", "value": 34.899999999999999}, {"name": "Female", "value": 37.5}], "GEOID": "50007", "NECTA": ""}, "Windsor County": {"CNECTA": "", "COUNTY": "027", "HU100": "34118", "NAME": "Windsor County", "P001001.2000": "57418", "CSA": "180", "P001001": "56670", "POP100": "56670", "SUMLEV": "050", "STATE": "50", "CBSA": "30100", "race": [{"name": "White", "value": 54563}, {"name": "Black", "value": 327}, {"name": "American Indian or Alaska", "value": 154}, {"name": "Asian", "value": 529}, {"name": "Native Hawaiian", "value": 13}, {"name": "Other Race", "value": 141}, {"name": "Two or More Races", "value": 943}], "HU100.2000": "31621", "POP100.2000": "57418", "sex_by_age": [{"male": 1354.0, "name": "Under 5 years", "female": 1318.0}, {"male": 1546.0, "name": "5 to 9 years", "female": 1481.0}, {"male": 1740.0, "name": "10 to 14 years", "female": 1609.0}, {"male": 1091.0, "name": "15 to 17 years", "female": 1110.0}, {"male": 564.0, "name": "18 and 19 years", "female": 479.0}, {"male": 243.0, "name": "20 years", "female": 192.0}, {"male": 239.0, "name": "21 years", "female": 210.0}, {"male": 854.0, "name": "22 to 24 years", "female": 860.0}, {"male": 1619.0, "name": "25 to 29 years", "female": 1565.0}, {"male": 1476.0, "name": "30 to 34 years", "female": 1437.0}, {"male": 1524.0, "name": "35 to 39 years", "female": 1554.0}, {"male": 1779.0, "name": "40 to 44 years", "female": 1807.0}, {"male": 2204.0, "name": "45 to 49 years", "female": 2474.0}, {"male": 2473.0, "name": "50 to 54 years", "female": 2596.0}, {"male": 2436.0, "name": "55 to 59 years", "female": 2497.0}, {"male": 877.0, "name": "60 to 61 years", "female": 880.0}, {"male": 1199.0, "name": "62 to 64 years", "female": 1292.0}, {"male": 683.0, "name": "65 and 66 years", "female": 739.0}, {"male": 949.0, "name": "67 to 69 years", "female": 910.0}, {"male": 1058.0, "name": "70 to 74 years", "female": 1191.0}, {"male": 783.0, "name": "75 to 79 years", "female": 935.0}, {"male": 595.0, "name": "80 to 84 years", "female": 773.0}, {"male": 488.0, "name": "85 years and over", "female": 987.0}], "age_by_sex": [{"name": "Male", "value": 44.600000000000001}, {"name": "Female", "value": 46.700000000000003}], "GEOID": "50027", "NECTA": ""}, "Orange County": {"CNECTA": "", "COUNTY": "017", "HU100": "14845", "NAME": "Orange County", "P001001.2000": "28226", "CSA": "180", "P001001": "28936", "POP100": "28936", "SUMLEV": "050", "STATE": "50", "CBSA": "30100", "race": [{"name": "White", "value": 28077}, {"name": "Black", "value": 110}, {"name": "American Indian or Alaska", "value": 85}, {"name": "Asian", "value": 140}, {"name": "Native Hawaiian", "value": 3}, {"name": "Other Race", "value": 82}, {"name": "Two or More Races", "value": 439}], "HU100.2000": "13386", "POP100.2000": "28226", "sex_by_age": [{"male": 735.0, "name": "Under 5 years", "female": 737.0}, {"male": 851.0, "name": "5 to 9 years", "female": 772.0}, {"male": 894.0, "name": "10 to 14 years", "female": 892.0}, {"male": 579.0, "name": "15 to 17 years", "female": 589.0}, {"male": 482.0, "name": "18 and 19 years", "female": 332.0}, {"male": 240.0, "name": "20 years", "female": 136.0}, {"male": 188.0, "name": "21 years", "female": 126.0}, {"male": 442.0, "name": "22 to 24 years", "female": 419.0}, {"male": 751.0, "name": "25 to 29 years", "female": 745.0}, {"male": 731.0, "name": "30 to 34 years", "female": 745.0}, {"male": 789.0, "name": "35 to 39 years", "female": 863.0}, {"male": 960.0, "name": "40 to 44 years", "female": 983.0}, {"male": 1179.0, "name": "45 to 49 years", "female": 1241.0}, {"male": 1327.0, "name": "50 to 54 years", "female": 1344.0}, {"male": 1199.0, "name": "55 to 59 years", "female": 1236.0}, {"male": 489.0, "name": "60 to 61 years", "female": 458.0}, {"male": 608.0, "name": "62 to 64 years", "female": 598.0}, {"male": 293.0, "name": "65 and 66 years", "female": 332.0}, {"male": 430.0, "name": "67 to 69 years", "female": 400.0}, {"male": 463.0, "name": "70 to 74 years", "female": 513.0}, {"male": 382.0, "name": "75 to 79 years", "female": 397.0}, {"male": 236.0, "name": "80 to 84 years", "female": 319.0}, {"male": 173.0, "name": "85 years and over", "female": 338.0}], "age_by_sex": [{"name": "Male", "value": 42.799999999999997}, {"name": "Female", "value": 44.600000000000001}], "GEOID": "50017", "NECTA": ""}, "Grand Isle County": {"CNECTA": "", "COUNTY": "013", "HU100": "5048", "NAME": "Grand Isle County", "P001001.2000": "6901", "CSA": "999", "P001001": "6970", "POP100": "6970", "SUMLEV": "050", "STATE": "50", "CBSA": "15540", "race": [{"name": "White", "value": 6641}, {"name": "Black", "value": 25}, {"name": "American Indian or Alaska", "value": 66}, {"name": "Asian", "value": 21}, {"name": "Native Hawaiian", "value": 4}, {"name": "Other Race", "value": 18}, {"name": "Two or More Races", "value": 195}], "HU100.2000": "4663", "POP100.2000": "6901", "sex_by_age": [{"male": 150.0, "name": "Under 5 years", "female": 169.0}, {"male": 182.0, "name": "5 to 9 years", "female": 188.0}, {"male": 240.0, "name": "10 to 14 years", "female": 201.0}, {"male": 152.0, "name": "15 to 17 years", "female": 135.0}, {"male": 68.0, "name": "18 and 19 years", "female": 65.0}, {"male": 44.0, "name": "20 years", "female": 31.0}, {"male": 24.0, "name": "21 years", "female": 18.0}, {"male": 96.0, "name": "22 to 24 years", "female": 87.0}, {"male": 137.0, "name": "25 to 29 years", "female": 170.0}, {"male": 186.0, "name": "30 to 34 years", "female": 180.0}, {"male": 191.0, "name": "35 to 39 years", "female": 217.0}, {"male": 257.0, "name": "40 to 44 years", "female": 240.0}, {"male": 286.0, "name": "45 to 49 years", "female": 342.0}, {"male": 346.0, "name": "50 to 54 years", "female": 321.0}, {"male": 340.0, "name": "55 to 59 years", "female": 351.0}, {"male": 133.0, "name": "60 to 61 years", "female": 113.0}, {"male": 167.0, "name": "62 to 64 years", "female": 164.0}, {"male": 86.0, "name": "65 and 66 years", "female": 76.0}, {"male": 120.0, "name": "67 to 69 years", "female": 96.0}, {"male": 128.0, "name": "70 to 74 years", "female": 124.0}, {"male": 76.0, "name": "75 to 79 years", "female": 83.0}, {"male": 39.0, "name": "80 to 84 years", "female": 72.0}, {"male": 30.0, "name": "85 years and over", "female": 49.0}], "age_by_sex": [{"name": "Male", "value": 45.200000000000003}, {"name": "Female", "value": 45.799999999999997}], "GEOID": "50013", "NECTA": ""}, "Windham County": {"CNECTA": "", "COUNTY": "025", "HU100": "29735", "NAME": "Windham County", "P001001.2000": "44216", "CSA": "999", "P001001": "44513", "POP100": "44513", "SUMLEV": "050", "STATE": "50", "CBSA": "99999", "race": [{"name": "White", "value": 42412}, {"name": "Black", "value": 421}, {"name": "American Indian or Alaska", "value": 114}, {"name": "Asian", "value": 463}, {"name": "Native Hawaiian", "value": 21}, {"name": "Other Race", "value": 211}, {"name": "Two or More Races", "value": 871}], "HU100.2000": "27039", "POP100.2000": "44216", "sex_by_age": [{"male": 1116.0, "name": "Under 5 years", "female": 1032.0}, {"male": 1223.0, "name": "5 to 9 years", "female": 1124.0}, {"male": 1377.0, "name": "10 to 14 years", "female": 1247.0}, {"male": 891.0, "name": "15 to 17 years", "female": 828.0}, {"male": 576.0, "name": "18 and 19 years", "female": 544.0}, {"male": 312.0, "name": "20 years", "female": 237.0}, {"male": 268.0, "name": "21 years", "female": 207.0}, {"male": 758.0, "name": "22 to 24 years", "female": 731.0}, {"male": 1176.0, "name": "25 to 29 years", "female": 1202.0}, {"male": 1077.0, "name": "30 to 34 years", "female": 1181.0}, {"male": 1135.0, "name": "35 to 39 years", "female": 1202.0}, {"male": 1343.0, "name": "40 to 44 years", "female": 1503.0}, {"male": 1756.0, "name": "45 to 49 years", "female": 1947.0}, {"male": 1971.0, "name": "50 to 54 years", "female": 2023.0}, {"male": 1967.0, "name": "55 to 59 years", "female": 2022.0}, {"male": 739.0, "name": "60 to 61 years", "female": 728.0}, {"male": 926.0, "name": "62 to 64 years", "female": 977.0}, {"male": 517.0, "name": "65 and 66 years", "female": 525.0}, {"male": 647.0, "name": "67 to 69 years", "female": 706.0}, {"male": 772.0, "name": "70 to 74 years", "female": 800.0}, {"male": 567.0, "name": "75 to 79 years", "female": 667.0}, {"male": 423.0, "name": "80 to 84 years", "female": 562.0}, {"male": 332.0, "name": "85 years and over", "female": 649.0}], "age_by_sex": [{"name": "Male", "value": 43.899999999999999}, {"name": "Female", "value": 45.700000000000003}], "GEOID": "50025", "NECTA": ""}, "Rutland County": {"CNECTA": "", "COUNTY": "021", "HU100": "33768", "NAME": "Rutland County", "P001001.2000": "63400", "CSA": "999", "P001001": "61642", "POP100": "61642", "SUMLEV": "050", "STATE": "50", "CBSA": "40860", "race": [{"name": "White", "value": 59829}, {"name": "Black", "value": 334}, {"name": "American Indian or Alaska", "value": 150}, {"name": "Asian", "value": 370}, {"name": "Native Hawaiian", "value": 10}, {"name": "Other Race", "value": 150}, {"name": "Two or More Races", "value": 799}], "HU100.2000": "32311", "POP100.2000": "63400", "sex_by_age": [{"male": 1441.0, "name": "Under 5 years", "female": 1391.0}, {"male": 1684.0, "name": "5 to 9 years", "female": 1524.0}, {"male": 1813.0, "name": "10 to 14 years", "female": 1739.0}, {"male": 1204.0, "name": "15 to 17 years", "female": 1086.0}, {"male": 997.0, "name": "18 and 19 years", "female": 959.0}, {"male": 477.0, "name": "20 years", "female": 502.0}, {"male": 425.0, "name": "21 years", "female": 434.0}, {"male": 1201.0, "name": "22 to 24 years", "female": 1042.0}, {"male": 1610.0, "name": "25 to 29 years", "female": 1523.0}, {"male": 1522.0, "name": "30 to 34 years", "female": 1451.0}, {"male": 1634.0, "name": "35 to 39 years", "female": 1694.0}, {"male": 2020.0, "name": "40 to 44 years", "female": 2039.0}, {"male": 2535.0, "name": "45 to 49 years", "female": 2533.0}, {"male": 2592.0, "name": "50 to 54 years", "female": 2738.0}, {"male": 2539.0, "name": "55 to 59 years", "female": 2579.0}, {"male": 968.0, "name": "60 to 61 years", "female": 913.0}, {"male": 1273.0, "name": "62 to 64 years", "female": 1303.0}, {"male": 707.0, "name": "65 and 66 years", "female": 750.0}, {"male": 882.0, "name": "67 to 69 years", "female": 941.0}, {"male": 1057.0, "name": "70 to 74 years", "female": 1222.0}, {"male": 796.0, "name": "75 to 79 years", "female": 1011.0}, {"male": 570.0, "name": "80 to 84 years", "female": 880.0}, {"male": 438.0, "name": "85 years and over", "female": 1003.0}], "age_by_sex": [{"name": "Male", "value": 43.0}, {"name": "Female", "value": 45.600000000000001}], "GEOID": "50021", "NECTA": ""}}