{"Torrance County": {"CNECTA": "", "COUNTY": "057", "HU100": "7798", "NAME": "Torrance County", "P001001.2000": "16911", "CSA": "999", "P001001": "16383", "POP100": "16383", "SUMLEV": "050", "STATE": "35", "CBSA": "10740", "race": [{"name": "White", "value": 12460}, {"name": "Black", "value": 219}, {"name": "American Indian or Alaska", "value": 383}, {"name": "Asian", "value": 71}, {"name": "Native Hawaiian", "value": 8}, {"name": "Other Race", "value": 2535}, {"name": "Two or More Races", "value": 707}], "HU100.2000": "7257", "POP100.2000": "16911", "sex_by_age": [{"male": 445.0, "name": "Under 5 years", "female": 485.0}, {"male": 542.0, "name": "5 to 9 years", "female": 544.0}, {"male": 619.0, "name": "10 to 14 years", "female": 561.0}, {"male": 405.0, "name": "15 to 17 years", "female": 350.0}, {"male": 226.0, "name": "18 and 19 years", "female": 193.0}, {"male": 85.0, "name": "20 years", "female": 86.0}, {"male": 80.0, "name": "21 years", "female": 77.0}, {"male": 328.0, "name": "22 to 24 years", "female": 201.0}, {"male": 469.0, "name": "25 to 29 years", "female": 395.0}, {"male": 433.0, "name": "30 to 34 years", "female": 390.0}, {"male": 531.0, "name": "35 to 39 years", "female": 441.0}, {"male": 542.0, "name": "40 to 44 years", "female": 460.0}, {"male": 595.0, "name": "45 to 49 years", "female": 655.0}, {"male": 682.0, "name": "50 to 54 years", "female": 680.0}, {"male": 695.0, "name": "55 to 59 years", "female": 670.0}, {"male": 272.0, "name": "60 to 61 years", "female": 246.0}, {"male": 342.0, "name": "62 to 64 years", "female": 332.0}, {"male": 188.0, "name": "65 and 66 years", "female": 178.0}, {"male": 250.0, "name": "67 to 69 years", "female": 239.0}, {"male": 324.0, "name": "70 to 74 years", "female": 290.0}, {"male": 187.0, "name": "75 to 79 years", "female": 218.0}, {"male": 131.0, "name": "80 to 84 years", "female": 109.0}, {"male": 79.0, "name": "85 years and over", "female": 133.0}], "age_by_sex": [{"name": "Male", "value": 40.600000000000001}, {"name": "Female", "value": 42.5}], "GEOID": "35057", "NECTA": ""}, "Eddy County": {"CNECTA": "", "COUNTY": "015", "HU100": "22585", "NAME": "Eddy County", "P001001.2000": "51658", "CSA": "999", "P001001": "53829", "POP100": "53829", "SUMLEV": "050", "STATE": "35", "CBSA": "16100", "race": [{"name": "White", "value": 41667}, {"name": "Black", "value": 743}, {"name": "American Indian or Alaska", "value": 810}, {"name": "Asian", "value": 356}, {"name": "Native Hawaiian", "value": 22}, {"name": "Other Race", "value": 8629}, {"name": "Two or More Races", "value": 1602}], "HU100.2000": "22249", "POP100.2000": "51658", "sex_by_age": [{"male": 2014.0, "name": "Under 5 years", "female": 1817.0}, {"male": 1874.0, "name": "5 to 9 years", "female": 1967.0}, {"male": 2021.0, "name": "10 to 14 years", "female": 1915.0}, {"male": 1274.0, "name": "15 to 17 years", "female": 1153.0}, {"male": 789.0, "name": "18 and 19 years", "female": 726.0}, {"male": 344.0, "name": "20 years", "female": 300.0}, {"male": 305.0, "name": "21 years", "female": 277.0}, {"male": 989.0, "name": "22 to 24 years", "female": 968.0}, {"male": 1865.0, "name": "25 to 29 years", "female": 1658.0}, {"male": 1660.0, "name": "30 to 34 years", "female": 1619.0}, {"male": 1517.0, "name": "35 to 39 years", "female": 1554.0}, {"male": 1645.0, "name": "40 to 44 years", "female": 1567.0}, {"male": 1815.0, "name": "45 to 49 years", "female": 1896.0}, {"male": 2052.0, "name": "50 to 54 years", "female": 1994.0}, {"male": 1864.0, "name": "55 to 59 years", "female": 1840.0}, {"male": 685.0, "name": "60 to 61 years", "female": 668.0}, {"male": 827.0, "name": "62 to 64 years", "female": 829.0}, {"male": 476.0, "name": "65 and 66 years", "female": 480.0}, {"male": 565.0, "name": "67 to 69 years", "female": 700.0}, {"male": 816.0, "name": "70 to 74 years", "female": 880.0}, {"male": 669.0, "name": "75 to 79 years", "female": 794.0}, {"male": 466.0, "name": "80 to 84 years", "female": 634.0}, {"male": 347.0, "name": "85 years and over", "female": 714.0}], "age_by_sex": [{"name": "Male", "value": 36.100000000000001}, {"name": "Female", "value": 38.5}], "GEOID": "35015", "NECTA": ""}, "McKinley County": {"CNECTA": "", "COUNTY": "031", "HU100": "25813", "NAME": "McKinley County", "P001001.2000": "74798", "CSA": "999", "P001001": "71492", "POP100": "71492", "SUMLEV": "050", "STATE": "35", "CBSA": "23700", "race": [{"name": "White", "value": 10834}, {"name": "Black", "value": 360}, {"name": "American Indian or Alaska", "value": 53988}, {"name": "Asian", "value": 568}, {"name": "Native Hawaiian", "value": 23}, {"name": "Other Race", "value": 3522}, {"name": "Two or More Races", "value": 2197}], "HU100.2000": "26718", "POP100.2000": "74798", "sex_by_age": [{"male": 3161.0, "name": "Under 5 years", "female": 3005.0}, {"male": 3035.0, "name": "5 to 9 years", "female": 2923.0}, {"male": 3002.0, "name": "10 to 14 years", "female": 3071.0}, {"male": 2126.0, "name": "15 to 17 years", "female": 2050.0}, {"male": 1310.0, "name": "18 and 19 years", "female": 1386.0}, {"male": 649.0, "name": "20 years", "female": 612.0}, {"male": 560.0, "name": "21 years", "female": 559.0}, {"male": 1609.0, "name": "22 to 24 years", "female": 1514.0}, {"male": 2231.0, "name": "25 to 29 years", "female": 2282.0}, {"male": 2137.0, "name": "30 to 34 years", "female": 2193.0}, {"male": 2030.0, "name": "35 to 39 years", "female": 2170.0}, {"male": 2123.0, "name": "40 to 44 years", "female": 2193.0}, {"male": 2270.0, "name": "45 to 49 years", "female": 2600.0}, {"male": 2230.0, "name": "50 to 54 years", "female": 2499.0}, {"male": 1841.0, "name": "55 to 59 years", "female": 2191.0}, {"male": 632.0, "name": "60 to 61 years", "female": 741.0}, {"male": 816.0, "name": "62 to 64 years", "female": 928.0}, {"male": 412.0, "name": "65 and 66 years", "female": 523.0}, {"male": 578.0, "name": "67 to 69 years", "female": 688.0}, {"male": 740.0, "name": "70 to 74 years", "female": 1022.0}, {"male": 531.0, "name": "75 to 79 years", "female": 785.0}, {"male": 344.0, "name": "80 to 84 years", "female": 494.0}, {"male": 253.0, "name": "85 years and over", "female": 443.0}], "age_by_sex": [{"name": "Male", "value": 29.199999999999999}, {"name": "Female", "value": 32.399999999999999}], "GEOID": "35031", "NECTA": ""}, "Santa Fe County": {"CNECTA": "", "COUNTY": "049", "HU100": "71267", "NAME": "Santa Fe County", "P001001.2000": "129292", "CSA": "492", "P001001": "144170", "POP100": "144170", "SUMLEV": "050", "STATE": "35", "CBSA": "42140", "race": [{"name": "White", "value": 109800}, {"name": "Black", "value": 1239}, {"name": "American Indian or Alaska", "value": 4486}, {"name": "Asian", "value": 1672}, {"name": "Native Hawaiian", "value": 108}, {"name": "Other Race", "value": 21730}, {"name": "Two or More Races", "value": 5135}], "HU100.2000": "57701", "POP100.2000": "129292", "sex_by_age": [{"male": 4114.0, "name": "Under 5 years", "female": 4103.0}, {"male": 4109.0, "name": "5 to 9 years", "female": 4166.0}, {"male": 4338.0, "name": "10 to 14 years", "female": 4193.0}, {"male": 2656.0, "name": "15 to 17 years", "female": 2557.0}, {"male": 1594.0, "name": "18 and 19 years", "female": 1580.0}, {"male": 833.0, "name": "20 years", "female": 721.0}, {"male": 753.0, "name": "21 years", "female": 691.0}, {"male": 2394.0, "name": "22 to 24 years", "female": 2134.0}, {"male": 4188.0, "name": "25 to 29 years", "female": 3871.0}, {"male": 4361.0, "name": "30 to 34 years", "female": 4208.0}, {"male": 4491.0, "name": "35 to 39 years", "female": 4347.0}, {"male": 4616.0, "name": "40 to 44 years", "female": 4742.0}, {"male": 5239.0, "name": "45 to 49 years", "female": 5488.0}, {"male": 5466.0, "name": "50 to 54 years", "female": 6158.0}, {"male": 5779.0, "name": "55 to 59 years", "female": 6622.0}, {"male": 2358.0, "name": "60 to 61 years", "female": 2713.0}, {"male": 3206.0, "name": "62 to 64 years", "female": 3577.0}, {"male": 1691.0, "name": "65 and 66 years", "female": 1904.0}, {"male": 2071.0, "name": "67 to 69 years", "female": 2422.0}, {"male": 2477.0, "name": "70 to 74 years", "female": 2820.0}, {"male": 1689.0, "name": "75 to 79 years", "female": 1959.0}, {"male": 1079.0, "name": "80 to 84 years", "female": 1440.0}, {"male": 755.0, "name": "85 years and over", "female": 1497.0}], "age_by_sex": [{"name": "Male", "value": 41.299999999999997}, {"name": "Female", "value": 44.600000000000001}], "GEOID": "35049", "NECTA": ""}, "San Juan County": {"CNECTA": "", "COUNTY": "045", "HU100": "49341", "NAME": "San Juan County", "P001001.2000": "113801", "CSA": "999", "P001001": "130044", "POP100": "130044", "SUMLEV": "050", "STATE": "35", "CBSA": "22140", "race": [{"name": "White", "value": 67048}, {"name": "Black", "value": 756}, {"name": "American Indian or Alaska", "value": 47640}, {"name": "Asian", "value": 484}, {"name": "Native Hawaiian", "value": 74}, {"name": "Other Race", "value": 9501}, {"name": "Two or More Races", "value": 4541}], "HU100.2000": "43221", "POP100.2000": "113801", "sex_by_age": [{"male": 5472.0, "name": "Under 5 years", "female": 5403.0}, {"male": 5408.0, "name": "5 to 9 years", "female": 5192.0}, {"male": 5027.0, "name": "10 to 14 years", "female": 4942.0}, {"male": 3189.0, "name": "15 to 17 years", "female": 3018.0}, {"male": 2011.0, "name": "18 and 19 years", "female": 1934.0}, {"male": 965.0, "name": "20 years", "female": 917.0}, {"male": 825.0, "name": "21 years", "female": 858.0}, {"male": 2671.0, "name": "22 to 24 years", "female": 2547.0}, {"male": 4802.0, "name": "25 to 29 years", "female": 4658.0}, {"male": 4327.0, "name": "30 to 34 years", "female": 4119.0}, {"male": 3816.0, "name": "35 to 39 years", "female": 3864.0}, {"male": 3711.0, "name": "40 to 44 years", "female": 3770.0}, {"male": 4459.0, "name": "45 to 49 years", "female": 4494.0}, {"male": 4614.0, "name": "50 to 54 years", "female": 4630.0}, {"male": 3980.0, "name": "55 to 59 years", "female": 4052.0}, {"male": 1410.0, "name": "60 to 61 years", "female": 1425.0}, {"male": 1639.0, "name": "62 to 64 years", "female": 1812.0}, {"male": 921.0, "name": "65 and 66 years", "female": 1003.0}, {"male": 1195.0, "name": "67 to 69 years", "female": 1343.0}, {"male": 1553.0, "name": "70 to 74 years", "female": 1895.0}, {"male": 1196.0, "name": "75 to 79 years", "female": 1476.0}, {"male": 792.0, "name": "80 to 84 years", "female": 1033.0}, {"male": 561.0, "name": "85 years and over", "female": 1115.0}], "age_by_sex": [{"name": "Male", "value": 32.100000000000001}, {"name": "Female", "value": 34.0}], "GEOID": "35045", "NECTA": ""}, "San Miguel County": {"CNECTA": "", "COUNTY": "047", "HU100": "15595", "NAME": "San Miguel County", "P001001.2000": "30126", "CSA": "999", "P001001": "29393", "POP100": "29393", "SUMLEV": "050", "STATE": "35", "CBSA": "29780", "race": [{"name": "White", "value": 19583}, {"name": "Black", "value": 412}, {"name": "American Indian or Alaska", "value": 508}, {"name": "Asian", "value": 228}, {"name": "Native Hawaiian", "value": 37}, {"name": "Other Race", "value": 7478}, {"name": "Two or More Races", "value": 1147}], "HU100.2000": "14254", "POP100.2000": "30126", "sex_by_age": [{"male": 796.0, "name": "Under 5 years", "female": 826.0}, {"male": 865.0, "name": "5 to 9 years", "female": 813.0}, {"male": 935.0, "name": "10 to 14 years", "female": 900.0}, {"male": 679.0, "name": "15 to 17 years", "female": 648.0}, {"male": 596.0, "name": "18 and 19 years", "female": 555.0}, {"male": 246.0, "name": "20 years", "female": 262.0}, {"male": 227.0, "name": "21 years", "female": 217.0}, {"male": 596.0, "name": "22 to 24 years", "female": 487.0}, {"male": 851.0, "name": "25 to 29 years", "female": 819.0}, {"male": 792.0, "name": "30 to 34 years", "female": 730.0}, {"male": 727.0, "name": "35 to 39 years", "female": 850.0}, {"male": 857.0, "name": "40 to 44 years", "female": 807.0}, {"male": 1163.0, "name": "45 to 49 years", "female": 1135.0}, {"male": 1160.0, "name": "50 to 54 years", "female": 1123.0}, {"male": 1081.0, "name": "55 to 59 years", "female": 1106.0}, {"male": 435.0, "name": "60 to 61 years", "female": 471.0}, {"male": 572.0, "name": "62 to 64 years", "female": 597.0}, {"male": 328.0, "name": "65 and 66 years", "female": 328.0}, {"male": 462.0, "name": "67 to 69 years", "female": 462.0}, {"male": 569.0, "name": "70 to 74 years", "female": 583.0}, {"male": 372.0, "name": "75 to 79 years", "female": 418.0}, {"male": 209.0, "name": "80 to 84 years", "female": 308.0}, {"male": 143.0, "name": "85 years and over", "female": 287.0}], "age_by_sex": [{"name": "Male", "value": 40.100000000000001}, {"name": "Female", "value": 41.399999999999999}], "GEOID": "35047", "NECTA": ""}, "Bernalillo County": {"CNECTA": "", "COUNTY": "001", "HU100": "284234", "NAME": "Bernalillo County", "P001001.2000": "556678", "CSA": "999", "P001001": "662564", "POP100": "662564", "SUMLEV": "050", "STATE": "35", "CBSA": "10740", "race": [{"name": "White", "value": 459660}, {"name": "Black", "value": 19652}, {"name": "American Indian or Alaska", "value": 31744}, {"name": "Asian", "value": 15525}, {"name": "Native Hawaiian", "value": 695}, {"name": "Other Race", "value": 105847}, {"name": "Two or More Races", "value": 29441}], "HU100.2000": "239074", "POP100.2000": "556678", "sex_by_age": [{"male": 23255.0, "name": "Under 5 years", "female": 22022.0}, {"male": 22518.0, "name": "5 to 9 years", "female": 22086.0}, {"male": 21810.0, "name": "10 to 14 years", "female": 21123.0}, {"male": 13392.0, "name": "15 to 17 years", "female": 12924.0}, {"male": 9704.0, "name": "18 and 19 years", "female": 9481.0}, {"male": 5026.0, "name": "20 years", "female": 4987.0}, {"male": 4894.0, "name": "21 years", "female": 4846.0}, {"male": 15076.0, "name": "22 to 24 years", "female": 14871.0}, {"male": 25508.0, "name": "25 to 29 years", "female": 25280.0}, {"male": 22888.0, "name": "30 to 34 years", "female": 22410.0}, {"male": 21074.0, "name": "35 to 39 years", "female": 20962.0}, {"male": 20939.0, "name": "40 to 44 years", "female": 21163.0}, {"male": 23292.0, "name": "45 to 49 years", "female": 23854.0}, {"male": 22519.0, "name": "50 to 54 years", "female": 24465.0}, {"male": 20025.0, "name": "55 to 59 years", "female": 22510.0}, {"male": 7577.0, "name": "60 to 61 years", "female": 8075.0}, {"male": 10033.0, "name": "62 to 64 years", "female": 10961.0}, {"male": 5098.0, "name": "65 and 66 years", "female": 5845.0}, {"male": 6744.0, "name": "67 to 69 years", "female": 7638.0}, {"male": 8348.0, "name": "70 to 74 years", "female": 10302.0}, {"male": 6434.0, "name": "75 to 79 years", "female": 8306.0}, {"male": 4560.0, "name": "80 to 84 years", "female": 6758.0}, {"male": 3746.0, "name": "85 years and over", "female": 7235.0}], "age_by_sex": [{"name": "Male", "value": 34.600000000000001}, {"name": "Female", "value": 37.200000000000003}], "GEOID": "35001", "NECTA": ""}, "Curry County": {"CNECTA": "", "COUNTY": "009", "HU100": "20062", "NAME": "Curry County", "P001001.2000": "45044", "CSA": "188", "P001001": "48376", "POP100": "48376", "SUMLEV": "050", "STATE": "35", "CBSA": "17580", "race": [{"name": "White", "value": 33728}, {"name": "Black", "value": 3055}, {"name": "American Indian or Alaska", "value": 566}, {"name": "Asian", "value": 625}, {"name": "Native Hawaiian", "value": 52}, {"name": "Other Race", "value": 8344}, {"name": "Two or More Races", "value": 2006}], "HU100.2000": "19212", "POP100.2000": "45044", "sex_by_age": [{"male": 2169.0, "name": "Under 5 years", "female": 2113.0}, {"male": 1998.0, "name": "5 to 9 years", "female": 1870.0}, {"male": 1802.0, "name": "10 to 14 years", "female": 1723.0}, {"male": 1070.0, "name": "15 to 17 years", "female": 972.0}, {"male": 755.0, "name": "18 and 19 years", "female": 700.0}, {"male": 453.0, "name": "20 years", "female": 339.0}, {"male": 445.0, "name": "21 years", "female": 346.0}, {"male": 1260.0, "name": "22 to 24 years", "female": 1131.0}, {"male": 2081.0, "name": "25 to 29 years", "female": 1877.0}, {"male": 1702.0, "name": "30 to 34 years", "female": 1575.0}, {"male": 1457.0, "name": "35 to 39 years", "female": 1509.0}, {"male": 1377.0, "name": "40 to 44 years", "female": 1385.0}, {"male": 1519.0, "name": "45 to 49 years", "female": 1570.0}, {"male": 1528.0, "name": "50 to 54 years", "female": 1491.0}, {"male": 1219.0, "name": "55 to 59 years", "female": 1254.0}, {"male": 471.0, "name": "60 to 61 years", "female": 460.0}, {"male": 587.0, "name": "62 to 64 years", "female": 642.0}, {"male": 322.0, "name": "65 and 66 years", "female": 369.0}, {"male": 420.0, "name": "67 to 69 years", "female": 509.0}, {"male": 638.0, "name": "70 to 74 years", "female": 718.0}, {"male": 453.0, "name": "75 to 79 years", "female": 627.0}, {"male": 339.0, "name": "80 to 84 years", "female": 453.0}, {"male": 223.0, "name": "85 years and over", "female": 455.0}], "age_by_sex": [{"name": "Male", "value": 30.300000000000001}, {"name": "Female", "value": 33.0}], "GEOID": "35009", "NECTA": ""}, "Roosevelt County": {"CNECTA": "", "COUNTY": "041", "HU100": "8163", "NAME": "Roosevelt County", "P001001.2000": "18018", "CSA": "188", "P001001": "19846", "POP100": "19846", "SUMLEV": "050", "STATE": "35", "CBSA": "38780", "race": [{"name": "White", "value": 15252}, {"name": "Black", "value": 364}, {"name": "American Indian or Alaska", "value": 253}, {"name": "Asian", "value": 175}, {"name": "Native Hawaiian", "value": 5}, {"name": "Other Race", "value": 3164}, {"name": "Two or More Races", "value": 633}], "HU100.2000": "7746", "POP100.2000": "18018", "sex_by_age": [{"male": 841.0, "name": "Under 5 years", "female": 735.0}, {"male": 696.0, "name": "5 to 9 years", "female": 684.0}, {"male": 711.0, "name": "10 to 14 years", "female": 688.0}, {"male": 457.0, "name": "15 to 17 years", "female": 458.0}, {"male": 510.0, "name": "18 and 19 years", "female": 502.0}, {"male": 273.0, "name": "20 years", "female": 299.0}, {"male": 254.0, "name": "21 years", "female": 256.0}, {"male": 650.0, "name": "22 to 24 years", "female": 534.0}, {"male": 784.0, "name": "25 to 29 years", "female": 669.0}, {"male": 562.0, "name": "30 to 34 years", "female": 574.0}, {"male": 536.0, "name": "35 to 39 years", "female": 538.0}, {"male": 570.0, "name": "40 to 44 years", "female": 488.0}, {"male": 586.0, "name": "45 to 49 years", "female": 549.0}, {"male": 528.0, "name": "50 to 54 years", "female": 613.0}, {"male": 529.0, "name": "55 to 59 years", "female": 536.0}, {"male": 188.0, "name": "60 to 61 years", "female": 207.0}, {"male": 233.0, "name": "62 to 64 years", "female": 245.0}, {"male": 150.0, "name": "65 and 66 years", "female": 145.0}, {"male": 195.0, "name": "67 to 69 years", "female": 205.0}, {"male": 273.0, "name": "70 to 74 years", "female": 299.0}, {"male": 207.0, "name": "75 to 79 years", "female": 247.0}, {"male": 139.0, "name": "80 to 84 years", "female": 180.0}, {"male": 117.0, "name": "85 years and over", "female": 206.0}], "age_by_sex": [{"name": "Male", "value": 28.600000000000001}, {"name": "Female", "value": 30.800000000000001}], "GEOID": "35041", "NECTA": ""}, "Luna County": {"CNECTA": "", "COUNTY": "029", "HU100": "10999", "NAME": "Luna County", "P001001.2000": "25016", "CSA": "999", "P001001": "25095", "POP100": "25095", "SUMLEV": "050", "STATE": "35", "CBSA": "19700", "race": [{"name": "White", "value": 19511}, {"name": "Black", "value": 288}, {"name": "American Indian or Alaska", "value": 317}, {"name": "Asian", "value": 119}, {"name": "Native Hawaiian", "value": 19}, {"name": "Other Race", "value": 4176}, {"name": "Two or More Races", "value": 665}], "HU100.2000": "11291", "POP100.2000": "25016", "sex_by_age": [{"male": 931.0, "name": "Under 5 years", "female": 894.0}, {"male": 920.0, "name": "5 to 9 years", "female": 846.0}, {"male": 939.0, "name": "10 to 14 years", "female": 911.0}, {"male": 607.0, "name": "15 to 17 years", "female": 597.0}, {"male": 349.0, "name": "18 and 19 years", "female": 384.0}, {"male": 132.0, "name": "20 years", "female": 129.0}, {"male": 156.0, "name": "21 years", "female": 158.0}, {"male": 448.0, "name": "22 to 24 years", "female": 423.0}, {"male": 712.0, "name": "25 to 29 years", "female": 648.0}, {"male": 623.0, "name": "30 to 34 years", "female": 621.0}, {"male": 600.0, "name": "35 to 39 years", "female": 648.0}, {"male": 693.0, "name": "40 to 44 years", "female": 702.0}, {"male": 738.0, "name": "45 to 49 years", "female": 733.0}, {"male": 699.0, "name": "50 to 54 years", "female": 844.0}, {"male": 754.0, "name": "55 to 59 years", "female": 751.0}, {"male": 299.0, "name": "60 to 61 years", "female": 312.0}, {"male": 465.0, "name": "62 to 64 years", "female": 522.0}, {"male": 287.0, "name": "65 and 66 years", "female": 328.0}, {"male": 403.0, "name": "67 to 69 years", "female": 435.0}, {"male": 652.0, "name": "70 to 74 years", "female": 579.0}, {"male": 530.0, "name": "75 to 79 years", "female": 524.0}, {"male": 320.0, "name": "80 to 84 years", "female": 355.0}, {"male": 217.0, "name": "85 years and over", "female": 277.0}], "age_by_sex": [{"name": "Male", "value": 38.600000000000001}, {"name": "Female", "value": 40.299999999999997}], "GEOID": "35029", "NECTA": ""}, "Do\u00f1a Ana County": {"CNECTA": "", "COUNTY": "013", "HU100": "81492", "NAME": "Do\u00f1a Ana County", "P001001.2000": "174682", "CSA": "999", "P001001": "209233", "POP100": "209233", "SUMLEV": "050", "STATE": "35", "CBSA": "29740", "race": [{"name": "White", "value": 154989}, {"name": "Black", "value": 3656}, {"name": "American Indian or Alaska", "value": 3147}, {"name": "Asian", "value": 2227}, {"name": "Native Hawaiian", "value": 185}, {"name": "Other Race", "value": 38685}, {"name": "Two or More Races", "value": 6344}], "HU100.2000": "65210", "POP100.2000": "174682", "sex_by_age": [{"male": 7886.0, "name": "Under 5 years", "female": 7655.0}, {"male": 7708.0, "name": "5 to 9 years", "female": 7505.0}, {"male": 7687.0, "name": "10 to 14 years", "female": 7570.0}, {"male": 5006.0, "name": "15 to 17 years", "female": 4841.0}, {"male": 4211.0, "name": "18 and 19 years", "female": 4210.0}, {"male": 2187.0, "name": "20 years", "female": 2107.0}, {"male": 1991.0, "name": "21 years", "female": 1966.0}, {"male": 5460.0, "name": "22 to 24 years", "female": 5258.0}, {"male": 7755.0, "name": "25 to 29 years", "female": 7321.0}, {"male": 6223.0, "name": "30 to 34 years", "female": 6259.0}, {"male": 5621.0, "name": "35 to 39 years", "female": 6160.0}, {"male": 5481.0, "name": "40 to 44 years", "female": 6197.0}, {"male": 6383.0, "name": "45 to 49 years", "female": 7064.0}, {"male": 6206.0, "name": "50 to 54 years", "female": 6966.0}, {"male": 5708.0, "name": "55 to 59 years", "female": 6246.0}, {"male": 2103.0, "name": "60 to 61 years", "female": 2299.0}, {"male": 2972.0, "name": "62 to 64 years", "female": 3140.0}, {"male": 1649.0, "name": "65 and 66 years", "female": 1772.0}, {"male": 2227.0, "name": "67 to 69 years", "female": 2414.0}, {"male": 3149.0, "name": "70 to 74 years", "female": 3394.0}, {"male": 2334.0, "name": "75 to 79 years", "female": 2580.0}, {"male": 1589.0, "name": "80 to 84 years", "female": 2042.0}, {"male": 1033.0, "name": "85 years and over", "female": 1698.0}], "age_by_sex": [{"name": "Male", "value": 31.0}, {"name": "Female", "value": 33.899999999999999}], "GEOID": "35013", "NECTA": ""}, "Lincoln County": {"CNECTA": "", "COUNTY": "027", "HU100": "17519", "NAME": "Lincoln County", "P001001.2000": "19411", "CSA": "999", "P001001": "20497", "POP100": "20497", "SUMLEV": "050", "STATE": "35", "CBSA": "40760", "race": [{"name": "White", "value": 17439}, {"name": "Black", "value": 96}, {"name": "American Indian or Alaska", "value": 489}, {"name": "Asian", "value": 75}, {"name": "Native Hawaiian", "value": 10}, {"name": "Other Race", "value": 1880}, {"name": "Two or More Races", "value": 508}], "HU100.2000": "15298", "POP100.2000": "19411", "sex_by_age": [{"male": 515.0, "name": "Under 5 years", "female": 460.0}, {"male": 554.0, "name": "5 to 9 years", "female": 543.0}, {"male": 556.0, "name": "10 to 14 years", "female": 525.0}, {"male": 394.0, "name": "15 to 17 years", "female": 341.0}, {"male": 211.0, "name": "18 and 19 years", "female": 185.0}, {"male": 83.0, "name": "20 years", "female": 91.0}, {"male": 90.0, "name": "21 years", "female": 69.0}, {"male": 242.0, "name": "22 to 24 years", "female": 260.0}, {"male": 499.0, "name": "25 to 29 years", "female": 469.0}, {"male": 409.0, "name": "30 to 34 years", "female": 395.0}, {"male": 439.0, "name": "35 to 39 years", "female": 520.0}, {"male": 538.0, "name": "40 to 44 years", "female": 536.0}, {"male": 713.0, "name": "45 to 49 years", "female": 826.0}, {"male": 833.0, "name": "50 to 54 years", "female": 898.0}, {"male": 869.0, "name": "55 to 59 years", "female": 1011.0}, {"male": 361.0, "name": "60 to 61 years", "female": 424.0}, {"male": 553.0, "name": "62 to 64 years", "female": 580.0}, {"male": 359.0, "name": "65 and 66 years", "female": 367.0}, {"male": 450.0, "name": "67 to 69 years", "female": 452.0}, {"male": 568.0, "name": "70 to 74 years", "female": 621.0}, {"male": 428.0, "name": "75 to 79 years", "female": 403.0}, {"male": 246.0, "name": "80 to 84 years", "female": 257.0}, {"male": 158.0, "name": "85 years and over", "female": 196.0}], "age_by_sex": [{"name": "Male", "value": 48.700000000000003}, {"name": "Female", "value": 50.0}], "GEOID": "35027", "NECTA": ""}, "Catron County": {"CNECTA": "", "COUNTY": "003", "HU100": "3289", "NAME": "Catron County", "P001001.2000": "3543", "CSA": "999", "P001001": "3725", "POP100": "3725", "SUMLEV": "050", "STATE": "35", "CBSA": "99999", "race": [{"name": "White", "value": 3344}, {"name": "Black", "value": 16}, {"name": "American Indian or Alaska", "value": 99}, {"name": "Asian", "value": 7}, {"name": "Native Hawaiian", "value": 0}, {"name": "Other Race", "value": 142}, {"name": "Two or More Races", "value": 117}], "HU100.2000": "2548", "POP100.2000": "3543", "sex_by_age": [{"male": 81.0, "name": "Under 5 years", "female": 72.0}, {"male": 75.0, "name": "5 to 9 years", "female": 61.0}, {"male": 93.0, "name": "10 to 14 years", "female": 80.0}, {"male": 66.0, "name": "15 to 17 years", "female": 62.0}, {"male": 19.0, "name": "18 and 19 years", "female": 19.0}, {"male": 10.0, "name": "20 years", "female": 10.0}, {"male": 8.0, "name": "21 years", "female": 7.0}, {"male": 28.0, "name": "22 to 24 years", "female": 31.0}, {"male": 69.0, "name": "25 to 29 years", "female": 52.0}, {"male": 77.0, "name": "30 to 34 years", "female": 72.0}, {"male": 61.0, "name": "35 to 39 years", "female": 54.0}, {"male": 71.0, "name": "40 to 44 years", "female": 56.0}, {"male": 115.0, "name": "45 to 49 years", "female": 124.0}, {"male": 157.0, "name": "50 to 54 years", "female": 177.0}, {"male": 209.0, "name": "55 to 59 years", "female": 209.0}, {"male": 91.0, "name": "60 to 61 years", "female": 94.0}, {"male": 155.0, "name": "62 to 64 years", "female": 119.0}, {"male": 85.0, "name": "65 and 66 years", "female": 90.0}, {"male": 134.0, "name": "67 to 69 years", "female": 87.0}, {"male": 162.0, "name": "70 to 74 years", "female": 124.0}, {"male": 99.0, "name": "75 to 79 years", "female": 69.0}, {"male": 50.0, "name": "80 to 84 years", "female": 60.0}, {"male": 32.0, "name": "85 years and over", "female": 49.0}], "age_by_sex": [{"name": "Male", "value": 56.299999999999997}, {"name": "Female", "value": 55.299999999999997}], "GEOID": "35003", "NECTA": ""}, "Hidalgo County": {"CNECTA": "", "COUNTY": "023", "HU100": "2393", "NAME": "Hidalgo County", "P001001.2000": "5932", "CSA": "999", "P001001": "4894", "POP100": "4894", "SUMLEV": "050", "STATE": "35", "CBSA": "99999", "race": [{"name": "White", "value": 4177}, {"name": "Black", "value": 29}, {"name": "American Indian or Alaska", "value": 41}, {"name": "Asian", "value": 23}, {"name": "Native Hawaiian", "value": 2}, {"name": "Other Race", "value": 536}, {"name": "Two or More Races", "value": 86}], "HU100.2000": "2848", "POP100.2000": "5932", "sex_by_age": [{"male": 170.0, "name": "Under 5 years", "female": 160.0}, {"male": 155.0, "name": "5 to 9 years", "female": 158.0}, {"male": 194.0, "name": "10 to 14 years", "female": 168.0}, {"male": 124.0, "name": "15 to 17 years", "female": 133.0}, {"male": 77.0, "name": "18 and 19 years", "female": 56.0}, {"male": 38.0, "name": "20 years", "female": 38.0}, {"male": 19.0, "name": "21 years", "female": 25.0}, {"male": 76.0, "name": "22 to 24 years", "female": 84.0}, {"male": 139.0, "name": "25 to 29 years", "female": 110.0}, {"male": 105.0, "name": "30 to 34 years", "female": 117.0}, {"male": 123.0, "name": "35 to 39 years", "female": 130.0}, {"male": 158.0, "name": "40 to 44 years", "female": 158.0}, {"male": 188.0, "name": "45 to 49 years", "female": 187.0}, {"male": 164.0, "name": "50 to 54 years", "female": 173.0}, {"male": 174.0, "name": "55 to 59 years", "female": 160.0}, {"male": 56.0, "name": "60 to 61 years", "female": 80.0}, {"male": 98.0, "name": "62 to 64 years", "female": 84.0}, {"male": 49.0, "name": "65 and 66 years", "female": 53.0}, {"male": 78.0, "name": "67 to 69 years", "female": 73.0}, {"male": 100.0, "name": "70 to 74 years", "female": 90.0}, {"male": 75.0, "name": "75 to 79 years", "female": 67.0}, {"male": 62.0, "name": "80 to 84 years", "female": 72.0}, {"male": 33.0, "name": "85 years and over", "female": 63.0}], "age_by_sex": [{"name": "Male", "value": 40.299999999999997}, {"name": "Female", "value": 41.299999999999997}], "GEOID": "35023", "NECTA": ""}, "Sierra County": {"CNECTA": "", "COUNTY": "051", "HU100": "8356", "NAME": "Sierra County", "P001001.2000": "13270", "CSA": "999", "P001001": "11988", "POP100": "11988", "SUMLEV": "050", "STATE": "35", "CBSA": "99999", "race": [{"name": "White", "value": 10265}, {"name": "Black", "value": 49}, {"name": "American Indian or Alaska", "value": 199}, {"name": "Asian", "value": 49}, {"name": "Native Hawaiian", "value": 3}, {"name": "Other Race", "value": 1032}, {"name": "Two or More Races", "value": 391}], "HU100.2000": "8727", "POP100.2000": "13270", "sex_by_age": [{"male": 290.0, "name": "Under 5 years", "female": 278.0}, {"male": 246.0, "name": "5 to 9 years", "female": 238.0}, {"male": 290.0, "name": "10 to 14 years", "female": 245.0}, {"male": 183.0, "name": "15 to 17 years", "female": 158.0}, {"male": 91.0, "name": "18 and 19 years", "female": 108.0}, {"male": 56.0, "name": "20 years", "female": 48.0}, {"male": 45.0, "name": "21 years", "female": 44.0}, {"male": 145.0, "name": "22 to 24 years", "female": 144.0}, {"male": 238.0, "name": "25 to 29 years", "female": 218.0}, {"male": 170.0, "name": "30 to 34 years", "female": 182.0}, {"male": 217.0, "name": "35 to 39 years", "female": 223.0}, {"male": 284.0, "name": "40 to 44 years", "female": 299.0}, {"male": 378.0, "name": "45 to 49 years", "female": 380.0}, {"male": 447.0, "name": "50 to 54 years", "female": 447.0}, {"male": 518.0, "name": "55 to 59 years", "female": 568.0}, {"male": 213.0, "name": "60 to 61 years", "female": 221.0}, {"male": 354.0, "name": "62 to 64 years", "female": 348.0}, {"male": 222.0, "name": "65 and 66 years", "female": 224.0}, {"male": 354.0, "name": "67 to 69 years", "female": 291.0}, {"male": 455.0, "name": "70 to 74 years", "female": 468.0}, {"male": 384.0, "name": "75 to 79 years", "female": 335.0}, {"male": 254.0, "name": "80 to 84 years", "female": 265.0}, {"male": 193.0, "name": "85 years and over", "female": 229.0}], "age_by_sex": [{"name": "Male", "value": 54.299999999999997}, {"name": "Female", "value": 54.700000000000003}], "GEOID": "35051", "NECTA": ""}, "Quay County": {"CNECTA": "", "COUNTY": "037", "HU100": "5569", "NAME": "Quay County", "P001001.2000": "10155", "CSA": "999", "P001001": "9041", "POP100": "9041", "SUMLEV": "050", "STATE": "35", "CBSA": "99999", "race": [{"name": "White", "value": 7781}, {"name": "Black", "value": 103}, {"name": "American Indian or Alaska", "value": 113}, {"name": "Asian", "value": 88}, {"name": "Native Hawaiian", "value": 4}, {"name": "Other Race", "value": 648}, {"name": "Two or More Races", "value": 304}], "HU100.2000": "5664", "POP100.2000": "10155", "sex_by_age": [{"male": 277.0, "name": "Under 5 years", "female": 242.0}, {"male": 279.0, "name": "5 to 9 years", "female": 265.0}, {"male": 284.0, "name": "10 to 14 years", "female": 257.0}, {"male": 200.0, "name": "15 to 17 years", "female": 164.0}, {"male": 116.0, "name": "18 and 19 years", "female": 111.0}, {"male": 37.0, "name": "20 years", "female": 32.0}, {"male": 41.0, "name": "21 years", "female": 44.0}, {"male": 114.0, "name": "22 to 24 years", "female": 102.0}, {"male": 219.0, "name": "25 to 29 years", "female": 231.0}, {"male": 204.0, "name": "30 to 34 years", "female": 232.0}, {"male": 213.0, "name": "35 to 39 years", "female": 237.0}, {"male": 274.0, "name": "40 to 44 years", "female": 259.0}, {"male": 315.0, "name": "45 to 49 years", "female": 346.0}, {"male": 324.0, "name": "50 to 54 years", "female": 339.0}, {"male": 343.0, "name": "55 to 59 years", "female": 380.0}, {"male": 133.0, "name": "60 to 61 years", "female": 130.0}, {"male": 202.0, "name": "62 to 64 years", "female": 230.0}, {"male": 121.0, "name": "65 and 66 years", "female": 125.0}, {"male": 184.0, "name": "67 to 69 years", "female": 177.0}, {"male": 229.0, "name": "70 to 74 years", "female": 236.0}, {"male": 160.0, "name": "75 to 79 years", "female": 188.0}, {"male": 118.0, "name": "80 to 84 years", "female": 132.0}, {"male": 69.0, "name": "85 years and over", "female": 126.0}], "age_by_sex": [{"name": "Male", "value": 44.5}, {"name": "Female", "value": 46.799999999999997}], "GEOID": "35037", "NECTA": ""}, "Colfax County": {"CNECTA": "", "COUNTY": "007", "HU100": "10023", "NAME": "Colfax County", "P001001.2000": "14189", "CSA": "999", "P001001": "13750", "POP100": "13750", "SUMLEV": "050", "STATE": "35", "CBSA": "99999", "race": [{"name": "White", "value": 11522}, {"name": "Black", "value": 64}, {"name": "American Indian or Alaska", "value": 202}, {"name": "Asian", "value": 49}, {"name": "Native Hawaiian", "value": 7}, {"name": "Other Race", "value": 1412}, {"name": "Two or More Races", "value": 494}], "HU100.2000": "8959", "POP100.2000": "14189", "sex_by_age": [{"male": 377.0, "name": "Under 5 years", "female": 346.0}, {"male": 408.0, "name": "5 to 9 years", "female": 375.0}, {"male": 393.0, "name": "10 to 14 years", "female": 396.0}, {"male": 287.0, "name": "15 to 17 years", "female": 257.0}, {"male": 189.0, "name": "18 and 19 years", "female": 127.0}, {"male": 56.0, "name": "20 years", "female": 49.0}, {"male": 73.0, "name": "21 years", "female": 74.0}, {"male": 199.0, "name": "22 to 24 years", "female": 175.0}, {"male": 382.0, "name": "25 to 29 years", "female": 349.0}, {"male": 339.0, "name": "30 to 34 years", "female": 314.0}, {"male": 389.0, "name": "35 to 39 years", "female": 326.0}, {"male": 370.0, "name": "40 to 44 years", "female": 342.0}, {"male": 511.0, "name": "45 to 49 years", "female": 492.0}, {"male": 567.0, "name": "50 to 54 years", "female": 581.0}, {"male": 581.0, "name": "55 to 59 years", "female": 577.0}, {"male": 257.0, "name": "60 to 61 years", "female": 208.0}, {"male": 305.0, "name": "62 to 64 years", "female": 321.0}, {"male": 198.0, "name": "65 and 66 years", "female": 194.0}, {"male": 261.0, "name": "67 to 69 years", "female": 241.0}, {"male": 341.0, "name": "70 to 74 years", "female": 335.0}, {"male": 245.0, "name": "75 to 79 years", "female": 254.0}, {"male": 161.0, "name": "80 to 84 years", "female": 204.0}, {"male": 114.0, "name": "85 years and over", "female": 210.0}], "age_by_sex": [{"name": "Male", "value": 45.5}, {"name": "Female", "value": 47.799999999999997}], "GEOID": "35007", "NECTA": ""}, "Otero County": {"CNECTA": "", "COUNTY": "035", "HU100": "30992", "NAME": "Otero County", "P001001.2000": "62298", "CSA": "999", "P001001": "63797", "POP100": "63797", "SUMLEV": "050", "STATE": "35", "CBSA": "10460", "race": [{"name": "White", "value": 46352}, {"name": "Black", "value": 2251}, {"name": "American Indian or Alaska", "value": 4271}, {"name": "Asian", "value": 749}, {"name": "Native Hawaiian", "value": 153}, {"name": "Other Race", "value": 7352}, {"name": "Two or More Races", "value": 2669}], "HU100.2000": "29272", "POP100.2000": "62298", "sex_by_age": [{"male": 2458.0, "name": "Under 5 years", "female": 2320.0}, {"male": 2221.0, "name": "5 to 9 years", "female": 2162.0}, {"male": 2113.0, "name": "10 to 14 years", "female": 2051.0}, {"male": 1361.0, "name": "15 to 17 years", "female": 1275.0}, {"male": 964.0, "name": "18 and 19 years", "female": 755.0}, {"male": 554.0, "name": "20 years", "female": 455.0}, {"male": 536.0, "name": "21 years", "female": 438.0}, {"male": 1646.0, "name": "22 to 24 years", "female": 1286.0}, {"male": 2390.0, "name": "25 to 29 years", "female": 2148.0}, {"male": 1891.0, "name": "30 to 34 years", "female": 1834.0}, {"male": 1776.0, "name": "35 to 39 years", "female": 1710.0}, {"male": 1831.0, "name": "40 to 44 years", "female": 1800.0}, {"male": 2154.0, "name": "45 to 49 years", "female": 2228.0}, {"male": 2142.0, "name": "50 to 54 years", "female": 2223.0}, {"male": 1800.0, "name": "55 to 59 years", "female": 2008.0}, {"male": 807.0, "name": "60 to 61 years", "female": 744.0}, {"male": 1099.0, "name": "62 to 64 years", "female": 1065.0}, {"male": 580.0, "name": "65 and 66 years", "female": 614.0}, {"male": 866.0, "name": "67 to 69 years", "female": 904.0}, {"male": 1207.0, "name": "70 to 74 years", "female": 1322.0}, {"male": 912.0, "name": "75 to 79 years", "female": 987.0}, {"male": 562.0, "name": "80 to 84 years", "female": 697.0}, {"male": 324.0, "name": "85 years and over", "female": 577.0}], "age_by_sex": [{"name": "Male", "value": 34.899999999999999}, {"name": "Female", "value": 38.299999999999997}], "GEOID": "35035", "NECTA": ""}, "Valencia County": {"CNECTA": "", "COUNTY": "061", "HU100": "30085", "NAME": "Valencia County", "P001001.2000": "66152", "CSA": "999", "P001001": "76569", "POP100": "76569", "SUMLEV": "050", "STATE": "35", "CBSA": "10740", "race": [{"name": "White", "value": 56027}, {"name": "Black", "value": 1071}, {"name": "American Indian or Alaska", "value": 2915}, {"name": "Asian", "value": 406}, {"name": "Native Hawaiian", "value": 55}, {"name": "Other Race", "value": 13046}, {"name": "Two or More Races", "value": 3049}], "HU100.2000": "24643", "POP100.2000": "66152", "sex_by_age": [{"male": 2770.0, "name": "Under 5 years", "female": 2507.0}, {"male": 2818.0, "name": "5 to 9 years", "female": 2597.0}, {"male": 2937.0, "name": "10 to 14 years", "female": 2937.0}, {"male": 1837.0, "name": "15 to 17 years", "female": 1779.0}, {"male": 1183.0, "name": "18 and 19 years", "female": 1033.0}, {"male": 533.0, "name": "20 years", "female": 430.0}, {"male": 513.0, "name": "21 years", "female": 460.0}, {"male": 1297.0, "name": "22 to 24 years", "female": 1260.0}, {"male": 2348.0, "name": "25 to 29 years", "female": 2207.0}, {"male": 2225.0, "name": "30 to 34 years", "female": 2181.0}, {"male": 2353.0, "name": "35 to 39 years", "female": 2296.0}, {"male": 2497.0, "name": "40 to 44 years", "female": 2496.0}, {"male": 2941.0, "name": "45 to 49 years", "female": 2826.0}, {"male": 2875.0, "name": "50 to 54 years", "female": 2926.0}, {"male": 2574.0, "name": "55 to 59 years", "female": 2599.0}, {"male": 1023.0, "name": "60 to 61 years", "female": 949.0}, {"male": 1259.0, "name": "62 to 64 years", "female": 1361.0}, {"male": 703.0, "name": "65 and 66 years", "female": 773.0}, {"male": 934.0, "name": "67 to 69 years", "female": 962.0}, {"male": 1178.0, "name": "70 to 74 years", "female": 1305.0}, {"male": 867.0, "name": "75 to 79 years", "female": 948.0}, {"male": 563.0, "name": "80 to 84 years", "female": 598.0}, {"male": 348.0, "name": "85 years and over", "female": 563.0}], "age_by_sex": [{"name": "Male", "value": 36.799999999999997}, {"name": "Female", "value": 38.600000000000001}], "GEOID": "35061", "NECTA": ""}, "Socorro County": {"CNECTA": "", "COUNTY": "053", "HU100": "8059", "NAME": "Socorro County", "P001001.2000": "18078", "CSA": "999", "P001001": "17866", "POP100": "17866", "SUMLEV": "050", "STATE": "35", "CBSA": "99999", "race": [{"name": "White", "value": 13424}, {"name": "Black", "value": 188}, {"name": "American Indian or Alaska", "value": 2082}, {"name": "Asian", "value": 219}, {"name": "Native Hawaiian", "value": 8}, {"name": "Other Race", "value": 1442}, {"name": "Two or More Races", "value": 503}], "HU100.2000": "7808", "POP100.2000": "18078", "sex_by_age": [{"male": 596.0, "name": "Under 5 years", "female": 600.0}, {"male": 596.0, "name": "5 to 9 years", "female": 587.0}, {"male": 597.0, "name": "10 to 14 years", "female": 557.0}, {"male": 365.0, "name": "15 to 17 years", "female": 372.0}, {"male": 443.0, "name": "18 and 19 years", "female": 298.0}, {"male": 208.0, "name": "20 years", "female": 143.0}, {"male": 199.0, "name": "21 years", "female": 122.0}, {"male": 453.0, "name": "22 to 24 years", "female": 367.0}, {"male": 596.0, "name": "25 to 29 years", "female": 496.0}, {"male": 485.0, "name": "30 to 34 years", "female": 480.0}, {"male": 470.0, "name": "35 to 39 years", "female": 476.0}, {"male": 491.0, "name": "40 to 44 years", "female": 496.0}, {"male": 634.0, "name": "45 to 49 years", "female": 629.0}, {"male": 595.0, "name": "50 to 54 years", "female": 670.0}, {"male": 641.0, "name": "55 to 59 years", "female": 592.0}, {"male": 235.0, "name": "60 to 61 years", "female": 226.0}, {"male": 338.0, "name": "62 to 64 years", "female": 280.0}, {"male": 164.0, "name": "65 and 66 years", "female": 194.0}, {"male": 263.0, "name": "67 to 69 years", "female": 238.0}, {"male": 344.0, "name": "70 to 74 years", "female": 320.0}, {"male": 215.0, "name": "75 to 79 years", "female": 230.0}, {"male": 153.0, "name": "80 to 84 years", "female": 154.0}, {"male": 91.0, "name": "85 years and over", "female": 167.0}], "age_by_sex": [{"name": "Male", "value": 35.600000000000001}, {"name": "Female", "value": 38.299999999999997}], "GEOID": "35053", "NECTA": ""}, "Lea County": {"CNECTA": "", "COUNTY": "025", "HU100": "24919", "NAME": "Lea County", "P001001.2000": "55511", "CSA": "999", "P001001": "64727", "POP100": "64727", "SUMLEV": "050", "STATE": "35", "CBSA": "26020", "race": [{"name": "White", "value": 48539}, {"name": "Black", "value": 2641}, {"name": "American Indian or Alaska", "value": 770}, {"name": "Asian", "value": 326}, {"name": "Native Hawaiian", "value": 36}, {"name": "Other Race", "value": 10764}, {"name": "Two or More Races", "value": 1651}], "HU100.2000": "23405", "POP100.2000": "55511", "sex_by_age": [{"male": 2985.0, "name": "Under 5 years", "female": 2924.0}, {"male": 2782.0, "name": "5 to 9 years", "female": 2555.0}, {"male": 2429.0, "name": "10 to 14 years", "female": 2401.0}, {"male": 1500.0, "name": "15 to 17 years", "female": 1452.0}, {"male": 984.0, "name": "18 and 19 years", "female": 965.0}, {"male": 474.0, "name": "20 years", "female": 437.0}, {"male": 458.0, "name": "21 years", "female": 422.0}, {"male": 1455.0, "name": "22 to 24 years", "female": 1368.0}, {"male": 2692.0, "name": "25 to 29 years", "female": 2242.0}, {"male": 2436.0, "name": "30 to 34 years", "female": 2096.0}, {"male": 2029.0, "name": "35 to 39 years", "female": 1891.0}, {"male": 1986.0, "name": "40 to 44 years", "female": 1880.0}, {"male": 2252.0, "name": "45 to 49 years", "female": 1970.0}, {"male": 2185.0, "name": "50 to 54 years", "female": 2047.0}, {"male": 1866.0, "name": "55 to 59 years", "female": 1758.0}, {"male": 615.0, "name": "60 to 61 years", "female": 622.0}, {"male": 770.0, "name": "62 to 64 years", "female": 808.0}, {"male": 406.0, "name": "65 and 66 years", "female": 495.0}, {"male": 574.0, "name": "67 to 69 years", "female": 580.0}, {"male": 800.0, "name": "70 to 74 years", "female": 926.0}, {"male": 636.0, "name": "75 to 79 years", "female": 744.0}, {"male": 434.0, "name": "80 to 84 years", "female": 611.0}, {"male": 297.0, "name": "85 years and over", "female": 488.0}], "age_by_sex": [{"name": "Male", "value": 31.5}, {"name": "Female", "value": 32.5}], "GEOID": "35025", "NECTA": ""}, "Cibola County": {"CNECTA": "", "COUNTY": "006", "HU100": "11101", "NAME": "Cibola County", "P001001.2000": "25595", "CSA": "999", "P001001": "27213", "POP100": "27213", "SUMLEV": "050", "STATE": "35", "CBSA": "24380", "race": [{"name": "White", "value": 11386}, {"name": "Black", "value": 275}, {"name": "American Indian or Alaska", "value": 11156}, {"name": "Asian", "value": 149}, {"name": "Native Hawaiian", "value": 26}, {"name": "Other Race", "value": 3370}, {"name": "Two or More Races", "value": 851}], "HU100.2000": "10328", "POP100.2000": "25595", "sex_by_age": [{"male": 946.0, "name": "Under 5 years", "female": 946.0}, {"male": 912.0, "name": "5 to 9 years", "female": 899.0}, {"male": 1005.0, "name": "10 to 14 years", "female": 897.0}, {"male": 636.0, "name": "15 to 17 years", "female": 593.0}, {"male": 342.0, "name": "18 and 19 years", "female": 387.0}, {"male": 180.0, "name": "20 years", "female": 184.0}, {"male": 191.0, "name": "21 years", "female": 190.0}, {"male": 513.0, "name": "22 to 24 years", "female": 563.0}, {"male": 1017.0, "name": "25 to 29 years", "female": 846.0}, {"male": 995.0, "name": "30 to 34 years", "female": 836.0}, {"male": 943.0, "name": "35 to 39 years", "female": 783.0}, {"male": 937.0, "name": "40 to 44 years", "female": 786.0}, {"male": 1001.0, "name": "45 to 49 years", "female": 924.0}, {"male": 1005.0, "name": "50 to 54 years", "female": 1046.0}, {"male": 879.0, "name": "55 to 59 years", "female": 893.0}, {"male": 323.0, "name": "60 to 61 years", "female": 295.0}, {"male": 396.0, "name": "62 to 64 years", "female": 438.0}, {"male": 215.0, "name": "65 and 66 years", "female": 238.0}, {"male": 306.0, "name": "67 to 69 years", "female": 365.0}, {"male": 387.0, "name": "70 to 74 years", "female": 516.0}, {"male": 338.0, "name": "75 to 79 years", "female": 362.0}, {"male": 180.0, "name": "80 to 84 years", "female": 251.0}, {"male": 122.0, "name": "85 years and over", "female": 206.0}], "age_by_sex": [{"name": "Male", "value": 36.0}, {"name": "Female", "value": 37.299999999999997}], "GEOID": "35006", "NECTA": ""}, "Taos County": {"CNECTA": "", "COUNTY": "055", "HU100": "20265", "NAME": "Taos County", "P001001.2000": "29979", "CSA": "999", "P001001": "32937", "POP100": "32937", "SUMLEV": "050", "STATE": "35", "CBSA": "45340", "race": [{"name": "White", "value": 22639}, {"name": "Black", "value": 143}, {"name": "American Indian or Alaska", "value": 2031}, {"name": "Asian", "value": 219}, {"name": "Native Hawaiian", "value": 10}, {"name": "Other Race", "value": 6296}, {"name": "Two or More Races", "value": 1599}], "HU100.2000": "17404", "POP100.2000": "29979", "sex_by_age": [{"male": 922.0, "name": "Under 5 years", "female": 892.0}, {"male": 1023.0, "name": "5 to 9 years", "female": 891.0}, {"male": 969.0, "name": "10 to 14 years", "female": 896.0}, {"male": 628.0, "name": "15 to 17 years", "female": 561.0}, {"male": 352.0, "name": "18 and 19 years", "female": 331.0}, {"male": 184.0, "name": "20 years", "female": 146.0}, {"male": 142.0, "name": "21 years", "female": 151.0}, {"male": 507.0, "name": "22 to 24 years", "female": 448.0}, {"male": 836.0, "name": "25 to 29 years", "female": 836.0}, {"male": 826.0, "name": "30 to 34 years", "female": 861.0}, {"male": 952.0, "name": "35 to 39 years", "female": 942.0}, {"male": 1058.0, "name": "40 to 44 years", "female": 1007.0}, {"male": 1208.0, "name": "45 to 49 years", "female": 1296.0}, {"male": 1241.0, "name": "50 to 54 years", "female": 1382.0}, {"male": 1437.0, "name": "55 to 59 years", "female": 1581.0}, {"male": 628.0, "name": "60 to 61 years", "female": 600.0}, {"male": 743.0, "name": "62 to 64 years", "female": 833.0}, {"male": 421.0, "name": "65 and 66 years", "female": 477.0}, {"male": 528.0, "name": "67 to 69 years", "female": 580.0}, {"male": 698.0, "name": "70 to 74 years", "female": 725.0}, {"male": 429.0, "name": "75 to 79 years", "female": 549.0}, {"male": 275.0, "name": "80 to 84 years", "female": 357.0}, {"male": 204.0, "name": "85 years and over", "female": 384.0}], "age_by_sex": [{"name": "Male", "value": 43.600000000000001}, {"name": "Female", "value": 46.600000000000001}], "GEOID": "35055", "NECTA": ""}, "Harding County": {"CNECTA": "", "COUNTY": "021", "HU100": "526", "NAME": "Harding County", "P001001.2000": "810", "CSA": "999", "P001001": "695", "POP100": "695", "SUMLEV": "050", "STATE": "35", "CBSA": "99999", "race": [{"name": "White", "value": 604}, {"name": "Black", "value": 2}, {"name": "American Indian or Alaska", "value": 8}, {"name": "Asian", "value": 0}, {"name": "Native Hawaiian", "value": 0}, {"name": "Other Race", "value": 71}, {"name": "Two or More Races", "value": 10}], "HU100.2000": "545", "POP100.2000": "810", "sex_by_age": [{"male": 14.0, "name": "Under 5 years", "female": 14.0}, {"male": 8.0, "name": "5 to 9 years", "female": 5.0}, {"male": 13.0, "name": "10 to 14 years", "female": 19.0}, {"male": 10.0, "name": "15 to 17 years", "female": 9.0}, {"male": 5.0, "name": "18 and 19 years", "female": 6.0}, {"male": 1.0, "name": "20 years", "female": 1.0}, {"male": 1.0, "name": "21 years", "female": 0.0}, {"male": 6.0, "name": "22 to 24 years", "female": 7.0}, {"male": 17.0, "name": "25 to 29 years", "female": 11.0}, {"male": 14.0, "name": "30 to 34 years", "female": 8.0}, {"male": 15.0, "name": "35 to 39 years", "female": 10.0}, {"male": 14.0, "name": "40 to 44 years", "female": 17.0}, {"male": 23.0, "name": "45 to 49 years", "female": 26.0}, {"male": 39.0, "name": "50 to 54 years", "female": 21.0}, {"male": 40.0, "name": "55 to 59 years", "female": 43.0}, {"male": 18.0, "name": "60 to 61 years", "female": 15.0}, {"male": 23.0, "name": "62 to 64 years", "female": 19.0}, {"male": 6.0, "name": "65 and 66 years", "female": 12.0}, {"male": 12.0, "name": "67 to 69 years", "female": 8.0}, {"male": 26.0, "name": "70 to 74 years", "female": 24.0}, {"male": 26.0, "name": "75 to 79 years", "female": 20.0}, {"male": 21.0, "name": "80 to 84 years", "female": 15.0}, {"male": 15.0, "name": "85 years and over", "female": 18.0}], "age_by_sex": [{"name": "Male", "value": 55.600000000000001}, {"name": "Female", "value": 56.100000000000001}], "GEOID": "35021", "NECTA": ""}, "Mora County": {"CNECTA": "", "COUNTY": "033", "HU100": "3232", "NAME": "Mora County", "P001001.2000": "5180", "CSA": "999", "P001001": "4881", "POP100": "4881", "SUMLEV": "050", "STATE": "35", "CBSA": "99999", "race": [{"name": "White", "value": 3462}, {"name": "Black", "value": 32}, {"name": "American Indian or Alaska", "value": 64}, {"name": "Asian", "value": 13}, {"name": "Native Hawaiian", "value": 1}, {"name": "Other Race", "value": 1149}, {"name": "Two or More Races", "value": 160}], "HU100.2000": "2973", "POP100.2000": "5180", "sex_by_age": [{"male": 126.0, "name": "Under 5 years", "female": 123.0}, {"male": 152.0, "name": "5 to 9 years", "female": 136.0}, {"male": 171.0, "name": "10 to 14 years", "female": 140.0}, {"male": 103.0, "name": "15 to 17 years", "female": 91.0}, {"male": 54.0, "name": "18 and 19 years", "female": 51.0}, {"male": 18.0, "name": "20 years", "female": 19.0}, {"male": 31.0, "name": "21 years", "female": 23.0}, {"male": 69.0, "name": "22 to 24 years", "female": 56.0}, {"male": 116.0, "name": "25 to 29 years", "female": 132.0}, {"male": 109.0, "name": "30 to 34 years", "female": 97.0}, {"male": 131.0, "name": "35 to 39 years", "female": 128.0}, {"male": 145.0, "name": "40 to 44 years", "female": 158.0}, {"male": 192.0, "name": "45 to 49 years", "female": 169.0}, {"male": 196.0, "name": "50 to 54 years", "female": 185.0}, {"male": 217.0, "name": "55 to 59 years", "female": 219.0}, {"male": 91.0, "name": "60 to 61 years", "female": 83.0}, {"male": 112.0, "name": "62 to 64 years", "female": 123.0}, {"male": 73.0, "name": "65 and 66 years", "female": 59.0}, {"male": 79.0, "name": "67 to 69 years", "female": 65.0}, {"male": 125.0, "name": "70 to 74 years", "female": 122.0}, {"male": 78.0, "name": "75 to 79 years", "female": 107.0}, {"male": 65.0, "name": "80 to 84 years", "female": 57.0}, {"male": 45.0, "name": "85 years and over", "female": 40.0}], "age_by_sex": [{"name": "Male", "value": 45.700000000000003}, {"name": "Female", "value": 46.200000000000003}], "GEOID": "35033", "NECTA": ""}, "Rio Arriba County": {"CNECTA": "", "COUNTY": "039", "HU100": "19638", "NAME": "Rio Arriba County", "P001001.2000": "41190", "CSA": "492", "P001001": "40246", "POP100": "40246", "SUMLEV": "050", "STATE": "35", "CBSA": "21580", "race": [{"name": "White", "value": 20778}, {"name": "Black", "value": 204}, {"name": "American Indian or Alaska", "value": 6447}, {"name": "Asian", "value": 170}, {"name": "Native Hawaiian", "value": 13}, {"name": "Other Race", "value": 11288}, {"name": "Two or More Races", "value": 1346}], "HU100.2000": "18016", "POP100.2000": "41190", "sex_by_age": [{"male": 1323.0, "name": "Under 5 years", "female": 1392.0}, {"male": 1391.0, "name": "5 to 9 years", "female": 1355.0}, {"male": 1354.0, "name": "10 to 14 years", "female": 1384.0}, {"male": 897.0, "name": "15 to 17 years", "female": 817.0}, {"male": 577.0, "name": "18 and 19 years", "female": 535.0}, {"male": 264.0, "name": "20 years", "female": 249.0}, {"male": 210.0, "name": "21 years", "female": 253.0}, {"male": 771.0, "name": "22 to 24 years", "female": 723.0}, {"male": 1154.0, "name": "25 to 29 years", "female": 1133.0}, {"male": 1211.0, "name": "30 to 34 years", "female": 1148.0}, {"male": 1243.0, "name": "35 to 39 years", "female": 1256.0}, {"male": 1255.0, "name": "40 to 44 years", "female": 1218.0}, {"male": 1475.0, "name": "45 to 49 years", "female": 1468.0}, {"male": 1558.0, "name": "50 to 54 years", "female": 1539.0}, {"male": 1380.0, "name": "55 to 59 years", "female": 1504.0}, {"male": 573.0, "name": "60 to 61 years", "female": 511.0}, {"male": 686.0, "name": "62 to 64 years", "female": 780.0}, {"male": 409.0, "name": "65 and 66 years", "female": 431.0}, {"male": 534.0, "name": "67 to 69 years", "female": 539.0}, {"male": 665.0, "name": "70 to 74 years", "female": 742.0}, {"male": 487.0, "name": "75 to 79 years", "female": 580.0}, {"male": 283.0, "name": "80 to 84 years", "female": 410.0}, {"male": 190.0, "name": "85 years and over", "female": 389.0}], "age_by_sex": [{"name": "Male", "value": 38.399999999999999}, {"name": "Female", "value": 39.700000000000003}], "GEOID": "35039", "NECTA": ""}, "Union County": {"CNECTA": "", "COUNTY": "059", "HU100": "2305", "NAME": "Union County", "P001001.2000": "4174", "CSA": "999", "P001001": "4549", "POP100": "4549", "SUMLEV": "050", "STATE": "35", "CBSA": "99999", "race": [{"name": "White", "value": 3718}, {"name": "Black", "value": 80}, {"name": "American Indian or Alaska", "value": 89}, {"name": "Asian", "value": 23}, {"name": "Native Hawaiian", "value": 1}, {"name": "Other Race", "value": 532}, {"name": "Two or More Races", "value": 106}], "HU100.2000": "2225", "POP100.2000": "4174", "sex_by_age": [{"male": 141.0, "name": "Under 5 years", "female": 116.0}, {"male": 135.0, "name": "5 to 9 years", "female": 107.0}, {"male": 134.0, "name": "10 to 14 years", "female": 120.0}, {"male": 95.0, "name": "15 to 17 years", "female": 82.0}, {"male": 55.0, "name": "18 and 19 years", "female": 46.0}, {"male": 25.0, "name": "20 years", "female": 19.0}, {"male": 32.0, "name": "21 years", "female": 19.0}, {"male": 105.0, "name": "22 to 24 years", "female": 48.0}, {"male": 247.0, "name": "25 to 29 years", "female": 106.0}, {"male": 214.0, "name": "30 to 34 years", "female": 88.0}, {"male": 176.0, "name": "35 to 39 years", "female": 95.0}, {"male": 175.0, "name": "40 to 44 years", "female": 110.0}, {"male": 218.0, "name": "45 to 49 years", "female": 135.0}, {"male": 199.0, "name": "50 to 54 years", "female": 152.0}, {"male": 155.0, "name": "55 to 59 years", "female": 130.0}, {"male": 55.0, "name": "60 to 61 years", "female": 45.0}, {"male": 72.0, "name": "62 to 64 years", "female": 85.0}, {"male": 61.0, "name": "65 and 66 years", "female": 59.0}, {"male": 60.0, "name": "67 to 69 years", "female": 66.0}, {"male": 86.0, "name": "70 to 74 years", "female": 101.0}, {"male": 72.0, "name": "75 to 79 years", "female": 86.0}, {"male": 39.0, "name": "80 to 84 years", "female": 71.0}, {"male": 42.0, "name": "85 years and over", "female": 70.0}], "age_by_sex": [{"name": "Male", "value": 38.5}, {"name": "Female", "value": 45.899999999999999}], "GEOID": "35059", "NECTA": ""}, "Chaves County": {"CNECTA": "", "COUNTY": "005", "HU100": "26697", "NAME": "Chaves County", "P001001.2000": "61382", "CSA": "999", "P001001": "65645", "POP100": "65645", "SUMLEV": "050", "STATE": "35", "CBSA": "40740", "race": [{"name": "White", "value": 46518}, {"name": "Black", "value": 1323}, {"name": "American Indian or Alaska", "value": 814}, {"name": "Asian", "value": 414}, {"name": "Native Hawaiian", "value": 52}, {"name": "Other Race", "value": 14399}, {"name": "Two or More Races", "value": 2125}], "HU100.2000": "25647", "POP100.2000": "61382", "sex_by_age": [{"male": 2708.0, "name": "Under 5 years", "female": 2547.0}, {"male": 2566.0, "name": "5 to 9 years", "female": 2560.0}, {"male": 2522.0, "name": "10 to 14 years", "female": 2319.0}, {"male": 1647.0, "name": "15 to 17 years", "female": 1514.0}, {"male": 1328.0, "name": "18 and 19 years", "female": 1050.0}, {"male": 531.0, "name": "20 years", "female": 472.0}, {"male": 417.0, "name": "21 years", "female": 386.0}, {"male": 1213.0, "name": "22 to 24 years", "female": 1256.0}, {"male": 2140.0, "name": "25 to 29 years", "female": 2100.0}, {"male": 1855.0, "name": "30 to 34 years", "female": 1873.0}, {"male": 1756.0, "name": "35 to 39 years", "female": 1853.0}, {"male": 1803.0, "name": "40 to 44 years", "female": 1886.0}, {"male": 2113.0, "name": "45 to 49 years", "female": 2136.0}, {"male": 2193.0, "name": "50 to 54 years", "female": 2163.0}, {"male": 1912.0, "name": "55 to 59 years", "female": 2103.0}, {"male": 681.0, "name": "60 to 61 years", "female": 731.0}, {"male": 953.0, "name": "62 to 64 years", "female": 1065.0}, {"male": 560.0, "name": "65 and 66 years", "female": 592.0}, {"male": 695.0, "name": "67 to 69 years", "female": 777.0}, {"male": 1012.0, "name": "70 to 74 years", "female": 1117.0}, {"male": 776.0, "name": "75 to 79 years", "female": 979.0}, {"male": 606.0, "name": "80 to 84 years", "female": 851.0}, {"male": 495.0, "name": "85 years and over", "female": 833.0}], "age_by_sex": [{"name": "Male", "value": 32.899999999999999}, {"name": "Female", "value": 36.399999999999999}], "GEOID": "35005", "NECTA": ""}, "Los Alamos County": {"CNECTA": "", "COUNTY": "028", "HU100": "8354", "NAME": "Los Alamos County", "P001001.2000": "18343", "CSA": "999", "P001001": "17950", "POP100": "17950", "SUMLEV": "050", "STATE": "35", "CBSA": "31060", "race": [{"name": "White", "value": 15765}, {"name": "Black", "value": 102}, {"name": "American Indian or Alaska", "value": 142}, {"name": "Asian", "value": 1071}, {"name": "Native Hawaiian", "value": 10}, {"name": "Other Race", "value": 393}, {"name": "Two or More Races", "value": 467}], "HU100.2000": "7937", "POP100.2000": "18343", "sex_by_age": [{"male": 483.0, "name": "Under 5 years", "female": 477.0}, {"male": 643.0, "name": "5 to 9 years", "female": 572.0}, {"male": 647.0, "name": "10 to 14 years", "female": 660.0}, {"male": 451.0, "name": "15 to 17 years", "female": 415.0}, {"male": 141.0, "name": "18 and 19 years", "female": 119.0}, {"male": 39.0, "name": "20 years", "female": 43.0}, {"male": 45.0, "name": "21 years", "female": 35.0}, {"male": 171.0, "name": "22 to 24 years", "female": 165.0}, {"male": 396.0, "name": "25 to 29 years", "female": 333.0}, {"male": 499.0, "name": "30 to 34 years", "female": 485.0}, {"male": 538.0, "name": "35 to 39 years", "female": 576.0}, {"male": 604.0, "name": "40 to 44 years", "female": 609.0}, {"male": 791.0, "name": "45 to 49 years", "female": 835.0}, {"male": 873.0, "name": "50 to 54 years", "female": 848.0}, {"male": 802.0, "name": "55 to 59 years", "female": 754.0}, {"male": 248.0, "name": "60 to 61 years", "female": 256.0}, {"male": 382.0, "name": "62 to 64 years", "female": 329.0}, {"male": 175.0, "name": "65 and 66 years", "female": 204.0}, {"male": 250.0, "name": "67 to 69 years", "female": 220.0}, {"male": 297.0, "name": "70 to 74 years", "female": 294.0}, {"male": 211.0, "name": "75 to 79 years", "female": 247.0}, {"male": 185.0, "name": "80 to 84 years", "female": 205.0}, {"male": 158.0, "name": "85 years and over", "female": 240.0}], "age_by_sex": [{"name": "Male", "value": 43.899999999999999}, {"name": "Female", "value": 44.799999999999997}], "GEOID": "35028", "NECTA": ""}, "Grant County": {"CNECTA": "", "COUNTY": "017", "HU100": "14693", "NAME": "Grant County", "P001001.2000": "31002", "CSA": "999", "P001001": "29514", "POP100": "29514", "SUMLEV": "050", "STATE": "35", "CBSA": "43500", "race": [{"name": "White", "value": 25058}, {"name": "Black", "value": 255}, {"name": "American Indian or Alaska", "value": 400}, {"name": "Asian", "value": 123}, {"name": "Native Hawaiian", "value": 22}, {"name": "Other Race", "value": 2837}, {"name": "Two or More Races", "value": 819}], "HU100.2000": "14066", "POP100.2000": "31002", "sex_by_age": [{"male": 936.0, "name": "Under 5 years", "female": 845.0}, {"male": 923.0, "name": "5 to 9 years", "female": 807.0}, {"male": 951.0, "name": "10 to 14 years", "female": 885.0}, {"male": 596.0, "name": "15 to 17 years", "female": 530.0}, {"male": 380.0, "name": "18 and 19 years", "female": 353.0}, {"male": 165.0, "name": "20 years", "female": 164.0}, {"male": 144.0, "name": "21 years", "female": 153.0}, {"male": 453.0, "name": "22 to 24 years", "female": 448.0}, {"male": 737.0, "name": "25 to 29 years", "female": 737.0}, {"male": 673.0, "name": "30 to 34 years", "female": 743.0}, {"male": 671.0, "name": "35 to 39 years", "female": 738.0}, {"male": 682.0, "name": "40 to 44 years", "female": 740.0}, {"male": 875.0, "name": "45 to 49 years", "female": 970.0}, {"male": 1007.0, "name": "50 to 54 years", "female": 1093.0}, {"male": 1115.0, "name": "55 to 59 years", "female": 1269.0}, {"male": 478.0, "name": "60 to 61 years", "female": 533.0}, {"male": 693.0, "name": "62 to 64 years", "female": 728.0}, {"male": 432.0, "name": "65 and 66 years", "female": 434.0}, {"male": 623.0, "name": "67 to 69 years", "female": 578.0}, {"male": 707.0, "name": "70 to 74 years", "female": 735.0}, {"male": 565.0, "name": "75 to 79 years", "female": 629.0}, {"male": 418.0, "name": "80 to 84 years", "female": 450.0}, {"male": 263.0, "name": "85 years and over", "female": 465.0}], "age_by_sex": [{"name": "Male", "value": 44.5}, {"name": "Female", "value": 47.0}], "GEOID": "35017", "NECTA": ""}, "Sandoval County": {"CNECTA": "", "COUNTY": "043", "HU100": "52287", "NAME": "Sandoval County", "P001001.2000": "89908", "CSA": "999", "P001001": "131561", "POP100": "131561", "SUMLEV": "050", "STATE": "35", "CBSA": "10740", "race": [{"name": "White", "value": 89482}, {"name": "Black", "value": 2800}, {"name": "American Indian or Alaska", "value": 16945}, {"name": "Asian", "value": 1922}, {"name": "Native Hawaiian", "value": 169}, {"name": "Other Race", "value": 15139}, {"name": "Two or More Races", "value": 5104}], "HU100.2000": "34866", "POP100.2000": "89908", "sex_by_age": [{"male": 4686.0, "name": "Under 5 years", "female": 4395.0}, {"male": 4947.0, "name": "5 to 9 years", "female": 4899.0}, {"male": 5277.0, "name": "10 to 14 years", "female": 4941.0}, {"male": 3105.0, "name": "15 to 17 years", "female": 2909.0}, {"male": 1660.0, "name": "18 and 19 years", "female": 1625.0}, {"male": 768.0, "name": "20 years", "female": 690.0}, {"male": 673.0, "name": "21 years", "female": 651.0}, {"male": 2082.0, "name": "22 to 24 years", "female": 2079.0}, {"male": 3661.0, "name": "25 to 29 years", "female": 3850.0}, {"male": 3875.0, "name": "30 to 34 years", "female": 4085.0}, {"male": 4277.0, "name": "35 to 39 years", "female": 4493.0}, {"male": 4315.0, "name": "40 to 44 years", "female": 4474.0}, {"male": 4954.0, "name": "45 to 49 years", "female": 5176.0}, {"male": 4819.0, "name": "50 to 54 years", "female": 5163.0}, {"male": 4295.0, "name": "55 to 59 years", "female": 4912.0}, {"male": 1614.0, "name": "60 to 61 years", "female": 1737.0}, {"male": 2170.0, "name": "62 to 64 years", "female": 2424.0}, {"male": 1202.0, "name": "65 and 66 years", "female": 1318.0}, {"male": 1551.0, "name": "67 to 69 years", "female": 1670.0}, {"male": 1794.0, "name": "70 to 74 years", "female": 1955.0}, {"male": 1170.0, "name": "75 to 79 years", "female": 1499.0}, {"male": 772.0, "name": "80 to 84 years", "female": 1134.0}, {"male": 654.0, "name": "85 years and over", "female": 1161.0}], "age_by_sex": [{"name": "Male", "value": 36.700000000000003}, {"name": "Female", "value": 39.0}], "GEOID": "35043", "NECTA": ""}, "De Baca County": {"CNECTA": "", "COUNTY": "011", "HU100": "1344", "NAME": "De Baca County", "P001001.2000": "2240", "CSA": "999", "P001001": "2022", "POP100": "2022", "SUMLEV": "050", "STATE": "35", "CBSA": "99999", "race": [{"name": "White", "value": 1766}, {"name": "Black", "value": 3}, {"name": "American Indian or Alaska", "value": 13}, {"name": "Asian", "value": 1}, {"name": "Native Hawaiian", "value": 0}, {"name": "Other Race", "value": 160}, {"name": "Two or More Races", "value": 79}], "HU100.2000": "1307", "POP100.2000": "2240", "sex_by_age": [{"male": 51.0, "name": "Under 5 years", "female": 62.0}, {"male": 64.0, "name": "5 to 9 years", "female": 61.0}, {"male": 68.0, "name": "10 to 14 years", "female": 66.0}, {"male": 39.0, "name": "15 to 17 years", "female": 40.0}, {"male": 16.0, "name": "18 and 19 years", "female": 14.0}, {"male": 1.0, "name": "20 years", "female": 7.0}, {"male": 5.0, "name": "21 years", "female": 6.0}, {"male": 14.0, "name": "22 to 24 years", "female": 24.0}, {"male": 60.0, "name": "25 to 29 years", "female": 57.0}, {"male": 41.0, "name": "30 to 34 years", "female": 49.0}, {"male": 52.0, "name": "35 to 39 years", "female": 35.0}, {"male": 35.0, "name": "40 to 44 years", "female": 57.0}, {"male": 88.0, "name": "45 to 49 years", "female": 76.0}, {"male": 70.0, "name": "50 to 54 years", "female": 74.0}, {"male": 94.0, "name": "55 to 59 years", "female": 67.0}, {"male": 41.0, "name": "60 to 61 years", "female": 37.0}, {"male": 38.0, "name": "62 to 64 years", "female": 50.0}, {"male": 28.0, "name": "65 and 66 years", "female": 29.0}, {"male": 34.0, "name": "67 to 69 years", "female": 34.0}, {"male": 63.0, "name": "70 to 74 years", "female": 56.0}, {"male": 38.0, "name": "75 to 79 years", "female": 55.0}, {"male": 31.0, "name": "80 to 84 years", "female": 30.0}, {"male": 21.0, "name": "85 years and over", "female": 44.0}], "age_by_sex": [{"name": "Male", "value": 47.799999999999997}, {"name": "Female", "value": 47.799999999999997}], "GEOID": "35011", "NECTA": ""}, "Guadalupe County": {"CNECTA": "", "COUNTY": "019", "HU100": "2393", "NAME": "Guadalupe County", "P001001.2000": "4680", "CSA": "999", "P001001": "4687", "POP100": "4687", "SUMLEV": "050", "STATE": "35", "CBSA": "99999", "race": [{"name": "White", "value": 3298}, {"name": "Black", "value": 79}, {"name": "American Indian or Alaska", "value": 90}, {"name": "Asian", "value": 62}, {"name": "Native Hawaiian", "value": 0}, {"name": "Other Race", "value": 1004}, {"name": "Two or More Races", "value": 154}], "HU100.2000": "2160", "POP100.2000": "4680", "sex_by_age": [{"male": 139.0, "name": "Under 5 years", "female": 127.0}, {"male": 165.0, "name": "5 to 9 years", "female": 143.0}, {"male": 133.0, "name": "10 to 14 years", "female": 129.0}, {"male": 109.0, "name": "15 to 17 years", "female": 76.0}, {"male": 56.0, "name": "18 and 19 years", "female": 46.0}, {"male": 14.0, "name": "20 years", "female": 17.0}, {"male": 27.0, "name": "21 years", "female": 24.0}, {"male": 112.0, "name": "22 to 24 years", "female": 84.0}, {"male": 220.0, "name": "25 to 29 years", "female": 118.0}, {"male": 225.0, "name": "30 to 34 years", "female": 107.0}, {"male": 168.0, "name": "35 to 39 years", "female": 96.0}, {"male": 172.0, "name": "40 to 44 years", "female": 113.0}, {"male": 221.0, "name": "45 to 49 years", "female": 163.0}, {"male": 210.0, "name": "50 to 54 years", "female": 177.0}, {"male": 191.0, "name": "55 to 59 years", "female": 117.0}, {"male": 60.0, "name": "60 to 61 years", "female": 49.0}, {"male": 77.0, "name": "62 to 64 years", "female": 74.0}, {"male": 42.0, "name": "65 and 66 years", "female": 31.0}, {"male": 49.0, "name": "67 to 69 years", "female": 78.0}, {"male": 96.0, "name": "70 to 74 years", "female": 109.0}, {"male": 70.0, "name": "75 to 79 years", "female": 75.0}, {"male": 58.0, "name": "80 to 84 years", "female": 47.0}, {"male": 34.0, "name": "85 years and over", "female": 39.0}], "age_by_sex": [{"name": "Male", "value": 38.5}, {"name": "Female", "value": 42.399999999999999}], "GEOID": "35019", "NECTA": ""}}