{"Carson City": {"CNECTA": "", "COUNTY": "510", "HU100": "23534", "NAME": "Carson City", "P001001.2000": "52457", "CSA": "999", "P001001": "55274", "POP100": "55274", "SUMLEV": "050", "STATE": "32", "CBSA": "16180", "race": [{"name": "White", "value": 44807}, {"name": "Black", "value": 1054}, {"name": "American Indian or Alaska", "value": 1306}, {"name": "Asian", "value": 1181}, {"name": "Native Hawaiian", "value": 101}, {"name": "Other Race", "value": 5205}, {"name": "Two or More Races", "value": 1620}], "HU100.2000": "21283", "POP100.2000": "52457", "sex_by_age": [{"male": 1677.0, "name": "Under 5 years", "female": 1546.0}, {"male": 1621.0, "name": "5 to 9 years", "female": 1566.0}, {"male": 1673.0, "name": "10 to 14 years", "female": 1629.0}, {"male": 1081.0, "name": "15 to 17 years", "female": 1022.0}, {"male": 700.0, "name": "18 and 19 years", "female": 652.0}, {"male": 347.0, "name": "20 years", "female": 330.0}, {"male": 326.0, "name": "21 years", "female": 311.0}, {"male": 1124.0, "name": "22 to 24 years", "female": 885.0}, {"male": 1993.0, "name": "25 to 29 years", "female": 1395.0}, {"male": 1835.0, "name": "30 to 34 years", "female": 1404.0}, {"male": 1763.0, "name": "35 to 39 years", "female": 1492.0}, {"male": 2108.0, "name": "40 to 44 years", "female": 1628.0}, {"male": 2273.0, "name": "45 to 49 years", "female": 1959.0}, {"male": 2229.0, "name": "50 to 54 years", "female": 1967.0}, {"male": 1985.0, "name": "55 to 59 years", "female": 1920.0}, {"male": 769.0, "name": "60 to 61 years", "female": 754.0}, {"male": 1081.0, "name": "62 to 64 years", "female": 1096.0}, {"male": 560.0, "name": "65 and 66 years", "female": 599.0}, {"male": 817.0, "name": "67 to 69 years", "female": 798.0}, {"male": 982.0, "name": "70 to 74 years", "female": 1068.0}, {"male": 757.0, "name": "75 to 79 years", "female": 923.0}, {"male": 552.0, "name": "80 to 84 years", "female": 789.0}, {"male": 435.0, "name": "85 years and over", "female": 853.0}], "age_by_sex": [{"name": "Male", "value": 40.5}, {"name": "Female", "value": 43.299999999999997}], "GEOID": "32510", "NECTA": ""}, "Esmeralda County": {"CNECTA": "", "COUNTY": "009", "HU100": "850", "NAME": "Esmeralda County", "P001001.2000": "971", "CSA": "999", "P001001": "783", "POP100": "783", "SUMLEV": "050", "STATE": "32", "CBSA": "99999", "race": [{"name": "White", "value": 661}, {"name": "Black", "value": 0}, {"name": "American Indian or Alaska", "value": 33}, {"name": "Asian", "value": 3}, {"name": "Native Hawaiian", "value": 0}, {"name": "Other Race", "value": 52}, {"name": "Two or More Races", "value": 34}], "HU100.2000": "833", "POP100.2000": "971", "sex_by_age": [{"male": 18.0, "name": "Under 5 years", "female": 21.0}, {"male": 16.0, "name": "5 to 9 years", "female": 13.0}, {"male": 26.0, "name": "10 to 14 years", "female": 14.0}, {"male": 19.0, "name": "15 to 17 years", "female": 5.0}, {"male": 8.0, "name": "18 and 19 years", "female": 6.0}, {"male": 1.0, "name": "20 years", "female": 0.0}, {"male": 2.0, "name": "21 years", "female": 3.0}, {"male": 4.0, "name": "22 to 24 years", "female": 6.0}, {"male": 15.0, "name": "25 to 29 years", "female": 11.0}, {"male": 20.0, "name": "30 to 34 years", "female": 17.0}, {"male": 21.0, "name": "35 to 39 years", "female": 19.0}, {"male": 15.0, "name": "40 to 44 years", "female": 21.0}, {"male": 36.0, "name": "45 to 49 years", "female": 21.0}, {"male": 31.0, "name": "50 to 54 years", "female": 34.0}, {"male": 31.0, "name": "55 to 59 years", "female": 25.0}, {"male": 16.0, "name": "60 to 61 years", "female": 16.0}, {"male": 42.0, "name": "62 to 64 years", "female": 28.0}, {"male": 11.0, "name": "65 and 66 years", "female": 13.0}, {"male": 22.0, "name": "67 to 69 years", "female": 20.0}, {"male": 40.0, "name": "70 to 74 years", "female": 24.0}, {"male": 23.0, "name": "75 to 79 years", "female": 12.0}, {"male": 13.0, "name": "80 to 84 years", "female": 11.0}, {"male": 4.0, "name": "85 years and over", "female": 9.0}], "age_by_sex": [{"name": "Male", "value": 52.399999999999999}, {"name": "Female", "value": 53.299999999999997}], "GEOID": "32009", "NECTA": ""}, "Humboldt County": {"CNECTA": "", "COUNTY": "013", "HU100": "7123", "NAME": "Humboldt County", "P001001.2000": "16106", "CSA": "999", "P001001": "16528", "POP100": "16528", "SUMLEV": "050", "STATE": "32", "CBSA": "99999", "race": [{"name": "White", "value": 13053}, {"name": "Black", "value": 87}, {"name": "American Indian or Alaska", "value": 692}, {"name": "Asian", "value": 120}, {"name": "Native Hawaiian", "value": 19}, {"name": "Other Race", "value": 2095}, {"name": "Two or More Races", "value": 462}], "HU100.2000": "6954", "POP100.2000": "16106", "sex_by_age": [{"male": 655.0, "name": "Under 5 years", "female": 619.0}, {"male": 635.0, "name": "5 to 9 years", "female": 592.0}, {"male": 642.0, "name": "10 to 14 years", "female": 636.0}, {"male": 383.0, "name": "15 to 17 years", "female": 362.0}, {"male": 227.0, "name": "18 and 19 years", "female": 181.0}, {"male": 109.0, "name": "20 years", "female": 75.0}, {"male": 89.0, "name": "21 years", "female": 85.0}, {"male": 343.0, "name": "22 to 24 years", "female": 295.0}, {"male": 598.0, "name": "25 to 29 years", "female": 521.0}, {"male": 493.0, "name": "30 to 34 years", "female": 478.0}, {"male": 577.0, "name": "35 to 39 years", "female": 481.0}, {"male": 544.0, "name": "40 to 44 years", "female": 519.0}, {"male": 674.0, "name": "45 to 49 years", "female": 603.0}, {"male": 694.0, "name": "50 to 54 years", "female": 614.0}, {"male": 608.0, "name": "55 to 59 years", "female": 567.0}, {"male": 221.0, "name": "60 to 61 years", "female": 187.0}, {"male": 308.0, "name": "62 to 64 years", "female": 221.0}, {"male": 145.0, "name": "65 and 66 years", "female": 135.0}, {"male": 176.0, "name": "67 to 69 years", "female": 165.0}, {"male": 234.0, "name": "70 to 74 years", "female": 198.0}, {"male": 138.0, "name": "75 to 79 years", "female": 159.0}, {"male": 97.0, "name": "80 to 84 years", "female": 89.0}, {"male": 64.0, "name": "85 years and over", "female": 92.0}], "age_by_sex": [{"name": "Male", "value": 36.299999999999997}, {"name": "Female", "value": 36.0}], "GEOID": "32013", "NECTA": ""}, "Elko County": {"CNECTA": "", "COUNTY": "007", "HU100": "19566", "NAME": "Elko County", "P001001.2000": "45291", "CSA": "999", "P001001": "48818", "POP100": "48818", "SUMLEV": "050", "STATE": "32", "CBSA": "21220", "race": [{"name": "White", "value": 38772}, {"name": "Black", "value": 378}, {"name": "American Indian or Alaska", "value": 2594}, {"name": "Asian", "value": 442}, {"name": "Native Hawaiian", "value": 69}, {"name": "Other Race", "value": 5022}, {"name": "Two or More Races", "value": 1541}], "HU100.2000": "18456", "POP100.2000": "45291", "sex_by_age": [{"male": 2100.0, "name": "Under 5 years", "female": 1978.0}, {"male": 1972.0, "name": "5 to 9 years", "female": 1816.0}, {"male": 2019.0, "name": "10 to 14 years", "female": 1953.0}, {"male": 1234.0, "name": "15 to 17 years", "female": 1158.0}, {"male": 765.0, "name": "18 and 19 years", "female": 680.0}, {"male": 360.0, "name": "20 years", "female": 320.0}, {"male": 328.0, "name": "21 years", "female": 257.0}, {"male": 1023.0, "name": "22 to 24 years", "female": 894.0}, {"male": 1775.0, "name": "25 to 29 years", "female": 1624.0}, {"male": 1637.0, "name": "30 to 34 years", "female": 1482.0}, {"male": 1557.0, "name": "35 to 39 years", "female": 1488.0}, {"male": 1725.0, "name": "40 to 44 years", "female": 1589.0}, {"male": 1918.0, "name": "45 to 49 years", "female": 1773.0}, {"male": 1904.0, "name": "50 to 54 years", "female": 1758.0}, {"male": 1685.0, "name": "55 to 59 years", "female": 1487.0}, {"male": 544.0, "name": "60 to 61 years", "female": 504.0}, {"male": 704.0, "name": "62 to 64 years", "female": 664.0}, {"male": 395.0, "name": "65 and 66 years", "female": 361.0}, {"male": 512.0, "name": "67 to 69 years", "female": 430.0}, {"male": 559.0, "name": "70 to 74 years", "female": 471.0}, {"male": 321.0, "name": "75 to 79 years", "female": 309.0}, {"male": 202.0, "name": "80 to 84 years", "female": 243.0}, {"male": 115.0, "name": "85 years and over", "female": 225.0}], "age_by_sex": [{"name": "Male", "value": 33.299999999999997}, {"name": "Female", "value": 33.399999999999999}], "GEOID": "32007", "NECTA": ""}, "Lincoln County": {"CNECTA": "", "COUNTY": "017", "HU100": "2730", "NAME": "Lincoln County", "P001001.2000": "4165", "CSA": "999", "P001001": "5345", "POP100": "5345", "SUMLEV": "050", "STATE": "32", "CBSA": "99999", "race": [{"name": "White", "value": 4871}, {"name": "Black", "value": 121}, {"name": "American Indian or Alaska", "value": 61}, {"name": "Asian", "value": 40}, {"name": "Native Hawaiian", "value": 15}, {"name": "Other Race", "value": 116}, {"name": "Two or More Races", "value": 121}], "HU100.2000": "2178", "POP100.2000": "4165", "sex_by_age": [{"male": 163.0, "name": "Under 5 years", "female": 155.0}, {"male": 205.0, "name": "5 to 9 years", "female": 165.0}, {"male": 208.0, "name": "10 to 14 years", "female": 188.0}, {"male": 187.0, "name": "15 to 17 years", "female": 166.0}, {"male": 89.0, "name": "18 and 19 years", "female": 55.0}, {"male": 32.0, "name": "20 years", "female": 17.0}, {"male": 36.0, "name": "21 years", "female": 18.0}, {"male": 110.0, "name": "22 to 24 years", "female": 56.0}, {"male": 166.0, "name": "25 to 29 years", "female": 117.0}, {"male": 168.0, "name": "30 to 34 years", "female": 111.0}, {"male": 146.0, "name": "35 to 39 years", "female": 121.0}, {"male": 164.0, "name": "40 to 44 years", "female": 138.0}, {"male": 177.0, "name": "45 to 49 years", "female": 167.0}, {"male": 159.0, "name": "50 to 54 years", "female": 169.0}, {"male": 186.0, "name": "55 to 59 years", "female": 174.0}, {"male": 88.0, "name": "60 to 61 years", "female": 63.0}, {"male": 101.0, "name": "62 to 64 years", "female": 112.0}, {"male": 77.0, "name": "65 and 66 years", "female": 65.0}, {"male": 95.0, "name": "67 to 69 years", "female": 117.0}, {"male": 135.0, "name": "70 to 74 years", "female": 129.0}, {"male": 103.0, "name": "75 to 79 years", "female": 66.0}, {"male": 57.0, "name": "80 to 84 years", "female": 48.0}, {"male": 25.0, "name": "85 years and over", "female": 51.0}], "age_by_sex": [{"name": "Male", "value": 37.700000000000003}, {"name": "Female", "value": 42.0}], "GEOID": "32017", "NECTA": ""}, "Eureka County": {"CNECTA": "", "COUNTY": "011", "HU100": "1076", "NAME": "Eureka County", "P001001.2000": "1651", "CSA": "999", "P001001": "1987", "POP100": "1987", "SUMLEV": "050", "STATE": "32", "CBSA": "21220", "race": [{"name": "White", "value": 1775}, {"name": "Black", "value": 2}, {"name": "American Indian or Alaska", "value": 47}, {"name": "Asian", "value": 18}, {"name": "Native Hawaiian", "value": 0}, {"name": "Other Race", "value": 101}, {"name": "Two or More Races", "value": 44}], "HU100.2000": "1025", "POP100.2000": "1651", "sex_by_age": [{"male": 76.0, "name": "Under 5 years", "female": 68.0}, {"male": 56.0, "name": "5 to 9 years", "female": 58.0}, {"male": 48.0, "name": "10 to 14 years", "female": 86.0}, {"male": 38.0, "name": "15 to 17 years", "female": 51.0}, {"male": 22.0, "name": "18 and 19 years", "female": 17.0}, {"male": 9.0, "name": "20 years", "female": 7.0}, {"male": 6.0, "name": "21 years", "female": 13.0}, {"male": 38.0, "name": "22 to 24 years", "female": 23.0}, {"male": 43.0, "name": "25 to 29 years", "female": 33.0}, {"male": 64.0, "name": "30 to 34 years", "female": 61.0}, {"male": 65.0, "name": "35 to 39 years", "female": 54.0}, {"male": 68.0, "name": "40 to 44 years", "female": 57.0}, {"male": 103.0, "name": "45 to 49 years", "female": 83.0}, {"male": 103.0, "name": "50 to 54 years", "female": 79.0}, {"male": 100.0, "name": "55 to 59 years", "female": 68.0}, {"male": 37.0, "name": "60 to 61 years", "female": 20.0}, {"male": 42.0, "name": "62 to 64 years", "female": 34.0}, {"male": 18.0, "name": "65 and 66 years", "female": 22.0}, {"male": 39.0, "name": "67 to 69 years", "female": 20.0}, {"male": 26.0, "name": "70 to 74 years", "female": 29.0}, {"male": 21.0, "name": "75 to 79 years", "female": 29.0}, {"male": 21.0, "name": "80 to 84 years", "female": 17.0}, {"male": 5.0, "name": "85 years and over", "female": 10.0}], "age_by_sex": [{"name": "Male", "value": 44.299999999999997}, {"name": "Female", "value": 39.899999999999999}], "GEOID": "32011", "NECTA": ""}, "Lander County": {"CNECTA": "", "COUNTY": "015", "HU100": "2575", "NAME": "Lander County", "P001001.2000": "5794", "CSA": "999", "P001001": "5775", "POP100": "5775", "SUMLEV": "050", "STATE": "32", "CBSA": "99999", "race": [{"name": "White", "value": 4853}, {"name": "Black", "value": 20}, {"name": "American Indian or Alaska", "value": 242}, {"name": "Asian", "value": 21}, {"name": "Native Hawaiian", "value": 1}, {"name": "Other Race", "value": 496}, {"name": "Two or More Races", "value": 142}], "HU100.2000": "2780", "POP100.2000": "5794", "sex_by_age": [{"male": 191.0, "name": "Under 5 years", "female": 261.0}, {"male": 215.0, "name": "5 to 9 years", "female": 202.0}, {"male": 225.0, "name": "10 to 14 years", "female": 206.0}, {"male": 145.0, "name": "15 to 17 years", "female": 149.0}, {"male": 85.0, "name": "18 and 19 years", "female": 74.0}, {"male": 29.0, "name": "20 years", "female": 29.0}, {"male": 32.0, "name": "21 years", "female": 36.0}, {"male": 115.0, "name": "22 to 24 years", "female": 95.0}, {"male": 179.0, "name": "25 to 29 years", "female": 173.0}, {"male": 166.0, "name": "30 to 34 years", "female": 155.0}, {"male": 158.0, "name": "35 to 39 years", "female": 161.0}, {"male": 213.0, "name": "40 to 44 years", "female": 196.0}, {"male": 221.0, "name": "45 to 49 years", "female": 202.0}, {"male": 227.0, "name": "50 to 54 years", "female": 214.0}, {"male": 209.0, "name": "55 to 59 years", "female": 195.0}, {"male": 69.0, "name": "60 to 61 years", "female": 71.0}, {"male": 109.0, "name": "62 to 64 years", "female": 87.0}, {"male": 66.0, "name": "65 and 66 years", "female": 57.0}, {"male": 74.0, "name": "67 to 69 years", "female": 72.0}, {"male": 93.0, "name": "70 to 74 years", "female": 87.0}, {"male": 56.0, "name": "75 to 79 years", "female": 60.0}, {"male": 33.0, "name": "80 to 84 years", "female": 33.0}, {"male": 18.0, "name": "85 years and over", "female": 32.0}], "age_by_sex": [{"name": "Male", "value": 37.799999999999997}, {"name": "Female", "value": 36.600000000000001}], "GEOID": "32015", "NECTA": ""}, "Mineral County": {"CNECTA": "", "COUNTY": "021", "HU100": "2830", "NAME": "Mineral County", "P001001.2000": "5071", "CSA": "999", "P001001": "4772", "POP100": "4772", "SUMLEV": "050", "STATE": "32", "CBSA": "99999", "race": [{"name": "White", "value": 3462}, {"name": "Black", "value": 196}, {"name": "American Indian or Alaska", "value": 742}, {"name": "Asian", "value": 53}, {"name": "Native Hawaiian", "value": 6}, {"name": "Other Race", "value": 101}, {"name": "Two or More Races", "value": 212}], "HU100.2000": "2866", "POP100.2000": "5071", "sex_by_age": [{"male": 127.0, "name": "Under 5 years", "female": 95.0}, {"male": 103.0, "name": "5 to 9 years", "female": 118.0}, {"male": 109.0, "name": "10 to 14 years", "female": 133.0}, {"male": 89.0, "name": "15 to 17 years", "female": 100.0}, {"male": 62.0, "name": "18 and 19 years", "female": 41.0}, {"male": 25.0, "name": "20 years", "female": 30.0}, {"male": 22.0, "name": "21 years", "female": 28.0}, {"male": 78.0, "name": "22 to 24 years", "female": 76.0}, {"male": 108.0, "name": "25 to 29 years", "female": 111.0}, {"male": 101.0, "name": "30 to 34 years", "female": 90.0}, {"male": 91.0, "name": "35 to 39 years", "female": 110.0}, {"male": 118.0, "name": "40 to 44 years", "female": 128.0}, {"male": 176.0, "name": "45 to 49 years", "female": 180.0}, {"male": 208.0, "name": "50 to 54 years", "female": 214.0}, {"male": 194.0, "name": "55 to 59 years", "female": 193.0}, {"male": 76.0, "name": "60 to 61 years", "female": 85.0}, {"male": 140.0, "name": "62 to 64 years", "female": 137.0}, {"male": 73.0, "name": "65 and 66 years", "female": 50.0}, {"male": 101.0, "name": "67 to 69 years", "female": 97.0}, {"male": 152.0, "name": "70 to 74 years", "female": 150.0}, {"male": 84.0, "name": "75 to 79 years", "female": 94.0}, {"male": 69.0, "name": "80 to 84 years", "female": 98.0}, {"male": 44.0, "name": "85 years and over", "female": 64.0}], "age_by_sex": [{"name": "Male", "value": 49.100000000000001}, {"name": "Female", "value": 49.299999999999997}], "GEOID": "32021", "NECTA": ""}, "Douglas County": {"CNECTA": "", "COUNTY": "005", "HU100": "23671", "NAME": "Douglas County", "P001001.2000": "41259", "CSA": "472", "P001001": "46997", "POP100": "46997", "SUMLEV": "050", "STATE": "32", "CBSA": "23820", "race": [{"name": "White", "value": 42130}, {"name": "Black", "value": 201}, {"name": "American Indian or Alaska", "value": 896}, {"name": "Asian", "value": 725}, {"name": "Native Hawaiian", "value": 66}, {"name": "Other Race", "value": 1506}, {"name": "Two or More Races", "value": 1473}], "HU100.2000": "19006", "POP100.2000": "41259", "sex_by_age": [{"male": 1229.0, "name": "Under 5 years", "female": 1076.0}, {"male": 1304.0, "name": "5 to 9 years", "female": 1292.0}, {"male": 1428.0, "name": "10 to 14 years", "female": 1310.0}, {"male": 949.0, "name": "15 to 17 years", "female": 897.0}, {"male": 511.0, "name": "18 and 19 years", "female": 484.0}, {"male": 233.0, "name": "20 years", "female": 183.0}, {"male": 222.0, "name": "21 years", "female": 198.0}, {"male": 602.0, "name": "22 to 24 years", "female": 551.0}, {"male": 1072.0, "name": "25 to 29 years", "female": 1072.0}, {"male": 1057.0, "name": "30 to 34 years", "female": 1041.0}, {"male": 1114.0, "name": "35 to 39 years", "female": 1154.0}, {"male": 1385.0, "name": "40 to 44 years", "female": 1440.0}, {"male": 1712.0, "name": "45 to 49 years", "female": 1917.0}, {"male": 1953.0, "name": "50 to 54 years", "female": 2133.0}, {"male": 1995.0, "name": "55 to 59 years", "female": 2063.0}, {"male": 757.0, "name": "60 to 61 years", "female": 799.0}, {"male": 1213.0, "name": "62 to 64 years", "female": 1172.0}, {"male": 739.0, "name": "65 and 66 years", "female": 636.0}, {"male": 939.0, "name": "67 to 69 years", "female": 952.0}, {"male": 1246.0, "name": "70 to 74 years", "female": 1123.0}, {"male": 910.0, "name": "75 to 79 years", "female": 850.0}, {"male": 524.0, "name": "80 to 84 years", "female": 610.0}, {"male": 387.0, "name": "85 years and over", "female": 563.0}], "age_by_sex": [{"name": "Male", "value": 46.899999999999999}, {"name": "Female", "value": 47.899999999999999}], "GEOID": "32005", "NECTA": ""}, "Nye County": {"CNECTA": "", "COUNTY": "023", "HU100": "22350", "NAME": "Nye County", "P001001.2000": "32485", "CSA": "332", "P001001": "43946", "POP100": "43946", "SUMLEV": "050", "STATE": "32", "CBSA": "37220", "race": [{"name": "White", "value": 37755}, {"name": "Black", "value": 874}, {"name": "American Indian or Alaska", "value": 703}, {"name": "Asian", "value": 572}, {"name": "Native Hawaiian", "value": 211}, {"name": "Other Race", "value": 2273}, {"name": "Two or More Races", "value": 1558}], "HU100.2000": "15934", "POP100.2000": "32485", "sex_by_age": [{"male": 1087.0, "name": "Under 5 years", "female": 1122.0}, {"male": 1222.0, "name": "5 to 9 years", "female": 1168.0}, {"male": 1407.0, "name": "10 to 14 years", "female": 1326.0}, {"male": 919.0, "name": "15 to 17 years", "female": 837.0}, {"male": 483.0, "name": "18 and 19 years", "female": 451.0}, {"male": 213.0, "name": "20 years", "female": 167.0}, {"male": 194.0, "name": "21 years", "female": 160.0}, {"male": 548.0, "name": "22 to 24 years", "female": 527.0}, {"male": 900.0, "name": "25 to 29 years", "female": 870.0}, {"male": 872.0, "name": "30 to 34 years", "female": 931.0}, {"male": 992.0, "name": "35 to 39 years", "female": 1038.0}, {"male": 1184.0, "name": "40 to 44 years", "female": 1202.0}, {"male": 1556.0, "name": "45 to 49 years", "female": 1658.0}, {"male": 1774.0, "name": "50 to 54 years", "female": 1673.0}, {"male": 1698.0, "name": "55 to 59 years", "female": 1748.0}, {"male": 658.0, "name": "60 to 61 years", "female": 718.0}, {"male": 1167.0, "name": "62 to 64 years", "female": 1175.0}, {"male": 793.0, "name": "65 and 66 years", "female": 754.0}, {"male": 1120.0, "name": "67 to 69 years", "female": 1053.0}, {"male": 1574.0, "name": "70 to 74 years", "female": 1362.0}, {"male": 1018.0, "name": "75 to 79 years", "female": 874.0}, {"male": 554.0, "name": "80 to 84 years", "female": 522.0}, {"male": 253.0, "name": "85 years and over", "female": 424.0}], "age_by_sex": [{"name": "Male", "value": 48.399999999999999}, {"name": "Female", "value": 48.399999999999999}], "GEOID": "32023", "NECTA": ""}, "Washoe County": {"CNECTA": "", "COUNTY": "031", "HU100": "184841", "NAME": "Washoe County", "P001001.2000": "339486", "CSA": "456", "P001001": "421407", "POP100": "421407", "SUMLEV": "050", "STATE": "32", "CBSA": "39900", "race": [{"name": "White", "value": 324070}, {"name": "Black", "value": 9814}, {"name": "American Indian or Alaska", "value": 7209}, {"name": "Asian", "value": 21790}, {"name": "Native Hawaiian", "value": 2542}, {"name": "Other Race", "value": 40038}, {"name": "Two or More Races", "value": 15944}], "HU100.2000": "143908", "POP100.2000": "339486", "sex_by_age": [{"male": 14345.0, "name": "Under 5 years", "female": 13653.0}, {"male": 14071.0, "name": "5 to 9 years", "female": 12992.0}, {"male": 14259.0, "name": "10 to 14 years", "female": 13376.0}, {"male": 8512.0, "name": "15 to 17 years", "female": 8124.0}, {"male": 6439.0, "name": "18 and 19 years", "female": 6271.0}, {"male": 3367.0, "name": "20 years", "female": 3337.0}, {"male": 3288.0, "name": "21 years", "female": 3143.0}, {"male": 9771.0, "name": "22 to 24 years", "female": 9117.0}, {"male": 15153.0, "name": "25 to 29 years", "female": 14465.0}, {"male": 13703.0, "name": "30 to 34 years", "female": 13148.0}, {"male": 13632.0, "name": "35 to 39 years", "female": 13088.0}, {"male": 14679.0, "name": "40 to 44 years", "female": 13954.0}, {"male": 15628.0, "name": "45 to 49 years", "female": 15135.0}, {"male": 15384.0, "name": "50 to 54 years", "female": 15175.0}, {"male": 13953.0, "name": "55 to 59 years", "female": 14141.0}, {"male": 5283.0, "name": "60 to 61 years", "female": 5209.0}, {"male": 7456.0, "name": "62 to 64 years", "female": 7277.0}, {"male": 4024.0, "name": "65 and 66 years", "female": 4023.0}, {"male": 5122.0, "name": "67 to 69 years", "female": 5017.0}, {"male": 6052.0, "name": "70 to 74 years", "female": 6217.0}, {"male": 4023.0, "name": "75 to 79 years", "female": 4614.0}, {"male": 2631.0, "name": "80 to 84 years", "female": 3605.0}, {"male": 1969.0, "name": "85 years and over", "female": 3582.0}], "age_by_sex": [{"name": "Male", "value": 36.299999999999997}, {"name": "Female", "value": 37.700000000000003}], "GEOID": "32031", "NECTA": ""}, "Storey County": {"CNECTA": "", "COUNTY": "029", "HU100": "1990", "NAME": "Storey County", "P001001.2000": "3399", "CSA": "456", "P001001": "4010", "POP100": "4010", "SUMLEV": "050", "STATE": "32", "CBSA": "39900", "race": [{"name": "White", "value": 3693}, {"name": "Black", "value": 40}, {"name": "American Indian or Alaska", "value": 64}, {"name": "Asian", "value": 66}, {"name": "Native Hawaiian", "value": 15}, {"name": "Other Race", "value": 45}, {"name": "Two or More Races", "value": 87}], "HU100.2000": "1596", "POP100.2000": "3399", "sex_by_age": [{"male": 92.0, "name": "Under 5 years", "female": 82.0}, {"male": 87.0, "name": "5 to 9 years", "female": 91.0}, {"male": 118.0, "name": "10 to 14 years", "female": 75.0}, {"male": 90.0, "name": "15 to 17 years", "female": 66.0}, {"male": 35.0, "name": "18 and 19 years", "female": 39.0}, {"male": 10.0, "name": "20 years", "female": 10.0}, {"male": 17.0, "name": "21 years", "female": 13.0}, {"male": 46.0, "name": "22 to 24 years", "female": 40.0}, {"male": 64.0, "name": "25 to 29 years", "female": 76.0}, {"male": 81.0, "name": "30 to 34 years", "female": 78.0}, {"male": 92.0, "name": "35 to 39 years", "female": 94.0}, {"male": 93.0, "name": "40 to 44 years", "female": 121.0}, {"male": 182.0, "name": "45 to 49 years", "female": 174.0}, {"male": 225.0, "name": "50 to 54 years", "female": 217.0}, {"male": 197.0, "name": "55 to 59 years", "female": 225.0}, {"male": 97.0, "name": "60 to 61 years", "female": 85.0}, {"male": 132.0, "name": "62 to 64 years", "female": 128.0}, {"male": 74.0, "name": "65 and 66 years", "female": 60.0}, {"male": 100.0, "name": "67 to 69 years", "female": 89.0}, {"male": 110.0, "name": "70 to 74 years", "female": 87.0}, {"male": 63.0, "name": "75 to 79 years", "female": 48.0}, {"male": 23.0, "name": "80 to 84 years", "female": 38.0}, {"male": 16.0, "name": "85 years and over", "female": 30.0}], "age_by_sex": [{"name": "Male", "value": 50.399999999999999}, {"name": "Female", "value": 50.600000000000001}], "GEOID": "32029", "NECTA": ""}, "Lyon County": {"CNECTA": "", "COUNTY": "019", "HU100": "22547", "NAME": "Lyon County", "P001001.2000": "34501", "CSA": "456", "P001001": "51980", "POP100": "51980", "SUMLEV": "050", "STATE": "32", "CBSA": "22280", "race": [{"name": "White", "value": 44164}, {"name": "Black", "value": 417}, {"name": "American Indian or Alaska", "value": 1286}, {"name": "Asian", "value": 725}, {"name": "Native Hawaiian", "value": 130}, {"name": "Other Race", "value": 3320}, {"name": "Two or More Races", "value": 1938}], "HU100.2000": "14279", "POP100.2000": "34501", "sex_by_age": [{"male": 1748.0, "name": "Under 5 years", "female": 1656.0}, {"male": 1755.0, "name": "5 to 9 years", "female": 1756.0}, {"male": 1852.0, "name": "10 to 14 years", "female": 1800.0}, {"male": 1264.0, "name": "15 to 17 years", "female": 1097.0}, {"male": 620.0, "name": "18 and 19 years", "female": 551.0}, {"male": 269.0, "name": "20 years", "female": 233.0}, {"male": 222.0, "name": "21 years", "female": 215.0}, {"male": 715.0, "name": "22 to 24 years", "female": 707.0}, {"male": 1326.0, "name": "25 to 29 years", "female": 1393.0}, {"male": 1493.0, "name": "30 to 34 years", "female": 1516.0}, {"male": 1574.0, "name": "35 to 39 years", "female": 1588.0}, {"male": 1708.0, "name": "40 to 44 years", "female": 1607.0}, {"male": 1917.0, "name": "45 to 49 years", "female": 1873.0}, {"male": 1971.0, "name": "50 to 54 years", "female": 1955.0}, {"male": 1828.0, "name": "55 to 59 years", "female": 1940.0}, {"male": 724.0, "name": "60 to 61 years", "female": 730.0}, {"male": 1082.0, "name": "62 to 64 years", "female": 1080.0}, {"male": 658.0, "name": "65 and 66 years", "female": 660.0}, {"male": 952.0, "name": "67 to 69 years", "female": 856.0}, {"male": 1132.0, "name": "70 to 74 years", "female": 1056.0}, {"male": 719.0, "name": "75 to 79 years", "female": 692.0}, {"male": 397.0, "name": "80 to 84 years", "female": 488.0}, {"male": 252.0, "name": "85 years and over", "female": 353.0}], "age_by_sex": [{"name": "Male", "value": 40.700000000000003}, {"name": "Female", "value": 41.100000000000001}], "GEOID": "32019", "NECTA": ""}, "Churchill County": {"CNECTA": "", "COUNTY": "001", "HU100": "10826", "NAME": "Churchill County", "P001001.2000": "23982", "CSA": "999", "P001001": "24877", "POP100": "24877", "SUMLEV": "050", "STATE": "32", "CBSA": "21980", "race": [{"name": "White", "value": 20407}, {"name": "Black", "value": 395}, {"name": "American Indian or Alaska", "value": 1129}, {"name": "Asian", "value": 665}, {"name": "Native Hawaiian", "value": 51}, {"name": "Other Race", "value": 1183}, {"name": "Two or More Races", "value": 1047}], "HU100.2000": "9732", "POP100.2000": "23982", "sex_by_age": [{"male": 873.0, "name": "Under 5 years", "female": 803.0}, {"male": 852.0, "name": "5 to 9 years", "female": 805.0}, {"male": 896.0, "name": "10 to 14 years", "female": 907.0}, {"male": 610.0, "name": "15 to 17 years", "female": 528.0}, {"male": 302.0, "name": "18 and 19 years", "female": 268.0}, {"male": 167.0, "name": "20 years", "female": 152.0}, {"male": 131.0, "name": "21 years", "female": 159.0}, {"male": 469.0, "name": "22 to 24 years", "female": 425.0}, {"male": 813.0, "name": "25 to 29 years", "female": 760.0}, {"male": 753.0, "name": "30 to 34 years", "female": 688.0}, {"male": 713.0, "name": "35 to 39 years", "female": 699.0}, {"male": 738.0, "name": "40 to 44 years", "female": 789.0}, {"male": 926.0, "name": "45 to 49 years", "female": 888.0}, {"male": 853.0, "name": "50 to 54 years", "female": 899.0}, {"male": 777.0, "name": "55 to 59 years", "female": 832.0}, {"male": 346.0, "name": "60 to 61 years", "female": 334.0}, {"male": 469.0, "name": "62 to 64 years", "female": 472.0}, {"male": 283.0, "name": "65 and 66 years", "female": 275.0}, {"male": 382.0, "name": "67 to 69 years", "female": 363.0}, {"male": 465.0, "name": "70 to 74 years", "female": 479.0}, {"male": 320.0, "name": "75 to 79 years", "female": 337.0}, {"male": 208.0, "name": "80 to 84 years", "female": 286.0}, {"male": 162.0, "name": "85 years and over", "female": 221.0}], "age_by_sex": [{"name": "Male", "value": 38.100000000000001}, {"name": "Female", "value": 39.899999999999999}], "GEOID": "32001", "NECTA": ""}, "White Pine County": {"CNECTA": "", "COUNTY": "033", "HU100": "4498", "NAME": "White Pine County", "P001001.2000": "9181", "CSA": "999", "P001001": "10030", "POP100": "10030", "SUMLEV": "050", "STATE": "32", "CBSA": "99999", "race": [{"name": "White", "value": 8575}, {"name": "Black", "value": 395}, {"name": "American Indian or Alaska", "value": 419}, {"name": "Asian", "value": 97}, {"name": "Native Hawaiian", "value": 10}, {"name": "Other Race", "value": 279}, {"name": "Two or More Races", "value": 255}], "HU100.2000": "4439", "POP100.2000": "9181", "sex_by_age": [{"male": 329.0, "name": "Under 5 years", "female": 305.0}, {"male": 261.0, "name": "5 to 9 years", "female": 297.0}, {"male": 275.0, "name": "10 to 14 years", "female": 301.0}, {"male": 225.0, "name": "15 to 17 years", "female": 180.0}, {"male": 106.0, "name": "18 and 19 years", "female": 68.0}, {"male": 59.0, "name": "20 years", "female": 53.0}, {"male": 78.0, "name": "21 years", "female": 47.0}, {"male": 236.0, "name": "22 to 24 years", "female": 125.0}, {"male": 444.0, "name": "25 to 29 years", "female": 221.0}, {"male": 471.0, "name": "30 to 34 years", "female": 237.0}, {"male": 376.0, "name": "35 to 39 years", "female": 225.0}, {"male": 396.0, "name": "40 to 44 years", "female": 258.0}, {"male": 465.0, "name": "45 to 49 years", "female": 316.0}, {"male": 440.0, "name": "50 to 54 years", "female": 339.0}, {"male": 441.0, "name": "55 to 59 years", "female": 339.0}, {"male": 153.0, "name": "60 to 61 years", "female": 103.0}, {"male": 193.0, "name": "62 to 64 years", "female": 174.0}, {"male": 102.0, "name": "65 and 66 years", "female": 103.0}, {"male": 143.0, "name": "67 to 69 years", "female": 130.0}, {"male": 200.0, "name": "70 to 74 years", "female": 184.0}, {"male": 139.0, "name": "75 to 79 years", "female": 135.0}, {"male": 87.0, "name": "80 to 84 years", "female": 103.0}, {"male": 62.0, "name": "85 years and over", "female": 106.0}], "age_by_sex": [{"name": "Male", "value": 39.799999999999997}, {"name": "Female", "value": 42.100000000000001}], "GEOID": "32033", "NECTA": ""}, "Clark County": {"CNECTA": "", "COUNTY": "003", "HU100": "840343", "NAME": "Clark County", "P001001.2000": "1375765", "CSA": "332", "P001001": "1951269", "POP100": "1951269", "SUMLEV": "050", "STATE": "32", "CBSA": "29820", "race": [{"name": "White", "value": 1188112}, {"name": "Black", "value": 204379}, {"name": "American Indian or Alaska", "value": 14422}, {"name": "Asian", "value": 168831}, {"name": "Native Hawaiian", "value": 13628}, {"name": "Other Race", "value": 262506}, {"name": "Two or More Races", "value": 99391}], "HU100.2000": "559799", "POP100.2000": "1375765", "sex_by_age": [{"male": 70898.0, "name": "Under 5 years", "female": 68084.0}, {"male": 69218.0, "name": "5 to 9 years", "female": 66193.0}, {"male": 68273.0, "name": "10 to 14 years", "female": 65387.0}, {"male": 41383.0, "name": "15 to 17 years", "female": 39182.0}, {"male": 26283.0, "name": "18 and 19 years", "female": 24592.0}, {"male": 13000.0, "name": "20 years", "female": 12309.0}, {"male": 12603.0, "name": "21 years", "female": 11901.0}, {"male": 39846.0, "name": "22 to 24 years", "female": 38586.0}, {"male": 75327.0, "name": "25 to 29 years", "female": 73367.0}, {"male": 74532.0, "name": "30 to 34 years", "female": 71299.0}, {"male": 74743.0, "name": "35 to 39 years", "female": 71733.0}, {"male": 73669.0, "name": "40 to 44 years", "female": 68341.0}, {"male": 71131.0, "name": "45 to 49 years", "female": 67150.0}, {"male": 63579.0, "name": "50 to 54 years", "female": 62953.0}, {"male": 54775.0, "name": "55 to 59 years", "female": 57527.0}, {"male": 20634.0, "name": "60 to 61 years", "female": 22076.0}, {"male": 29356.0, "name": "62 to 64 years", "female": 30894.0}, {"male": 16113.0, "name": "65 and 66 years", "female": 17492.0}, {"male": 21715.0, "name": "67 to 69 years", "female": 23196.0}, {"male": 27338.0, "name": "70 to 74 years", "female": 29049.0}, {"male": 18867.0, "name": "75 to 79 years", "female": 20625.0}, {"male": 11735.0, "name": "80 to 84 years", "female": 14631.0}, {"male": 7175.0, "name": "85 years and over", "female": 12509.0}], "age_by_sex": [{"name": "Male", "value": 35.0}, {"name": "Female", "value": 36.0}], "GEOID": "32003", "NECTA": ""}, "Pershing County": {"CNECTA": "", "COUNTY": "027", "HU100": "2464", "NAME": "Pershing County", "P001001.2000": "6693", "CSA": "999", "P001001": "6753", "POP100": "6753", "SUMLEV": "050", "STATE": "32", "CBSA": "99999", "race": [{"name": "White", "value": 5528}, {"name": "Black", "value": 253}, {"name": "American Indian or Alaska", "value": 217}, {"name": "Asian", "value": 87}, {"name": "Native Hawaiian", "value": 7}, {"name": "Other Race", "value": 455}, {"name": "Two or More Races", "value": 206}], "HU100.2000": "2389", "POP100.2000": "6693", "sex_by_age": [{"male": 164.0, "name": "Under 5 years", "female": 182.0}, {"male": 180.0, "name": "5 to 9 years", "female": 180.0}, {"male": 214.0, "name": "10 to 14 years", "female": 174.0}, {"male": 113.0, "name": "15 to 17 years", "female": 115.0}, {"male": 95.0, "name": "18 and 19 years", "female": 58.0}, {"male": 41.0, "name": "20 years", "female": 31.0}, {"male": 53.0, "name": "21 years", "female": 22.0}, {"male": 160.0, "name": "22 to 24 years", "female": 61.0}, {"male": 325.0, "name": "25 to 29 years", "female": 134.0}, {"male": 356.0, "name": "30 to 34 years", "female": 104.0}, {"male": 351.0, "name": "35 to 39 years", "female": 142.0}, {"male": 418.0, "name": "40 to 44 years", "female": 178.0}, {"male": 429.0, "name": "45 to 49 years", "female": 167.0}, {"male": 402.0, "name": "50 to 54 years", "female": 208.0}, {"male": 285.0, "name": "55 to 59 years", "female": 184.0}, {"male": 103.0, "name": "60 to 61 years", "female": 60.0}, {"male": 121.0, "name": "62 to 64 years", "female": 68.0}, {"male": 83.0, "name": "65 and 66 years", "female": 94.0}, {"male": 115.0, "name": "67 to 69 years", "female": 89.0}, {"male": 132.0, "name": "70 to 74 years", "female": 97.0}, {"male": 61.0, "name": "75 to 79 years", "female": 53.0}, {"male": 36.0, "name": "80 to 84 years", "female": 38.0}, {"male": 31.0, "name": "85 years and over", "female": 46.0}], "age_by_sex": [{"name": "Male", "value": 41.0}, {"name": "Female", "value": 41.0}], "GEOID": "32027", "NECTA": ""}}