{"Asotin County": {"CNECTA": "", "COUNTY": "003", "HU100": "9872", "NAME": "Asotin County", "P001001.2000": "20551", "CSA": "999", "P001001": "21623", "POP100": "21623", "SUMLEV": "050", "STATE": "53", "CBSA": "30300", "race": [{"name": "White", "value": 20392}, {"name": "Black", "value": 92}, {"name": "American Indian or Alaska", "value": 302}, {"name": "Asian", "value": 117}, {"name": "Native Hawaiian", "value": 36}, {"name": "Other Race", "value": 163}, {"name": "Two or More Races", "value": 521}], "HU100.2000": "9111", "POP100.2000": "20551", "sex_by_age": [{"male": 627.0, "name": "Under 5 years", "female": 634.0}, {"male": 660.0, "name": "5 to 9 years", "female": 675.0}, {"male": 666.0, "name": "10 to 14 years", "female": 607.0}, {"male": 431.0, "name": "15 to 17 years", "female": 404.0}, {"male": 282.0, "name": "18 and 19 years", "female": 278.0}, {"male": 122.0, "name": "20 years", "female": 129.0}, {"male": 122.0, "name": "21 years", "female": 106.0}, {"male": 336.0, "name": "22 to 24 years", "female": 373.0}, {"male": 571.0, "name": "25 to 29 years", "female": 674.0}, {"male": 585.0, "name": "30 to 34 years", "female": 583.0}, {"male": 536.0, "name": "35 to 39 years", "female": 560.0}, {"male": 576.0, "name": "40 to 44 years", "female": 638.0}, {"male": 744.0, "name": "45 to 49 years", "female": 792.0}, {"male": 775.0, "name": "50 to 54 years", "female": 875.0}, {"male": 794.0, "name": "55 to 59 years", "female": 819.0}, {"male": 293.0, "name": "60 to 61 years", "female": 312.0}, {"male": 415.0, "name": "62 to 64 years", "female": 457.0}, {"male": 248.0, "name": "65 and 66 years", "female": 263.0}, {"male": 366.0, "name": "67 to 69 years", "female": 390.0}, {"male": 524.0, "name": "70 to 74 years", "female": 519.0}, {"male": 360.0, "name": "75 to 79 years", "female": 416.0}, {"male": 238.0, "name": "80 to 84 years", "female": 332.0}, {"male": 182.0, "name": "85 years and over", "female": 334.0}], "age_by_sex": [{"name": "Male", "value": 42.5}, {"name": "Female", "value": 44.399999999999999}], "GEOID": "53003", "NECTA": ""}, "Mason County": {"CNECTA": "", "COUNTY": "045", "HU100": "32518", "NAME": "Mason County", "P001001.2000": "49405", "CSA": "500", "P001001": "60699", "POP100": "60699", "SUMLEV": "050", "STATE": "53", "CBSA": "43220", "race": [{"name": "White", "value": 52281}, {"name": "Black", "value": 659}, {"name": "American Indian or Alaska", "value": 2239}, {"name": "Asian", "value": 731}, {"name": "Native Hawaiian", "value": 227}, {"name": "Other Race", "value": 2049}, {"name": "Two or More Races", "value": 2513}], "HU100.2000": "25515", "POP100.2000": "49405", "sex_by_age": [{"male": 1717.0, "name": "Under 5 years", "female": 1561.0}, {"male": 1749.0, "name": "5 to 9 years", "female": 1608.0}, {"male": 1808.0, "name": "10 to 14 years", "female": 1705.0}, {"male": 1164.0, "name": "15 to 17 years", "female": 1062.0}, {"male": 803.0, "name": "18 and 19 years", "female": 659.0}, {"male": 342.0, "name": "20 years", "female": 255.0}, {"male": 371.0, "name": "21 years", "female": 262.0}, {"male": 1065.0, "name": "22 to 24 years", "female": 829.0}, {"male": 1944.0, "name": "25 to 29 years", "female": 1588.0}, {"male": 1905.0, "name": "30 to 34 years", "female": 1466.0}, {"male": 1826.0, "name": "35 to 39 years", "female": 1577.0}, {"male": 1890.0, "name": "40 to 44 years", "female": 1658.0}, {"male": 2220.0, "name": "45 to 49 years", "female": 2168.0}, {"male": 2481.0, "name": "50 to 54 years", "female": 2302.0}, {"male": 2452.0, "name": "55 to 59 years", "female": 2546.0}, {"male": 931.0, "name": "60 to 61 years", "female": 937.0}, {"male": 1337.0, "name": "62 to 64 years", "female": 1399.0}, {"male": 810.0, "name": "65 and 66 years", "female": 801.0}, {"male": 994.0, "name": "67 to 69 years", "female": 1117.0}, {"male": 1437.0, "name": "70 to 74 years", "female": 1405.0}, {"male": 1037.0, "name": "75 to 79 years", "female": 969.0}, {"male": 673.0, "name": "80 to 84 years", "female": 751.0}, {"male": 444.0, "name": "85 years and over", "female": 674.0}], "age_by_sex": [{"name": "Male", "value": 42.700000000000003}, {"name": "Female", "value": 46.100000000000001}], "GEOID": "53045", "NECTA": ""}, "Klickitat County": {"CNECTA": "", "COUNTY": "039", "HU100": "9786", "NAME": "Klickitat County", "P001001.2000": "19161", "CSA": "999", "P001001": "20318", "POP100": "20318", "SUMLEV": "050", "STATE": "53", "CBSA": "99999", "race": [{"name": "White", "value": 17824}, {"name": "Black", "value": 50}, {"name": "American Indian or Alaska", "value": 481}, {"name": "Asian", "value": 127}, {"name": "Native Hawaiian", "value": 19}, {"name": "Other Race", "value": 1147}, {"name": "Two or More Races", "value": 670}], "HU100.2000": "8633", "POP100.2000": "19161", "sex_by_age": [{"male": 561.0, "name": "Under 5 years", "female": 553.0}, {"male": 630.0, "name": "5 to 9 years", "female": 577.0}, {"male": 708.0, "name": "10 to 14 years", "female": 628.0}, {"male": 410.0, "name": "15 to 17 years", "female": 416.0}, {"male": 198.0, "name": "18 and 19 years", "female": 207.0}, {"male": 91.0, "name": "20 years", "female": 76.0}, {"male": 76.0, "name": "21 years", "female": 82.0}, {"male": 267.0, "name": "22 to 24 years", "female": 240.0}, {"male": 494.0, "name": "25 to 29 years", "female": 433.0}, {"male": 498.0, "name": "30 to 34 years", "female": 533.0}, {"male": 616.0, "name": "35 to 39 years", "female": 579.0}, {"male": 634.0, "name": "40 to 44 years", "female": 574.0}, {"male": 720.0, "name": "45 to 49 years", "female": 703.0}, {"male": 803.0, "name": "50 to 54 years", "female": 852.0}, {"male": 897.0, "name": "55 to 59 years", "female": 956.0}, {"male": 346.0, "name": "60 to 61 years", "female": 344.0}, {"male": 513.0, "name": "62 to 64 years", "female": 478.0}, {"male": 298.0, "name": "65 and 66 years", "female": 260.0}, {"male": 422.0, "name": "67 to 69 years", "female": 352.0}, {"male": 460.0, "name": "70 to 74 years", "female": 448.0}, {"male": 299.0, "name": "75 to 79 years", "female": 320.0}, {"male": 199.0, "name": "80 to 84 years", "female": 215.0}, {"male": 128.0, "name": "85 years and over", "female": 224.0}], "age_by_sex": [{"name": "Male", "value": 44.700000000000003}, {"name": "Female", "value": 46.0}], "GEOID": "53039", "NECTA": ""}, "Jefferson County": {"CNECTA": "", "COUNTY": "031", "HU100": "17767", "NAME": "Jefferson County", "P001001.2000": "25953", "CSA": "999", "P001001": "29872", "POP100": "29872", "SUMLEV": "050", "STATE": "53", "CBSA": "99999", "race": [{"name": "White", "value": 27198}, {"name": "Black", "value": 246}, {"name": "American Indian or Alaska", "value": 681}, {"name": "Asian", "value": 464}, {"name": "Native Hawaiian", "value": 63}, {"name": "Other Race", "value": 200}, {"name": "Two or More Races", "value": 1020}], "HU100.2000": "14144", "POP100.2000": "25953", "sex_by_age": [{"male": 554.0, "name": "Under 5 years", "female": 514.0}, {"male": 556.0, "name": "5 to 9 years", "female": 571.0}, {"male": 694.0, "name": "10 to 14 years", "female": 673.0}, {"male": 454.0, "name": "15 to 17 years", "female": 430.0}, {"male": 242.0, "name": "18 and 19 years", "female": 228.0}, {"male": 120.0, "name": "20 years", "female": 87.0}, {"male": 117.0, "name": "21 years", "female": 84.0}, {"male": 382.0, "name": "22 to 24 years", "female": 315.0}, {"male": 611.0, "name": "25 to 29 years", "female": 510.0}, {"male": 605.0, "name": "30 to 34 years", "female": 592.0}, {"male": 649.0, "name": "35 to 39 years", "female": 604.0}, {"male": 763.0, "name": "40 to 44 years", "female": 715.0}, {"male": 913.0, "name": "45 to 49 years", "female": 1029.0}, {"male": 1204.0, "name": "50 to 54 years", "female": 1357.0}, {"male": 1438.0, "name": "55 to 59 years", "female": 1625.0}, {"male": 628.0, "name": "60 to 61 years", "female": 695.0}, {"male": 988.0, "name": "62 to 64 years", "female": 1083.0}, {"male": 597.0, "name": "65 and 66 years", "female": 629.0}, {"male": 825.0, "name": "67 to 69 years", "female": 801.0}, {"male": 959.0, "name": "70 to 74 years", "female": 919.0}, {"male": 700.0, "name": "75 to 79 years", "female": 638.0}, {"male": 477.0, "name": "80 to 84 years", "female": 471.0}, {"male": 322.0, "name": "85 years and over", "female": 504.0}], "age_by_sex": [{"name": "Male", "value": 53.200000000000003}, {"name": "Female", "value": 54.399999999999999}], "GEOID": "53031", "NECTA": ""}, "Chelan County": {"CNECTA": "", "COUNTY": "007", "HU100": "35465", "NAME": "Chelan County", "P001001.2000": "66616", "CSA": "999", "P001001": "72453", "POP100": "72453", "SUMLEV": "050", "STATE": "53", "CBSA": "48300", "race": [{"name": "White", "value": 57484}, {"name": "Black", "value": 236}, {"name": "American Indian or Alaska", "value": 700}, {"name": "Asian", "value": 588}, {"name": "Native Hawaiian", "value": 100}, {"name": "Other Race", "value": 11355}, {"name": "Two or More Races", "value": 1990}], "HU100.2000": "30407", "POP100.2000": "66616", "sex_by_age": [{"male": 2577.0, "name": "Under 5 years", "female": 2338.0}, {"male": 2517.0, "name": "5 to 9 years", "female": 2347.0}, {"male": 2554.0, "name": "10 to 14 years", "female": 2518.0}, {"male": 1612.0, "name": "15 to 17 years", "female": 1600.0}, {"male": 1056.0, "name": "18 and 19 years", "female": 934.0}, {"male": 496.0, "name": "20 years", "female": 423.0}, {"male": 425.0, "name": "21 years", "female": 381.0}, {"male": 1318.0, "name": "22 to 24 years", "female": 1217.0}, {"male": 2229.0, "name": "25 to 29 years", "female": 2080.0}, {"male": 2058.0, "name": "30 to 34 years", "female": 2040.0}, {"male": 2004.0, "name": "35 to 39 years", "female": 2078.0}, {"male": 2151.0, "name": "40 to 44 years", "female": 2140.0}, {"male": 2487.0, "name": "45 to 49 years", "female": 2547.0}, {"male": 2699.0, "name": "50 to 54 years", "female": 2824.0}, {"male": 2627.0, "name": "55 to 59 years", "female": 2587.0}, {"male": 969.0, "name": "60 to 61 years", "female": 908.0}, {"male": 1236.0, "name": "62 to 64 years", "female": 1301.0}, {"male": 691.0, "name": "65 and 66 years", "female": 717.0}, {"male": 897.0, "name": "67 to 69 years", "female": 932.0}, {"male": 1272.0, "name": "70 to 74 years", "female": 1310.0}, {"male": 927.0, "name": "75 to 79 years", "female": 1034.0}, {"male": 658.0, "name": "80 to 84 years", "female": 904.0}, {"male": 670.0, "name": "85 years and over", "female": 1163.0}], "age_by_sex": [{"name": "Male", "value": 38.100000000000001}, {"name": "Female", "value": 40.5}], "GEOID": "53007", "NECTA": ""}, "San Juan County": {"CNECTA": "", "COUNTY": "055", "HU100": "13313", "NAME": "San Juan County", "P001001.2000": "14077", "CSA": "999", "P001001": "15769", "POP100": "15769", "SUMLEV": "050", "STATE": "53", "CBSA": "99999", "race": [{"name": "White", "value": 14597}, {"name": "Black", "value": 54}, {"name": "American Indian or Alaska", "value": 111}, {"name": "Asian", "value": 181}, {"name": "Native Hawaiian", "value": 15}, {"name": "Other Race", "value": 412}, {"name": "Two or More Races", "value": 399}], "HU100.2000": "9752", "POP100.2000": "14077", "sex_by_age": [{"male": 258.0, "name": "Under 5 years", "female": 281.0}, {"male": 322.0, "name": "5 to 9 years", "female": 325.0}, {"male": 379.0, "name": "10 to 14 years", "female": 397.0}, {"male": 260.0, "name": "15 to 17 years", "female": 271.0}, {"male": 116.0, "name": "18 and 19 years", "female": 99.0}, {"male": 46.0, "name": "20 years", "female": 37.0}, {"male": 53.0, "name": "21 years", "female": 35.0}, {"male": 166.0, "name": "22 to 24 years", "female": 174.0}, {"male": 270.0, "name": "25 to 29 years", "female": 319.0}, {"male": 338.0, "name": "30 to 34 years", "female": 330.0}, {"male": 379.0, "name": "35 to 39 years", "female": 351.0}, {"male": 397.0, "name": "40 to 44 years", "female": 444.0}, {"male": 543.0, "name": "45 to 49 years", "female": 581.0}, {"male": 642.0, "name": "50 to 54 years", "female": 756.0}, {"male": 815.0, "name": "55 to 59 years", "female": 892.0}, {"male": 336.0, "name": "60 to 61 years", "female": 394.0}, {"male": 537.0, "name": "62 to 64 years", "female": 569.0}, {"male": 323.0, "name": "65 and 66 years", "female": 291.0}, {"male": 389.0, "name": "67 to 69 years", "female": 379.0}, {"male": 453.0, "name": "70 to 74 years", "female": 439.0}, {"male": 288.0, "name": "75 to 79 years", "female": 270.0}, {"male": 184.0, "name": "80 to 84 years", "female": 189.0}, {"male": 171.0, "name": "85 years and over", "female": 281.0}], "age_by_sex": [{"name": "Male", "value": 52.5}, {"name": "Female", "value": 52.700000000000003}], "GEOID": "53055", "NECTA": ""}, "Cowlitz County": {"CNECTA": "", "COUNTY": "015", "HU100": "43450", "NAME": "Cowlitz County", "P001001.2000": "92948", "CSA": "999", "P001001": "102410", "POP100": "102410", "SUMLEV": "050", "STATE": "53", "CBSA": "31020", "race": [{"name": "White", "value": 91069}, {"name": "Black", "value": 642}, {"name": "American Indian or Alaska", "value": 1570}, {"name": "Asian", "value": 1500}, {"name": "Native Hawaiian", "value": 232}, {"name": "Other Race", "value": 3575}, {"name": "Two or More Races", "value": 3822}], "HU100.2000": "38624", "POP100.2000": "92948", "sex_by_age": [{"male": 3274.0, "name": "Under 5 years", "female": 3290.0}, {"male": 3370.0, "name": "5 to 9 years", "female": 3390.0}, {"male": 3593.0, "name": "10 to 14 years", "female": 3401.0}, {"male": 2241.0, "name": "15 to 17 years", "female": 2162.0}, {"male": 1415.0, "name": "18 and 19 years", "female": 1339.0}, {"male": 598.0, "name": "20 years", "female": 639.0}, {"male": 573.0, "name": "21 years", "female": 549.0}, {"male": 1649.0, "name": "22 to 24 years", "female": 1675.0}, {"male": 2837.0, "name": "25 to 29 years", "female": 2865.0}, {"male": 2975.0, "name": "30 to 34 years", "female": 2981.0}, {"male": 3061.0, "name": "35 to 39 years", "female": 3079.0}, {"male": 3189.0, "name": "40 to 44 years", "female": 3231.0}, {"male": 3632.0, "name": "45 to 49 years", "female": 3605.0}, {"male": 3947.0, "name": "50 to 54 years", "female": 3890.0}, {"male": 3644.0, "name": "55 to 59 years", "female": 3698.0}, {"male": 1347.0, "name": "60 to 61 years", "female": 1459.0}, {"male": 1994.0, "name": "62 to 64 years", "female": 2013.0}, {"male": 1081.0, "name": "65 and 66 years", "female": 1120.0}, {"male": 1476.0, "name": "67 to 69 years", "female": 1496.0}, {"male": 1760.0, "name": "70 to 74 years", "female": 1858.0}, {"male": 1258.0, "name": "75 to 79 years", "female": 1470.0}, {"male": 885.0, "name": "80 to 84 years", "female": 1232.0}, {"male": 743.0, "name": "85 years and over", "female": 1426.0}], "age_by_sex": [{"name": "Male", "value": 39.600000000000001}, {"name": "Female", "value": 40.799999999999997}], "GEOID": "53015", "NECTA": ""}, "Whitman County": {"CNECTA": "", "COUNTY": "075", "HU100": "19323", "NAME": "Whitman County", "P001001.2000": "40740", "CSA": "999", "P001001": "44776", "POP100": "44776", "SUMLEV": "050", "STATE": "53", "CBSA": "39420", "race": [{"name": "White", "value": 37866}, {"name": "Black", "value": 748}, {"name": "American Indian or Alaska", "value": 308}, {"name": "Asian", "value": 3472}, {"name": "Native Hawaiian", "value": 103}, {"name": "Other Race", "value": 649}, {"name": "Two or More Races", "value": 1630}], "HU100.2000": "16676", "POP100.2000": "40740", "sex_by_age": [{"male": 1069.0, "name": "Under 5 years", "female": 909.0}, {"male": 908.0, "name": "5 to 9 years", "female": 902.0}, {"male": 950.0, "name": "10 to 14 years", "female": 839.0}, {"male": 603.0, "name": "15 to 17 years", "female": 561.0}, {"male": 2308.0, "name": "18 and 19 years", "female": 2600.0}, {"male": 1700.0, "name": "20 years", "female": 1556.0}, {"male": 1632.0, "name": "21 years", "female": 1516.0}, {"male": 2830.0, "name": "22 to 24 years", "female": 2160.0}, {"male": 1899.0, "name": "25 to 29 years", "female": 1722.0}, {"male": 1220.0, "name": "30 to 34 years", "female": 1104.0}, {"male": 912.0, "name": "35 to 39 years", "female": 894.0}, {"male": 927.0, "name": "40 to 44 years", "female": 937.0}, {"male": 980.0, "name": "45 to 49 years", "female": 1023.0}, {"male": 1099.0, "name": "50 to 54 years", "female": 1113.0}, {"male": 1018.0, "name": "55 to 59 years", "female": 949.0}, {"male": 339.0, "name": "60 to 61 years", "female": 377.0}, {"male": 465.0, "name": "62 to 64 years", "female": 498.0}, {"male": 299.0, "name": "65 and 66 years", "female": 276.0}, {"male": 365.0, "name": "67 to 69 years", "female": 403.0}, {"male": 420.0, "name": "70 to 74 years", "female": 465.0}, {"male": 338.0, "name": "75 to 79 years", "female": 378.0}, {"male": 255.0, "name": "80 to 84 years", "female": 329.0}, {"male": 270.0, "name": "85 years and over", "female": 459.0}], "age_by_sex": [{"name": "Male", "value": 24.0}, {"name": "Female", "value": 24.899999999999999}], "GEOID": "53075", "NECTA": ""}, "Snohomish County": {"CNECTA": "", "COUNTY": "061", "HU100": "286659", "NAME": "Snohomish County", "P001001.2000": "606024", "CSA": "500", "P001001": "713335", "POP100": "713335", "SUMLEV": "050", "STATE": "53", "CBSA": "42660", "race": [{"name": "White", "value": 559011}, {"name": "Black", "value": 18168}, {"name": "American Indian or Alaska", "value": 9793}, {"name": "Asian", "value": 63385}, {"name": "Native Hawaiian", "value": 3135}, {"name": "Other Race", "value": 27121}, {"name": "Two or More Races", "value": 32722}], "HU100.2000": "236205", "POP100.2000": "606024", "sex_by_age": [{"male": 24247.0, "name": "Under 5 years", "female": 23131.0}, {"male": 24022.0, "name": "5 to 9 years", "female": 23042.0}, {"male": 24879.0, "name": "10 to 14 years", "female": 23826.0}, {"male": 15898.0, "name": "15 to 17 years", "female": 15122.0}, {"male": 9755.0, "name": "18 and 19 years", "female": 8786.0}, {"male": 4520.0, "name": "20 years", "female": 4040.0}, {"male": 4586.0, "name": "21 years", "female": 4132.0}, {"male": 14150.0, "name": "22 to 24 years", "female": 12984.0}, {"male": 25524.0, "name": "25 to 29 years", "female": 24320.0}, {"male": 25233.0, "name": "30 to 34 years", "female": 24126.0}, {"male": 25735.0, "name": "35 to 39 years", "female": 24925.0}, {"male": 27436.0, "name": "40 to 44 years", "female": 26378.0}, {"male": 29280.0, "name": "45 to 49 years", "female": 28888.0}, {"male": 28308.0, "name": "50 to 54 years", "female": 27935.0}, {"male": 23509.0, "name": "55 to 59 years", "female": 24036.0}, {"male": 7797.0, "name": "60 to 61 years", "female": 8110.0}, {"male": 10117.0, "name": "62 to 64 years", "female": 11014.0}, {"male": 5239.0, "name": "65 and 66 years", "female": 5759.0}, {"male": 6487.0, "name": "67 to 69 years", "female": 6957.0}, {"male": 7561.0, "name": "70 to 74 years", "female": 9016.0}, {"male": 5504.0, "name": "75 to 79 years", "female": 7208.0}, {"male": 3736.0, "name": "80 to 84 years", "female": 5869.0}, {"male": 3435.0, "name": "85 years and over", "female": 6773.0}], "age_by_sex": [{"name": "Male", "value": 36.100000000000001}, {"name": "Female", "value": 38.100000000000001}], "GEOID": "53061", "NECTA": ""}, "Adams County": {"CNECTA": "", "COUNTY": "001", "HU100": "6242", "NAME": "Adams County", "P001001.2000": "16428", "CSA": "999", "P001001": "18728", "POP100": "18728", "SUMLEV": "050", "STATE": "53", "CBSA": "99999", "race": [{"name": "White", "value": 11703}, {"name": "Black", "value": 109}, {"name": "American Indian or Alaska", "value": 356}, {"name": "Asian", "value": 125}, {"name": "Native Hawaiian", "value": 4}, {"name": "Other Race", "value": 5899}, {"name": "Two or More Races", "value": 532}], "HU100.2000": "5773", "POP100.2000": "16428", "sex_by_age": [{"male": 1071.0, "name": "Under 5 years", "female": 944.0}, {"male": 924.0, "name": "5 to 9 years", "female": 887.0}, {"male": 831.0, "name": "10 to 14 years", "female": 816.0}, {"male": 563.0, "name": "15 to 17 years", "female": 476.0}, {"male": 344.0, "name": "18 and 19 years", "female": 266.0}, {"male": 135.0, "name": "20 years", "female": 128.0}, {"male": 129.0, "name": "21 years", "female": 117.0}, {"male": 400.0, "name": "22 to 24 years", "female": 352.0}, {"male": 612.0, "name": "25 to 29 years", "female": 630.0}, {"male": 627.0, "name": "30 to 34 years", "female": 629.0}, {"male": 587.0, "name": "35 to 39 years", "female": 557.0}, {"male": 553.0, "name": "40 to 44 years", "female": 502.0}, {"male": 520.0, "name": "45 to 49 years", "female": 517.0}, {"male": 488.0, "name": "50 to 54 years", "female": 515.0}, {"male": 489.0, "name": "55 to 59 years", "female": 468.0}, {"male": 144.0, "name": "60 to 61 years", "female": 156.0}, {"male": 201.0, "name": "62 to 64 years", "female": 235.0}, {"male": 166.0, "name": "65 and 66 years", "female": 121.0}, {"male": 162.0, "name": "67 to 69 years", "female": 150.0}, {"male": 220.0, "name": "70 to 74 years", "female": 229.0}, {"male": 157.0, "name": "75 to 79 years", "female": 179.0}, {"male": 132.0, "name": "80 to 84 years", "female": 135.0}, {"male": 89.0, "name": "85 years and over", "female": 175.0}], "age_by_sex": [{"name": "Male", "value": 28.0}, {"name": "Female", "value": 29.800000000000001}], "GEOID": "53001", "NECTA": ""}, "Skagit County": {"CNECTA": "", "COUNTY": "057", "HU100": "51473", "NAME": "Skagit County", "P001001.2000": "102979", "CSA": "500", "P001001": "116901", "POP100": "116901", "SUMLEV": "050", "STATE": "53", "CBSA": "34580", "race": [{"name": "White", "value": 97448}, {"name": "Black", "value": 774}, {"name": "American Indian or Alaska", "value": 2516}, {"name": "Asian", "value": 2080}, {"name": "Native Hawaiian", "value": 226}, {"name": "Other Race", "value": 10118}, {"name": "Two or More Races", "value": 3739}], "HU100.2000": "42681", "POP100.2000": "102979", "sex_by_age": [{"male": 3847.0, "name": "Under 5 years", "female": 3750.0}, {"male": 3732.0, "name": "5 to 9 years", "female": 3682.0}, {"male": 3919.0, "name": "10 to 14 years", "female": 3777.0}, {"male": 2566.0, "name": "15 to 17 years", "female": 2464.0}, {"male": 1605.0, "name": "18 and 19 years", "female": 1417.0}, {"male": 740.0, "name": "20 years", "female": 645.0}, {"male": 668.0, "name": "21 years", "female": 614.0}, {"male": 1979.0, "name": "22 to 24 years", "female": 1934.0}, {"male": 3771.0, "name": "25 to 29 years", "female": 3549.0}, {"male": 3451.0, "name": "30 to 34 years", "female": 3333.0}, {"male": 3389.0, "name": "35 to 39 years", "female": 3415.0}, {"male": 3609.0, "name": "40 to 44 years", "female": 3415.0}, {"male": 3978.0, "name": "45 to 49 years", "female": 3962.0}, {"male": 4153.0, "name": "50 to 54 years", "female": 4418.0}, {"male": 4148.0, "name": "55 to 59 years", "female": 4356.0}, {"male": 1570.0, "name": "60 to 61 years", "female": 1646.0}, {"male": 2158.0, "name": "62 to 64 years", "female": 2365.0}, {"male": 1292.0, "name": "65 and 66 years", "female": 1345.0}, {"male": 1633.0, "name": "67 to 69 years", "female": 1702.0}, {"male": 2093.0, "name": "70 to 74 years", "female": 2194.0}, {"male": 1524.0, "name": "75 to 79 years", "female": 1747.0}, {"male": 1196.0, "name": "80 to 84 years", "female": 1460.0}, {"male": 959.0, "name": "85 years and over", "female": 1731.0}], "age_by_sex": [{"name": "Male", "value": 39.100000000000001}, {"name": "Female", "value": 41.299999999999997}], "GEOID": "53057", "NECTA": ""}, "Island County": {"CNECTA": "", "COUNTY": "029", "HU100": "40234", "NAME": "Island County", "P001001.2000": "71558", "CSA": "500", "P001001": "78506", "POP100": "78506", "SUMLEV": "050", "STATE": "53", "CBSA": "36020", "race": [{"name": "White", "value": 67611}, {"name": "Black", "value": 1716}, {"name": "American Indian or Alaska", "value": 658}, {"name": "Asian", "value": 3440}, {"name": "Native Hawaiian", "value": 390}, {"name": "Other Race", "value": 1181}, {"name": "Two or More Races", "value": 3510}], "HU100.2000": "32378", "POP100.2000": "71558", "sex_by_age": [{"male": 2268.0, "name": "Under 5 years", "female": 2274.0}, {"male": 2274.0, "name": "5 to 9 years", "female": 2064.0}, {"male": 2333.0, "name": "10 to 14 years", "female": 2185.0}, {"male": 1424.0, "name": "15 to 17 years", "female": 1472.0}, {"male": 960.0, "name": "18 and 19 years", "female": 759.0}, {"male": 561.0, "name": "20 years", "female": 409.0}, {"male": 554.0, "name": "21 years", "female": 439.0}, {"male": 1786.0, "name": "22 to 24 years", "female": 1408.0}, {"male": 2717.0, "name": "25 to 29 years", "female": 2306.0}, {"male": 2077.0, "name": "30 to 34 years", "female": 2044.0}, {"male": 2026.0, "name": "35 to 39 years", "female": 2027.0}, {"male": 2154.0, "name": "40 to 44 years", "female": 2258.0}, {"male": 2543.0, "name": "45 to 49 years", "female": 2708.0}, {"male": 2646.0, "name": "50 to 54 years", "female": 3084.0}, {"male": 2842.0, "name": "55 to 59 years", "female": 3364.0}, {"male": 1188.0, "name": "60 to 61 years", "female": 1296.0}, {"male": 1747.0, "name": "62 to 64 years", "female": 1870.0}, {"male": 999.0, "name": "65 and 66 years", "female": 1137.0}, {"male": 1361.0, "name": "67 to 69 years", "female": 1497.0}, {"male": 1736.0, "name": "70 to 74 years", "female": 1764.0}, {"male": 1205.0, "name": "75 to 79 years", "female": 1270.0}, {"male": 788.0, "name": "80 to 84 years", "female": 930.0}, {"male": 668.0, "name": "85 years and over", "female": 1084.0}], "age_by_sex": [{"name": "Male", "value": 41.0}, {"name": "Female", "value": 45.399999999999999}], "GEOID": "53029", "NECTA": ""}, "Lewis County": {"CNECTA": "", "COUNTY": "041", "HU100": "34050", "NAME": "Lewis County", "P001001.2000": "68600", "CSA": "999", "P001001": "75455", "POP100": "75455", "SUMLEV": "050", "STATE": "53", "CBSA": "16500", "race": [{"name": "White", "value": 67712}, {"name": "Black", "value": 405}, {"name": "American Indian or Alaska", "value": 1073}, {"name": "Asian", "value": 664}, {"name": "Native Hawaiian", "value": 117}, {"name": "Other Race", "value": 3047}, {"name": "Two or More Races", "value": 2437}], "HU100.2000": "29585", "POP100.2000": "68600", "sex_by_age": [{"male": 2383.0, "name": "Under 5 years", "female": 2202.0}, {"male": 2327.0, "name": "5 to 9 years", "female": 2212.0}, {"male": 2560.0, "name": "10 to 14 years", "female": 2534.0}, {"male": 1771.0, "name": "15 to 17 years", "female": 1471.0}, {"male": 1144.0, "name": "18 and 19 years", "female": 925.0}, {"male": 461.0, "name": "20 years", "female": 410.0}, {"male": 449.0, "name": "21 years", "female": 394.0}, {"male": 1296.0, "name": "22 to 24 years", "female": 1232.0}, {"male": 2167.0, "name": "25 to 29 years", "female": 2102.0}, {"male": 2111.0, "name": "30 to 34 years", "female": 2090.0}, {"male": 2039.0, "name": "35 to 39 years", "female": 2081.0}, {"male": 2268.0, "name": "40 to 44 years", "female": 2181.0}, {"male": 2600.0, "name": "45 to 49 years", "female": 2716.0}, {"male": 2832.0, "name": "50 to 54 years", "female": 2823.0}, {"male": 2677.0, "name": "55 to 59 years", "female": 2805.0}, {"male": 1090.0, "name": "60 to 61 years", "female": 1088.0}, {"male": 1501.0, "name": "62 to 64 years", "female": 1437.0}, {"male": 911.0, "name": "65 and 66 years", "female": 890.0}, {"male": 1125.0, "name": "67 to 69 years", "female": 1243.0}, {"male": 1564.0, "name": "70 to 74 years", "female": 1552.0}, {"male": 1063.0, "name": "75 to 79 years", "female": 1233.0}, {"male": 780.0, "name": "80 to 84 years", "female": 973.0}, {"male": 631.0, "name": "85 years and over", "female": 1111.0}], "age_by_sex": [{"name": "Male", "value": 40.399999999999999}, {"name": "Female", "value": 42.700000000000003}], "GEOID": "53041", "NECTA": ""}, "Wahkiakum County": {"CNECTA": "", "COUNTY": "069", "HU100": "2067", "NAME": "Wahkiakum County", "P001001.2000": "3824", "CSA": "999", "P001001": "3978", "POP100": "3978", "SUMLEV": "050", "STATE": "53", "CBSA": "99999", "race": [{"name": "White", "value": 3738}, {"name": "Black", "value": 10}, {"name": "American Indian or Alaska", "value": 52}, {"name": "Asian", "value": 23}, {"name": "Native Hawaiian", "value": 6}, {"name": "Other Race", "value": 26}, {"name": "Two or More Races", "value": 123}], "HU100.2000": "1792", "POP100.2000": "3824", "sex_by_age": [{"male": 73.0, "name": "Under 5 years", "female": 86.0}, {"male": 99.0, "name": "5 to 9 years", "female": 92.0}, {"male": 113.0, "name": "10 to 14 years", "female": 120.0}, {"male": 91.0, "name": "15 to 17 years", "female": 60.0}, {"male": 33.0, "name": "18 and 19 years", "female": 25.0}, {"male": 10.0, "name": "20 years", "female": 8.0}, {"male": 5.0, "name": "21 years", "female": 19.0}, {"male": 48.0, "name": "22 to 24 years", "female": 23.0}, {"male": 83.0, "name": "25 to 29 years", "female": 64.0}, {"male": 77.0, "name": "30 to 34 years", "female": 79.0}, {"male": 78.0, "name": "35 to 39 years", "female": 90.0}, {"male": 112.0, "name": "40 to 44 years", "female": 104.0}, {"male": 142.0, "name": "45 to 49 years", "female": 132.0}, {"male": 142.0, "name": "50 to 54 years", "female": 149.0}, {"male": 191.0, "name": "55 to 59 years", "female": 191.0}, {"male": 70.0, "name": "60 to 61 years", "female": 85.0}, {"male": 129.0, "name": "62 to 64 years", "female": 140.0}, {"male": 81.0, "name": "65 and 66 years", "female": 74.0}, {"male": 119.0, "name": "67 to 69 years", "female": 104.0}, {"male": 132.0, "name": "70 to 74 years", "female": 132.0}, {"male": 86.0, "name": "75 to 79 years", "female": 77.0}, {"male": 52.0, "name": "80 to 84 years", "female": 53.0}, {"male": 33.0, "name": "85 years and over", "female": 72.0}], "age_by_sex": [{"name": "Male", "value": 51.299999999999997}, {"name": "Female", "value": 52.899999999999999}], "GEOID": "53069", "NECTA": ""}, "Lincoln County": {"CNECTA": "", "COUNTY": "043", "HU100": "5776", "NAME": "Lincoln County", "P001001.2000": "10184", "CSA": "999", "P001001": "10570", "POP100": "10570", "SUMLEV": "050", "STATE": "53", "CBSA": "99999", "race": [{"name": "White", "value": 10038}, {"name": "Black", "value": 28}, {"name": "American Indian or Alaska", "value": 173}, {"name": "Asian", "value": 41}, {"name": "Native Hawaiian", "value": 5}, {"name": "Other Race", "value": 49}, {"name": "Two or More Races", "value": 236}], "HU100.2000": "5298", "POP100.2000": "10184", "sex_by_age": [{"male": 294.0, "name": "Under 5 years", "female": 257.0}, {"male": 306.0, "name": "5 to 9 years", "female": 339.0}, {"male": 376.0, "name": "10 to 14 years", "female": 368.0}, {"male": 244.0, "name": "15 to 17 years", "female": 212.0}, {"male": 111.0, "name": "18 and 19 years", "female": 109.0}, {"male": 53.0, "name": "20 years", "female": 40.0}, {"male": 40.0, "name": "21 years", "female": 40.0}, {"male": 122.0, "name": "22 to 24 years", "female": 96.0}, {"male": 193.0, "name": "25 to 29 years", "female": 212.0}, {"male": 234.0, "name": "30 to 34 years", "female": 229.0}, {"male": 235.0, "name": "35 to 39 years", "female": 245.0}, {"male": 289.0, "name": "40 to 44 years", "female": 277.0}, {"male": 351.0, "name": "45 to 49 years", "female": 368.0}, {"male": 476.0, "name": "50 to 54 years", "female": 472.0}, {"male": 450.0, "name": "55 to 59 years", "female": 466.0}, {"male": 174.0, "name": "60 to 61 years", "female": 158.0}, {"male": 272.0, "name": "62 to 64 years", "female": 265.0}, {"male": 127.0, "name": "65 and 66 years", "female": 146.0}, {"male": 220.0, "name": "67 to 69 years", "female": 197.0}, {"male": 279.0, "name": "70 to 74 years", "female": 270.0}, {"male": 190.0, "name": "75 to 79 years", "female": 203.0}, {"male": 133.0, "name": "80 to 84 years", "female": 149.0}, {"male": 108.0, "name": "85 years and over", "female": 175.0}], "age_by_sex": [{"name": "Male", "value": 47.100000000000001}, {"name": "Female", "value": 48.100000000000001}], "GEOID": "53043", "NECTA": ""}, "King County": {"CNECTA": "", "COUNTY": "033", "HU100": "851261", "NAME": "King County", "P001001.2000": "1737034", "CSA": "500", "P001001": "1931249", "POP100": "1931249", "SUMLEV": "050", "STATE": "53", "CBSA": "42660", "race": [{"name": "White", "value": 1325845}, {"name": "Black", "value": 119801}, {"name": "American Indian or Alaska", "value": 16147}, {"name": "Asian", "value": 282075}, {"name": "Native Hawaiian", "value": 14486}, {"name": "Other Race", "value": 76096}, {"name": "Two or More Races", "value": 96799}], "HU100.2000": "742237", "POP100.2000": "1737034", "sex_by_age": [{"male": 61616.0, "name": "Under 5 years", "female": 58678.0}, {"male": 57899.0, "name": "5 to 9 years", "female": 55396.0}, {"male": 56832.0, "name": "10 to 14 years", "female": 53957.0}, {"male": 35532.0, "name": "15 to 17 years", "female": 33592.0}, {"male": 24586.0, "name": "18 and 19 years", "female": 23804.0}, {"male": 12391.0, "name": "20 years", "female": 12040.0}, {"male": 12333.0, "name": "21 years", "female": 11743.0}, {"male": 40904.0, "name": "22 to 24 years", "female": 40411.0}, {"male": 81708.0, "name": "25 to 29 years", "female": 78948.0}, {"male": 77549.0, "name": "30 to 34 years", "female": 74512.0}, {"male": 75962.0, "name": "35 to 39 years", "female": 73196.0}, {"male": 75601.0, "name": "40 to 44 years", "female": 72031.0}, {"male": 74745.0, "name": "45 to 49 years", "female": 73092.0}, {"male": 71813.0, "name": "50 to 54 years", "female": 71482.0}, {"male": 61981.0, "name": "55 to 59 years", "female": 64291.0}, {"male": 21398.0, "name": "60 to 61 years", "female": 22466.0}, {"male": 28049.0, "name": "62 to 64 years", "female": 30032.0}, {"male": 14506.0, "name": "65 and 66 years", "female": 15853.0}, {"male": 17659.0, "name": "67 to 69 years", "female": 19299.0}, {"male": 20930.0, "name": "70 to 74 years", "female": 24500.0}, {"male": 15485.0, "name": "75 to 79 years", "female": 19715.0}, {"male": 11429.0, "name": "80 to 84 years", "female": 17519.0}, {"male": 11182.0, "name": "85 years and over", "female": 22602.0}], "age_by_sex": [{"name": "Male", "value": 36.299999999999997}, {"name": "Female", "value": 37.899999999999999}], "GEOID": "53033", "NECTA": ""}, "Pierce County": {"CNECTA": "", "COUNTY": "053", "HU100": "325375", "NAME": "Pierce County", "P001001.2000": "700820", "CSA": "500", "P001001": "795225", "POP100": "795225", "SUMLEV": "050", "STATE": "53", "CBSA": "42660", "race": [{"name": "White", "value": 590040}, {"name": "Black", "value": 53998}, {"name": "American Indian or Alaska", "value": 10879}, {"name": "Asian", "value": 47501}, {"name": "Native Hawaiian", "value": 10588}, {"name": "Other Race", "value": 27872}, {"name": "Two or More Races", "value": 54347}], "HU100.2000": "277060", "POP100.2000": "700820", "sex_by_age": [{"male": 28414.0, "name": "Under 5 years", "female": 27249.0}, {"male": 27330.0, "name": "5 to 9 years", "female": 26249.0}, {"male": 28039.0, "name": "10 to 14 years", "female": 26799.0}, {"male": 17481.0, "name": "15 to 17 years", "female": 16566.0}, {"male": 11417.0, "name": "18 and 19 years", "female": 10825.0}, {"male": 5834.0, "name": "20 years", "female": 5373.0}, {"male": 5640.0, "name": "21 years", "female": 5423.0}, {"male": 17162.0, "name": "22 to 24 years", "female": 16771.0}, {"male": 28877.0, "name": "25 to 29 years", "female": 29450.0}, {"male": 26607.0, "name": "30 to 34 years", "female": 27116.0}, {"male": 26405.0, "name": "35 to 39 years", "female": 26420.0}, {"male": 27611.0, "name": "40 to 44 years", "female": 27991.0}, {"male": 29941.0, "name": "45 to 49 years", "female": 29770.0}, {"male": 29334.0, "name": "50 to 54 years", "female": 29898.0}, {"male": 24254.0, "name": "55 to 59 years", "female": 25846.0}, {"male": 8701.0, "name": "60 to 61 years", "female": 9021.0}, {"male": 11445.0, "name": "62 to 64 years", "female": 12181.0}, {"male": 6141.0, "name": "65 and 66 years", "female": 6637.0}, {"male": 7631.0, "name": "67 to 69 years", "female": 8547.0}, {"male": 9206.0, "name": "70 to 74 years", "female": 10745.0}, {"male": 7004.0, "name": "75 to 79 years", "female": 8808.0}, {"male": 4768.0, "name": "80 to 84 years", "female": 7117.0}, {"male": 3692.0, "name": "85 years and over", "female": 7489.0}], "age_by_sex": [{"name": "Male", "value": 34.899999999999999}, {"name": "Female", "value": 36.799999999999997}], "GEOID": "53053", "NECTA": ""}, "Franklin County": {"CNECTA": "", "COUNTY": "021", "HU100": "24423", "NAME": "Franklin County", "P001001.2000": "49347", "CSA": "999", "P001001": "78163", "POP100": "78163", "SUMLEV": "050", "STATE": "53", "CBSA": "28420", "race": [{"name": "White", "value": 47270}, {"name": "Black", "value": 1473}, {"name": "American Indian or Alaska", "value": 531}, {"name": "Asian", "value": 1434}, {"name": "Native Hawaiian", "value": 107}, {"name": "Other Race", "value": 24881}, {"name": "Two or More Races", "value": 2467}], "HU100.2000": "16084", "POP100.2000": "49347", "sex_by_age": [{"male": 4251.0, "name": "Under 5 years", "female": 4046.0}, {"male": 3935.0, "name": "5 to 9 years", "female": 3764.0}, {"male": 3572.0, "name": "10 to 14 years", "female": 3340.0}, {"male": 1956.0, "name": "15 to 17 years", "female": 1850.0}, {"male": 1262.0, "name": "18 and 19 years", "female": 1146.0}, {"male": 624.0, "name": "20 years", "female": 494.0}, {"male": 587.0, "name": "21 years", "female": 507.0}, {"male": 1775.0, "name": "22 to 24 years", "female": 1658.0}, {"male": 3416.0, "name": "25 to 29 years", "female": 3066.0}, {"male": 3264.0, "name": "30 to 34 years", "female": 2923.0}, {"male": 2824.0, "name": "35 to 39 years", "female": 2640.0}, {"male": 2542.0, "name": "40 to 44 years", "female": 2141.0}, {"male": 2206.0, "name": "45 to 49 years", "female": 2072.0}, {"male": 2111.0, "name": "50 to 54 years", "female": 1967.0}, {"male": 1980.0, "name": "55 to 59 years", "female": 1754.0}, {"male": 613.0, "name": "60 to 61 years", "female": 543.0}, {"male": 822.0, "name": "62 to 64 years", "female": 816.0}, {"male": 421.0, "name": "65 and 66 years", "female": 437.0}, {"male": 553.0, "name": "67 to 69 years", "female": 537.0}, {"male": 675.0, "name": "70 to 74 years", "female": 667.0}, {"male": 463.0, "name": "75 to 79 years", "female": 530.0}, {"male": 330.0, "name": "80 to 84 years", "female": 450.0}, {"male": 265.0, "name": "85 years and over", "female": 368.0}], "age_by_sex": [{"name": "Male", "value": 28.399999999999999}, {"name": "Female", "value": 28.399999999999999}], "GEOID": "53021", "NECTA": ""}, "Garfield County": {"CNECTA": "", "COUNTY": "023", "HU100": "1233", "NAME": "Garfield County", "P001001.2000": "2397", "CSA": "999", "P001001": "2266", "POP100": "2266", "SUMLEV": "050", "STATE": "53", "CBSA": "99999", "race": [{"name": "White", "value": 2125}, {"name": "Black", "value": 0}, {"name": "American Indian or Alaska", "value": 6}, {"name": "Asian", "value": 39}, {"name": "Native Hawaiian", "value": 0}, {"name": "Other Race", "value": 52}, {"name": "Two or More Races", "value": 44}], "HU100.2000": "1288", "POP100.2000": "2397", "sex_by_age": [{"male": 49.0, "name": "Under 5 years", "female": 47.0}, {"male": 52.0, "name": "5 to 9 years", "female": 55.0}, {"male": 85.0, "name": "10 to 14 years", "female": 74.0}, {"male": 47.0, "name": "15 to 17 years", "female": 45.0}, {"male": 34.0, "name": "18 and 19 years", "female": 22.0}, {"male": 6.0, "name": "20 years", "female": 7.0}, {"male": 7.0, "name": "21 years", "female": 8.0}, {"male": 30.0, "name": "22 to 24 years", "female": 17.0}, {"male": 42.0, "name": "25 to 29 years", "female": 47.0}, {"male": 53.0, "name": "30 to 34 years", "female": 52.0}, {"male": 64.0, "name": "35 to 39 years", "female": 52.0}, {"male": 43.0, "name": "40 to 44 years", "female": 64.0}, {"male": 81.0, "name": "45 to 49 years", "female": 84.0}, {"male": 97.0, "name": "50 to 54 years", "female": 86.0}, {"male": 107.0, "name": "55 to 59 years", "female": 114.0}, {"male": 38.0, "name": "60 to 61 years", "female": 52.0}, {"male": 56.0, "name": "62 to 64 years", "female": 43.0}, {"male": 33.0, "name": "65 and 66 years", "female": 26.0}, {"male": 37.0, "name": "67 to 69 years", "female": 31.0}, {"male": 41.0, "name": "70 to 74 years", "female": 53.0}, {"male": 46.0, "name": "75 to 79 years", "female": 55.0}, {"male": 37.0, "name": "80 to 84 years", "female": 51.0}, {"male": 33.0, "name": "85 years and over", "female": 63.0}], "age_by_sex": [{"name": "Male", "value": 48.100000000000001}, {"name": "Female", "value": 50.0}], "GEOID": "53023", "NECTA": ""}, "Thurston County": {"CNECTA": "", "COUNTY": "067", "HU100": "108182", "NAME": "Thurston County", "P001001.2000": "207355", "CSA": "500", "P001001": "252264", "POP100": "252264", "SUMLEV": "050", "STATE": "53", "CBSA": "36500", "race": [{"name": "White", "value": 207856}, {"name": "Black", "value": 6752}, {"name": "American Indian or Alaska", "value": 3515}, {"name": "Asian", "value": 13037}, {"name": "Native Hawaiian", "value": 1961}, {"name": "Other Race", "value": 5648}, {"name": "Two or More Races", "value": 13495}], "HU100.2000": "86652", "POP100.2000": "207355", "sex_by_age": [{"male": 7922.0, "name": "Under 5 years", "female": 7459.0}, {"male": 8037.0, "name": "5 to 9 years", "female": 7592.0}, {"male": 8587.0, "name": "10 to 14 years", "female": 7972.0}, {"male": 5527.0, "name": "15 to 17 years", "female": 5026.0}, {"male": 3354.0, "name": "18 and 19 years", "female": 3309.0}, {"male": 1695.0, "name": "20 years", "female": 1610.0}, {"male": 1593.0, "name": "21 years", "female": 1701.0}, {"male": 4813.0, "name": "22 to 24 years", "female": 4913.0}, {"male": 8602.0, "name": "25 to 29 years", "female": 8804.0}, {"male": 8202.0, "name": "30 to 34 years", "female": 8407.0}, {"male": 7986.0, "name": "35 to 39 years", "female": 8290.0}, {"male": 8315.0, "name": "40 to 44 years", "female": 8416.0}, {"male": 8785.0, "name": "45 to 49 years", "female": 9323.0}, {"male": 8946.0, "name": "50 to 54 years", "female": 9989.0}, {"male": 8572.0, "name": "55 to 59 years", "female": 9913.0}, {"male": 3160.0, "name": "60 to 61 years", "female": 3618.0}, {"male": 4374.0, "name": "62 to 64 years", "female": 4688.0}, {"male": 2354.0, "name": "65 and 66 years", "female": 2600.0}, {"male": 2859.0, "name": "67 to 69 years", "female": 3199.0}, {"male": 3405.0, "name": "70 to 74 years", "female": 3867.0}, {"male": 2562.0, "name": "75 to 79 years", "female": 2995.0}, {"male": 1786.0, "name": "80 to 84 years", "female": 2590.0}, {"male": 1516.0, "name": "85 years and over", "female": 3031.0}], "age_by_sex": [{"name": "Male", "value": 37.100000000000001}, {"name": "Female", "value": 39.799999999999997}], "GEOID": "53067", "NECTA": ""}, "Clark County": {"CNECTA": "", "COUNTY": "011", "HU100": "167413", "NAME": "Clark County", "P001001.2000": "345238", "CSA": "999", "P001001": "425363", "POP100": "425363", "SUMLEV": "050", "STATE": "53", "CBSA": "38900", "race": [{"name": "White", "value": 363397}, {"name": "Black", "value": 8426}, {"name": "American Indian or Alaska", "value": 3624}, {"name": "Asian", "value": 17504}, {"name": "Native Hawaiian", "value": 2708}, {"name": "Other Race", "value": 12485}, {"name": "Two or More Races", "value": 17219}], "HU100.2000": "134030", "POP100.2000": "345238", "sex_by_age": [{"male": 15047.0, "name": "Under 5 years", "female": 14382.0}, {"male": 15990.0, "name": "5 to 9 years", "female": 15149.0}, {"male": 16908.0, "name": "10 to 14 years", "female": 15932.0}, {"male": 9809.0, "name": "15 to 17 years", "female": 9358.0}, {"male": 5648.0, "name": "18 and 19 years", "female": 5206.0}, {"male": 2585.0, "name": "20 years", "female": 2448.0}, {"male": 2368.0, "name": "21 years", "female": 2396.0}, {"male": 7225.0, "name": "22 to 24 years", "female": 7361.0}, {"male": 12970.0, "name": "25 to 29 years", "female": 13448.0}, {"male": 13941.0, "name": "30 to 34 years", "female": 14526.0}, {"male": 14728.0, "name": "35 to 39 years", "female": 14963.0}, {"male": 15076.0, "name": "40 to 44 years", "female": 14921.0}, {"male": 15468.0, "name": "45 to 49 years", "female": 15984.0}, {"male": 15132.0, "name": "50 to 54 years", "female": 15308.0}, {"male": 13504.0, "name": "55 to 59 years", "female": 14615.0}, {"male": 5024.0, "name": "60 to 61 years", "female": 5252.0}, {"male": 6688.0, "name": "62 to 64 years", "female": 7293.0}, {"male": 3529.0, "name": "65 and 66 years", "female": 3913.0}, {"male": 4665.0, "name": "67 to 69 years", "female": 4781.0}, {"male": 5388.0, "name": "70 to 74 years", "female": 5806.0}, {"male": 3544.0, "name": "75 to 79 years", "female": 4372.0}, {"male": 2565.0, "name": "80 to 84 years", "female": 3739.0}, {"male": 2152.0, "name": "85 years and over", "female": 4256.0}], "age_by_sex": [{"name": "Male", "value": 35.899999999999999}, {"name": "Female", "value": 37.600000000000001}], "GEOID": "53011", "NECTA": ""}, "Kittitas County": {"CNECTA": "", "COUNTY": "037", "HU100": "21900", "NAME": "Kittitas County", "P001001.2000": "33362", "CSA": "999", "P001001": "40915", "POP100": "40915", "SUMLEV": "050", "STATE": "53", "CBSA": "21260", "race": [{"name": "White", "value": 36544}, {"name": "Black", "value": 364}, {"name": "American Indian or Alaska", "value": 394}, {"name": "Asian", "value": 810}, {"name": "Native Hawaiian", "value": 57}, {"name": "Other Race", "value": 1500}, {"name": "Two or More Races", "value": 1246}], "HU100.2000": "16475", "POP100.2000": "33362", "sex_by_age": [{"male": 1029.0, "name": "Under 5 years", "female": 1005.0}, {"male": 1033.0, "name": "5 to 9 years", "female": 1007.0}, {"male": 1105.0, "name": "10 to 14 years", "female": 1042.0}, {"male": 682.0, "name": "15 to 17 years", "female": 581.0}, {"male": 1247.0, "name": "18 and 19 years", "female": 1369.0}, {"male": 875.0, "name": "20 years", "female": 851.0}, {"male": 880.0, "name": "21 years", "female": 837.0}, {"male": 1898.0, "name": "22 to 24 years", "female": 1481.0}, {"male": 1535.0, "name": "25 to 29 years", "female": 1229.0}, {"male": 1009.0, "name": "30 to 34 years", "female": 1004.0}, {"male": 1016.0, "name": "35 to 39 years", "female": 994.0}, {"male": 1068.0, "name": "40 to 44 years", "female": 1032.0}, {"male": 1191.0, "name": "45 to 49 years", "female": 1208.0}, {"male": 1349.0, "name": "50 to 54 years", "female": 1324.0}, {"male": 1275.0, "name": "55 to 59 years", "female": 1259.0}, {"male": 464.0, "name": "60 to 61 years", "female": 455.0}, {"male": 676.0, "name": "62 to 64 years", "female": 693.0}, {"male": 386.0, "name": "65 and 66 years", "female": 384.0}, {"male": 520.0, "name": "67 to 69 years", "female": 518.0}, {"male": 651.0, "name": "70 to 74 years", "female": 605.0}, {"male": 389.0, "name": "75 to 79 years", "female": 435.0}, {"male": 259.0, "name": "80 to 84 years", "female": 344.0}, {"male": 256.0, "name": "85 years and over", "female": 465.0}], "age_by_sex": [{"name": "Male", "value": 30.5}, {"name": "Female", "value": 33.200000000000003}], "GEOID": "53037", "NECTA": ""}, "Benton County": {"CNECTA": "", "COUNTY": "005", "HU100": "68618", "NAME": "Benton County", "P001001.2000": "142475", "CSA": "999", "P001001": "175177", "POP100": "175177", "SUMLEV": "050", "STATE": "53", "CBSA": "28420", "race": [{"name": "White", "value": 144418}, {"name": "Black", "value": 2221}, {"name": "American Indian or Alaska", "value": 1574}, {"name": "Asian", "value": 4691}, {"name": "Native Hawaiian", "value": 253}, {"name": "Other Race", "value": 15798}, {"name": "Two or More Races", "value": 6222}], "HU100.2000": "55963", "POP100.2000": "142475", "sex_by_age": [{"male": 6706.0, "name": "Under 5 years", "female": 6365.0}, {"male": 6743.0, "name": "5 to 9 years", "female": 6338.0}, {"male": 6880.0, "name": "10 to 14 years", "female": 6470.0}, {"male": 4173.0, "name": "15 to 17 years", "female": 3989.0}, {"male": 2469.0, "name": "18 and 19 years", "female": 2283.0}, {"male": 1144.0, "name": "20 years", "female": 1030.0}, {"male": 1030.0, "name": "21 years", "female": 1010.0}, {"male": 3359.0, "name": "22 to 24 years", "female": 3382.0}, {"male": 6097.0, "name": "25 to 29 years", "female": 5875.0}, {"male": 5570.0, "name": "30 to 34 years", "female": 5496.0}, {"male": 5362.0, "name": "35 to 39 years", "female": 5310.0}, {"male": 5455.0, "name": "40 to 44 years", "female": 5607.0}, {"male": 6119.0, "name": "45 to 49 years", "female": 6324.0}, {"male": 6323.0, "name": "50 to 54 years", "female": 6301.0}, {"male": 5913.0, "name": "55 to 59 years", "female": 5846.0}, {"male": 2138.0, "name": "60 to 61 years", "female": 2062.0}, {"male": 2720.0, "name": "62 to 64 years", "female": 2702.0}, {"male": 1443.0, "name": "65 and 66 years", "female": 1503.0}, {"male": 1889.0, "name": "67 to 69 years", "female": 1952.0}, {"male": 2281.0, "name": "70 to 74 years", "female": 2447.0}, {"male": 1576.0, "name": "75 to 79 years", "female": 1970.0}, {"male": 1156.0, "name": "80 to 84 years", "female": 1591.0}, {"male": 940.0, "name": "85 years and over", "female": 1838.0}], "age_by_sex": [{"name": "Male", "value": 34.600000000000001}, {"name": "Female", "value": 36.600000000000001}], "GEOID": "53005", "NECTA": ""}, "Okanogan County": {"CNECTA": "", "COUNTY": "047", "HU100": "22245", "NAME": "Okanogan County", "P001001.2000": "39564", "CSA": "999", "P001001": "41120", "POP100": "41120", "SUMLEV": "050", "STATE": "53", "CBSA": "99999", "race": [{"name": "White", "value": 30399}, {"name": "Black", "value": 159}, {"name": "American Indian or Alaska", "value": 4675}, {"name": "Asian", "value": 237}, {"name": "Native Hawaiian", "value": 31}, {"name": "Other Race", "value": 4163}, {"name": "Two or More Races", "value": 1456}], "HU100.2000": "19085", "POP100.2000": "39564", "sex_by_age": [{"male": 1443.0, "name": "Under 5 years", "female": 1362.0}, {"male": 1295.0, "name": "5 to 9 years", "female": 1236.0}, {"male": 1384.0, "name": "10 to 14 years", "female": 1232.0}, {"male": 866.0, "name": "15 to 17 years", "female": 849.0}, {"male": 507.0, "name": "18 and 19 years", "female": 451.0}, {"male": 224.0, "name": "20 years", "female": 197.0}, {"male": 221.0, "name": "21 years", "female": 185.0}, {"male": 615.0, "name": "22 to 24 years", "female": 580.0}, {"male": 1101.0, "name": "25 to 29 years", "female": 1055.0}, {"male": 1105.0, "name": "30 to 34 years", "female": 1041.0}, {"male": 1129.0, "name": "35 to 39 years", "female": 1131.0}, {"male": 1162.0, "name": "40 to 44 years", "female": 1133.0}, {"male": 1342.0, "name": "45 to 49 years", "female": 1410.0}, {"male": 1573.0, "name": "50 to 54 years", "female": 1674.0}, {"male": 1669.0, "name": "55 to 59 years", "female": 1684.0}, {"male": 652.0, "name": "60 to 61 years", "female": 658.0}, {"male": 984.0, "name": "62 to 64 years", "female": 900.0}, {"male": 540.0, "name": "65 and 66 years", "female": 501.0}, {"male": 731.0, "name": "67 to 69 years", "female": 638.0}, {"male": 932.0, "name": "70 to 74 years", "female": 842.0}, {"male": 622.0, "name": "75 to 79 years", "female": 639.0}, {"male": 366.0, "name": "80 to 84 years", "female": 476.0}, {"male": 287.0, "name": "85 years and over", "female": 496.0}], "age_by_sex": [{"name": "Male", "value": 41.899999999999999}, {"name": "Female", "value": 43.799999999999997}], "GEOID": "53047", "NECTA": ""}, "Douglas County": {"CNECTA": "", "COUNTY": "017", "HU100": "16004", "NAME": "Douglas County", "P001001.2000": "32603", "CSA": "999", "P001001": "38431", "POP100": "38431", "SUMLEV": "050", "STATE": "53", "CBSA": "48300", "race": [{"name": "White", "value": 30573}, {"name": "Black", "value": 128}, {"name": "American Indian or Alaska", "value": 405}, {"name": "Asian", "value": 283}, {"name": "Native Hawaiian", "value": 52}, {"name": "Other Race", "value": 5979}, {"name": "Two or More Races", "value": 1011}], "HU100.2000": "12944", "POP100.2000": "32603", "sex_by_age": [{"male": 1434.0, "name": "Under 5 years", "female": 1369.0}, {"male": 1418.0, "name": "5 to 9 years", "female": 1414.0}, {"male": 1540.0, "name": "10 to 14 years", "female": 1416.0}, {"male": 936.0, "name": "15 to 17 years", "female": 944.0}, {"male": 568.0, "name": "18 and 19 years", "female": 447.0}, {"male": 256.0, "name": "20 years", "female": 215.0}, {"male": 226.0, "name": "21 years", "female": 195.0}, {"male": 659.0, "name": "22 to 24 years", "female": 641.0}, {"male": 1209.0, "name": "25 to 29 years", "female": 1151.0}, {"male": 1151.0, "name": "30 to 34 years", "female": 1193.0}, {"male": 1159.0, "name": "35 to 39 years", "female": 1183.0}, {"male": 1150.0, "name": "40 to 44 years", "female": 1168.0}, {"male": 1301.0, "name": "45 to 49 years", "female": 1290.0}, {"male": 1345.0, "name": "50 to 54 years", "female": 1340.0}, {"male": 1239.0, "name": "55 to 59 years", "female": 1275.0}, {"male": 460.0, "name": "60 to 61 years", "female": 439.0}, {"male": 606.0, "name": "62 to 64 years", "female": 651.0}, {"male": 357.0, "name": "65 and 66 years", "female": 395.0}, {"male": 512.0, "name": "67 to 69 years", "female": 483.0}, {"male": 640.0, "name": "70 to 74 years", "female": 651.0}, {"male": 487.0, "name": "75 to 79 years", "female": 521.0}, {"male": 298.0, "name": "80 to 84 years", "female": 403.0}, {"male": 247.0, "name": "85 years and over", "female": 449.0}], "age_by_sex": [{"name": "Male", "value": 35.899999999999999}, {"name": "Female", "value": 37.700000000000003}], "GEOID": "53017", "NECTA": ""}, "Walla Walla County": {"CNECTA": "", "COUNTY": "071", "HU100": "23451", "NAME": "Walla Walla County", "P001001.2000": "55180", "CSA": "999", "P001001": "58781", "POP100": "58781", "SUMLEV": "050", "STATE": "53", "CBSA": "47460", "race": [{"name": "White", "value": 49654}, {"name": "Black", "value": 1079}, {"name": "American Indian or Alaska", "value": 603}, {"name": "Asian", "value": 758}, {"name": "Native Hawaiian", "value": 167}, {"name": "Other Race", "value": 4692}, {"name": "Two or More Races", "value": 1828}], "HU100.2000": "21147", "POP100.2000": "55180", "sex_by_age": [{"male": 1807.0, "name": "Under 5 years", "female": 1706.0}, {"male": 1812.0, "name": "5 to 9 years", "female": 1801.0}, {"male": 1875.0, "name": "10 to 14 years", "female": 1889.0}, {"male": 1217.0, "name": "15 to 17 years", "female": 1133.0}, {"male": 1247.0, "name": "18 and 19 years", "female": 1290.0}, {"male": 684.0, "name": "20 years", "female": 640.0}, {"male": 626.0, "name": "21 years", "female": 555.0}, {"male": 1542.0, "name": "22 to 24 years", "female": 1176.0}, {"male": 2200.0, "name": "25 to 29 years", "female": 1631.0}, {"male": 1907.0, "name": "30 to 34 years", "female": 1576.0}, {"male": 1761.0, "name": "35 to 39 years", "female": 1533.0}, {"male": 1815.0, "name": "40 to 44 years", "female": 1645.0}, {"male": 1983.0, "name": "45 to 49 years", "female": 1826.0}, {"male": 2012.0, "name": "50 to 54 years", "female": 2040.0}, {"male": 1903.0, "name": "55 to 59 years", "female": 1892.0}, {"male": 717.0, "name": "60 to 61 years", "female": 697.0}, {"male": 927.0, "name": "62 to 64 years", "female": 938.0}, {"male": 505.0, "name": "65 and 66 years", "female": 536.0}, {"male": 692.0, "name": "67 to 69 years", "female": 679.0}, {"male": 791.0, "name": "70 to 74 years", "female": 945.0}, {"male": 695.0, "name": "75 to 79 years", "female": 891.0}, {"male": 547.0, "name": "80 to 84 years", "female": 882.0}, {"male": 570.0, "name": "85 years and over", "female": 1045.0}], "age_by_sex": [{"name": "Male", "value": 35.0}, {"name": "Female", "value": 38.5}], "GEOID": "53071", "NECTA": ""}, "Ferry County": {"CNECTA": "", "COUNTY": "019", "HU100": "4403", "NAME": "Ferry County", "P001001.2000": "7260", "CSA": "999", "P001001": "7551", "POP100": "7551", "SUMLEV": "050", "STATE": "53", "CBSA": "99999", "race": [{"name": "White", "value": 5758}, {"name": "Black", "value": 26}, {"name": "American Indian or Alaska", "value": 1259}, {"name": "Asian", "value": 52}, {"name": "Native Hawaiian", "value": 8}, {"name": "Other Race", "value": 89}, {"name": "Two or More Races", "value": 359}], "HU100.2000": "3775", "POP100.2000": "7260", "sex_by_age": [{"male": 199.0, "name": "Under 5 years", "female": 189.0}, {"male": 220.0, "name": "5 to 9 years", "female": 156.0}, {"male": 203.0, "name": "10 to 14 years", "female": 227.0}, {"male": 159.0, "name": "15 to 17 years", "female": 145.0}, {"male": 163.0, "name": "18 and 19 years", "female": 76.0}, {"male": 71.0, "name": "20 years", "female": 36.0}, {"male": 44.0, "name": "21 years", "female": 32.0}, {"male": 110.0, "name": "22 to 24 years", "female": 109.0}, {"male": 172.0, "name": "25 to 29 years", "female": 163.0}, {"male": 167.0, "name": "30 to 34 years", "female": 150.0}, {"male": 178.0, "name": "35 to 39 years", "female": 162.0}, {"male": 180.0, "name": "40 to 44 years", "female": 221.0}, {"male": 262.0, "name": "45 to 49 years", "female": 276.0}, {"male": 295.0, "name": "50 to 54 years", "female": 319.0}, {"male": 388.0, "name": "55 to 59 years", "female": 371.0}, {"male": 168.0, "name": "60 to 61 years", "female": 135.0}, {"male": 208.0, "name": "62 to 64 years", "female": 169.0}, {"male": 93.0, "name": "65 and 66 years", "female": 114.0}, {"male": 165.0, "name": "67 to 69 years", "female": 151.0}, {"male": 210.0, "name": "70 to 74 years", "female": 167.0}, {"male": 136.0, "name": "75 to 79 years", "female": 104.0}, {"male": 65.0, "name": "80 to 84 years", "female": 70.0}, {"male": 49.0, "name": "85 years and over", "female": 104.0}], "age_by_sex": [{"name": "Male", "value": 46.5}, {"name": "Female", "value": 48.100000000000001}], "GEOID": "53019", "NECTA": ""}, "Grays Harbor County": {"CNECTA": "", "COUNTY": "027", "HU100": "35166", "NAME": "Grays Harbor County", "P001001.2000": "67194", "CSA": "999", "P001001": "72797", "POP100": "72797", "SUMLEV": "050", "STATE": "53", "CBSA": "10140", "race": [{"name": "White", "value": 61825}, {"name": "Black", "value": 803}, {"name": "American Indian or Alaska", "value": 3325}, {"name": "Asian", "value": 1032}, {"name": "Native Hawaiian", "value": 182}, {"name": "Other Race", "value": 2817}, {"name": "Two or More Races", "value": 2813}], "HU100.2000": "32489", "POP100.2000": "67194", "sex_by_age": [{"male": 2136.0, "name": "Under 5 years", "female": 2124.0}, {"male": 2073.0, "name": "5 to 9 years", "female": 2068.0}, {"male": 2304.0, "name": "10 to 14 years", "female": 2189.0}, {"male": 1449.0, "name": "15 to 17 years", "female": 1381.0}, {"male": 1050.0, "name": "18 and 19 years", "female": 890.0}, {"male": 498.0, "name": "20 years", "female": 367.0}, {"male": 482.0, "name": "21 years", "female": 395.0}, {"male": 1384.0, "name": "22 to 24 years", "female": 1186.0}, {"male": 2347.0, "name": "25 to 29 years", "female": 1947.0}, {"male": 2361.0, "name": "30 to 34 years", "female": 1905.0}, {"male": 2296.0, "name": "35 to 39 years", "female": 1920.0}, {"male": 2354.0, "name": "40 to 44 years", "female": 2036.0}, {"male": 2682.0, "name": "45 to 49 years", "female": 2494.0}, {"male": 2879.0, "name": "50 to 54 years", "female": 2828.0}, {"male": 2842.0, "name": "55 to 59 years", "female": 2792.0}, {"male": 1180.0, "name": "60 to 61 years", "female": 1100.0}, {"male": 1427.0, "name": "62 to 64 years", "female": 1582.0}, {"male": 862.0, "name": "65 and 66 years", "female": 829.0}, {"male": 1158.0, "name": "67 to 69 years", "female": 1084.0}, {"male": 1443.0, "name": "70 to 74 years", "female": 1493.0}, {"male": 975.0, "name": "75 to 79 years", "female": 1047.0}, {"male": 628.0, "name": "80 to 84 years", "female": 881.0}, {"male": 547.0, "name": "85 years and over", "female": 902.0}], "age_by_sex": [{"name": "Male", "value": 40.600000000000001}, {"name": "Female", "value": 43.399999999999999}], "GEOID": "53027", "NECTA": ""}, "Skamania County": {"CNECTA": "", "COUNTY": "059", "HU100": "5628", "NAME": "Skamania County", "P001001.2000": "9872", "CSA": "999", "P001001": "11066", "POP100": "11066", "SUMLEV": "050", "STATE": "53", "CBSA": "38900", "race": [{"name": "White", "value": 10265}, {"name": "Black", "value": 46}, {"name": "American Indian or Alaska", "value": 173}, {"name": "Asian", "value": 96}, {"name": "Native Hawaiian", "value": 11}, {"name": "Other Race", "value": 146}, {"name": "Two or More Races", "value": 329}], "HU100.2000": "4576", "POP100.2000": "9872", "sex_by_age": [{"male": 301.0, "name": "Under 5 years", "female": 303.0}, {"male": 326.0, "name": "5 to 9 years", "female": 322.0}, {"male": 367.0, "name": "10 to 14 years", "female": 363.0}, {"male": 249.0, "name": "15 to 17 years", "female": 227.0}, {"male": 129.0, "name": "18 and 19 years", "female": 112.0}, {"male": 49.0, "name": "20 years", "female": 50.0}, {"male": 37.0, "name": "21 years", "female": 32.0}, {"male": 149.0, "name": "22 to 24 years", "female": 134.0}, {"male": 242.0, "name": "25 to 29 years", "female": 259.0}, {"male": 330.0, "name": "30 to 34 years", "female": 309.0}, {"male": 316.0, "name": "35 to 39 years", "female": 358.0}, {"male": 351.0, "name": "40 to 44 years", "female": 359.0}, {"male": 487.0, "name": "45 to 49 years", "female": 456.0}, {"male": 486.0, "name": "50 to 54 years", "female": 527.0}, {"male": 533.0, "name": "55 to 59 years", "female": 495.0}, {"male": 165.0, "name": "60 to 61 years", "female": 160.0}, {"male": 262.0, "name": "62 to 64 years", "female": 225.0}, {"male": 142.0, "name": "65 and 66 years", "female": 127.0}, {"male": 170.0, "name": "67 to 69 years", "female": 178.0}, {"male": 185.0, "name": "70 to 74 years", "female": 179.0}, {"male": 138.0, "name": "75 to 79 years", "female": 138.0}, {"male": 89.0, "name": "80 to 84 years", "female": 99.0}, {"male": 62.0, "name": "85 years and over", "female": 89.0}], "age_by_sex": [{"name": "Male", "value": 44.0}, {"name": "Female", "value": 44.100000000000001}], "GEOID": "53059", "NECTA": ""}, "Whatcom County": {"CNECTA": "", "COUNTY": "073", "HU100": "90665", "NAME": "Whatcom County", "P001001.2000": "166814", "CSA": "999", "P001001": "201140", "POP100": "201140", "SUMLEV": "050", "STATE": "53", "CBSA": "13380", "race": [{"name": "White", "value": 171816}, {"name": "Black", "value": 1929}, {"name": "American Indian or Alaska", "value": 5683}, {"name": "Asian", "value": 7090}, {"name": "Native Hawaiian", "value": 492}, {"name": "Other Race", "value": 6577}, {"name": "Two or More Races", "value": 7553}], "HU100.2000": "73893", "POP100.2000": "166814", "sex_by_age": [{"male": 5859.0, "name": "Under 5 years", "female": 5478.0}, {"male": 5810.0, "name": "5 to 9 years", "female": 5455.0}, {"male": 6122.0, "name": "10 to 14 years", "female": 5937.0}, {"male": 3852.0, "name": "15 to 17 years", "female": 3692.0}, {"male": 4030.0, "name": "18 and 19 years", "female": 4331.0}, {"male": 2342.0, "name": "20 years", "female": 2520.0}, {"male": 2275.0, "name": "21 years", "female": 2378.0}, {"male": 5594.0, "name": "22 to 24 years", "female": 5168.0}, {"male": 7262.0, "name": "25 to 29 years", "female": 6757.0}, {"male": 6180.0, "name": "30 to 34 years", "female": 5970.0}, {"male": 5858.0, "name": "35 to 39 years", "female": 5818.0}, {"male": 6123.0, "name": "40 to 44 years", "female": 6196.0}, {"male": 6694.0, "name": "45 to 49 years", "female": 6838.0}, {"male": 6766.0, "name": "50 to 54 years", "female": 7031.0}, {"male": 6599.0, "name": "55 to 59 years", "female": 7229.0}, {"male": 2607.0, "name": "60 to 61 years", "female": 2598.0}, {"male": 3490.0, "name": "62 to 64 years", "female": 3641.0}, {"male": 1846.0, "name": "65 and 66 years", "female": 1998.0}, {"male": 2477.0, "name": "67 to 69 years", "female": 2439.0}, {"male": 2871.0, "name": "70 to 74 years", "female": 3037.0}, {"male": 2135.0, "name": "75 to 79 years", "female": 2428.0}, {"male": 1560.0, "name": "80 to 84 years", "female": 2106.0}, {"male": 1283.0, "name": "85 years and over", "female": 2460.0}], "age_by_sex": [{"name": "Male", "value": 35.399999999999999}, {"name": "Female", "value": 37.799999999999997}], "GEOID": "53073", "NECTA": ""}, "Columbia County": {"CNECTA": "", "COUNTY": "013", "HU100": "2136", "NAME": "Columbia County", "P001001.2000": "4064", "CSA": "999", "P001001": "4078", "POP100": "4078", "SUMLEV": "050", "STATE": "53", "CBSA": "99999", "race": [{"name": "White", "value": 3791}, {"name": "Black", "value": 12}, {"name": "American Indian or Alaska", "value": 58}, {"name": "Asian", "value": 23}, {"name": "Native Hawaiian", "value": 14}, {"name": "Other Race", "value": 71}, {"name": "Two or More Races", "value": 109}], "HU100.2000": "2018", "POP100.2000": "4064", "sex_by_age": [{"male": 115.0, "name": "Under 5 years", "female": 101.0}, {"male": 100.0, "name": "5 to 9 years", "female": 97.0}, {"male": 116.0, "name": "10 to 14 years", "female": 131.0}, {"male": 80.0, "name": "15 to 17 years", "female": 83.0}, {"male": 38.0, "name": "18 and 19 years", "female": 29.0}, {"male": 20.0, "name": "20 years", "female": 21.0}, {"male": 16.0, "name": "21 years", "female": 14.0}, {"male": 40.0, "name": "22 to 24 years", "female": 47.0}, {"male": 94.0, "name": "25 to 29 years", "female": 88.0}, {"male": 92.0, "name": "30 to 34 years", "female": 74.0}, {"male": 89.0, "name": "35 to 39 years", "female": 104.0}, {"male": 124.0, "name": "40 to 44 years", "female": 105.0}, {"male": 158.0, "name": "45 to 49 years", "female": 166.0}, {"male": 154.0, "name": "50 to 54 years", "female": 152.0}, {"male": 171.0, "name": "55 to 59 years", "female": 171.0}, {"male": 73.0, "name": "60 to 61 years", "female": 79.0}, {"male": 105.0, "name": "62 to 64 years", "female": 94.0}, {"male": 56.0, "name": "65 and 66 years", "female": 76.0}, {"male": 88.0, "name": "67 to 69 years", "female": 85.0}, {"male": 119.0, "name": "70 to 74 years", "female": 103.0}, {"male": 68.0, "name": "75 to 79 years", "female": 81.0}, {"male": 52.0, "name": "80 to 84 years", "female": 64.0}, {"male": 54.0, "name": "85 years and over", "female": 91.0}], "age_by_sex": [{"name": "Male", "value": 47.700000000000003}, {"name": "Female", "value": 49.0}], "GEOID": "53013", "NECTA": ""}, "Yakima County": {"CNECTA": "", "COUNTY": "077", "HU100": "85474", "NAME": "Yakima County", "P001001.2000": "222581", "CSA": "999", "P001001": "243231", "POP100": "243231", "SUMLEV": "050", "STATE": "53", "CBSA": "49420", "race": [{"name": "White", "value": 155056}, {"name": "Black", "value": 2320}, {"name": "American Indian or Alaska", "value": 10568}, {"name": "Asian", "value": 2560}, {"name": "Native Hawaiian", "value": 204}, {"name": "Other Race", "value": 63414}, {"name": "Two or More Races", "value": 9109}], "HU100.2000": "79174", "POP100.2000": "222581", "sex_by_age": [{"male": 10950.0, "name": "Under 5 years", "female": 10459.0}, {"male": 10399.0, "name": "5 to 9 years", "female": 10057.0}, {"male": 10196.0, "name": "10 to 14 years", "female": 9663.0}, {"male": 6346.0, "name": "15 to 17 years", "female": 5968.0}, {"male": 4108.0, "name": "18 and 19 years", "female": 3542.0}, {"male": 1825.0, "name": "20 years", "female": 1632.0}, {"male": 1665.0, "name": "21 years", "female": 1554.0}, {"male": 5103.0, "name": "22 to 24 years", "female": 4751.0}, {"male": 8156.0, "name": "25 to 29 years", "female": 8161.0}, {"male": 7855.0, "name": "30 to 34 years", "female": 7746.0}, {"male": 7500.0, "name": "35 to 39 years", "female": 7447.0}, {"male": 7345.0, "name": "40 to 44 years", "female": 7139.0}, {"male": 7729.0, "name": "45 to 49 years", "female": 7646.0}, {"male": 7574.0, "name": "50 to 54 years", "female": 7394.0}, {"male": 6607.0, "name": "55 to 59 years", "female": 7049.0}, {"male": 2464.0, "name": "60 to 61 years", "female": 2514.0}, {"male": 3286.0, "name": "62 to 64 years", "female": 3279.0}, {"male": 1892.0, "name": "65 and 66 years", "female": 1952.0}, {"male": 2395.0, "name": "67 to 69 years", "female": 2589.0}, {"male": 3007.0, "name": "70 to 74 years", "female": 3364.0}, {"male": 2211.0, "name": "75 to 79 years", "female": 2707.0}, {"male": 1666.0, "name": "80 to 84 years", "female": 2272.0}, {"male": 1397.0, "name": "85 years and over", "female": 2670.0}], "age_by_sex": [{"name": "Male", "value": 31.300000000000001}, {"name": "Female", "value": 33.200000000000003}], "GEOID": "53077", "NECTA": ""}, "Grant County": {"CNECTA": "", "COUNTY": "025", "HU100": "35083", "NAME": "Grant County", "P001001.2000": "74698", "CSA": "999", "P001001": "89120", "POP100": "89120", "SUMLEV": "050", "STATE": "53", "CBSA": "34180", "race": [{"name": "White", "value": 64906}, {"name": "Black", "value": 990}, {"name": "American Indian or Alaska", "value": 1088}, {"name": "Asian", "value": 810}, {"name": "Native Hawaiian", "value": 71}, {"name": "Other Race", "value": 18154}, {"name": "Two or More Races", "value": 3101}], "HU100.2000": "29081", "POP100.2000": "74698", "sex_by_age": [{"male": 4126.0, "name": "Under 5 years", "female": 3949.0}, {"male": 3733.0, "name": "5 to 9 years", "female": 3688.0}, {"male": 3760.0, "name": "10 to 14 years", "female": 3590.0}, {"male": 2321.0, "name": "15 to 17 years", "female": 2058.0}, {"male": 1478.0, "name": "18 and 19 years", "female": 1336.0}, {"male": 678.0, "name": "20 years", "female": 558.0}, {"male": 675.0, "name": "21 years", "female": 554.0}, {"male": 1985.0, "name": "22 to 24 years", "female": 1651.0}, {"male": 3178.0, "name": "25 to 29 years", "female": 2830.0}, {"male": 2855.0, "name": "30 to 34 years", "female": 2826.0}, {"male": 2781.0, "name": "35 to 39 years", "female": 2711.0}, {"male": 2692.0, "name": "40 to 44 years", "female": 2488.0}, {"male": 2778.0, "name": "45 to 49 years", "female": 2651.0}, {"male": 2748.0, "name": "50 to 54 years", "female": 2648.0}, {"male": 2504.0, "name": "55 to 59 years", "female": 2431.0}, {"male": 865.0, "name": "60 to 61 years", "female": 921.0}, {"male": 1270.0, "name": "62 to 64 years", "female": 1272.0}, {"male": 807.0, "name": "65 and 66 years", "female": 764.0}, {"male": 958.0, "name": "67 to 69 years", "female": 940.0}, {"male": 1169.0, "name": "70 to 74 years", "female": 1214.0}, {"male": 953.0, "name": "75 to 79 years", "female": 1029.0}, {"male": 630.0, "name": "80 to 84 years", "female": 779.0}, {"male": 476.0, "name": "85 years and over", "female": 812.0}], "age_by_sex": [{"name": "Male", "value": 31.300000000000001}, {"name": "Female", "value": 32.899999999999999}], "GEOID": "53025", "NECTA": ""}, "Spokane County": {"CNECTA": "", "COUNTY": "063", "HU100": "201434", "NAME": "Spokane County", "P001001.2000": "417939", "CSA": "999", "P001001": "471221", "POP100": "471221", "SUMLEV": "050", "STATE": "53", "CBSA": "44060", "race": [{"name": "White", "value": 420275}, {"name": "Black", "value": 8056}, {"name": "American Indian or Alaska", "value": 7295}, {"name": "Asian", "value": 9957}, {"name": "Native Hawaiian", "value": 1902}, {"name": "Other Race", "value": 5880}, {"name": "Two or More Races", "value": 17856}], "HU100.2000": "175005", "POP100.2000": "417939", "sex_by_age": [{"male": 15499.0, "name": "Under 5 years", "female": 14742.0}, {"male": 15307.0, "name": "5 to 9 years", "female": 14445.0}, {"male": 15640.0, "name": "10 to 14 years", "female": 14801.0}, {"male": 9731.0, "name": "15 to 17 years", "female": 9337.0}, {"male": 7765.0, "name": "18 and 19 years", "female": 7984.0}, {"male": 4154.0, "name": "20 years", "female": 4118.0}, {"male": 3960.0, "name": "21 years", "female": 3880.0}, {"male": 10867.0, "name": "22 to 24 years", "female": 11036.0}, {"male": 17156.0, "name": "25 to 29 years", "female": 16220.0}, {"male": 14680.0, "name": "30 to 34 years", "female": 14241.0}, {"male": 14440.0, "name": "35 to 39 years", "female": 13877.0}, {"male": 14744.0, "name": "40 to 44 years", "female": 14682.0}, {"male": 16583.0, "name": "45 to 49 years", "female": 17069.0}, {"male": 16855.0, "name": "50 to 54 years", "female": 17318.0}, {"male": 15681.0, "name": "55 to 59 years", "female": 16560.0}, {"male": 5578.0, "name": "60 to 61 years", "female": 6000.0}, {"male": 7559.0, "name": "62 to 64 years", "female": 7743.0}, {"male": 3934.0, "name": "65 and 66 years", "female": 4274.0}, {"male": 5013.0, "name": "67 to 69 years", "female": 5498.0}, {"male": 6275.0, "name": "70 to 74 years", "female": 7171.0}, {"male": 4748.0, "name": "75 to 79 years", "female": 6042.0}, {"male": 3414.0, "name": "80 to 84 years", "female": 5231.0}, {"male": 3113.0, "name": "85 years and over", "female": 6256.0}], "age_by_sex": [{"name": "Male", "value": 35.600000000000001}, {"name": "Female", "value": 38.100000000000001}], "GEOID": "53063", "NECTA": ""}, "Pacific County": {"CNECTA": "", "COUNTY": "049", "HU100": "15547", "NAME": "Pacific County", "P001001.2000": "20984", "CSA": "999", "P001001": "20920", "POP100": "20920", "SUMLEV": "050", "STATE": "53", "CBSA": "99999", "race": [{"name": "White", "value": 18286}, {"name": "Black", "value": 79}, {"name": "American Indian or Alaska", "value": 483}, {"name": "Asian", "value": 427}, {"name": "Native Hawaiian", "value": 15}, {"name": "Other Race", "value": 926}, {"name": "Two or More Races", "value": 704}], "HU100.2000": "13991", "POP100.2000": "20984", "sex_by_age": [{"male": 535.0, "name": "Under 5 years", "female": 460.0}, {"male": 499.0, "name": "5 to 9 years", "female": 479.0}, {"male": 506.0, "name": "10 to 14 years", "female": 510.0}, {"male": 438.0, "name": "15 to 17 years", "female": 321.0}, {"male": 230.0, "name": "18 and 19 years", "female": 183.0}, {"male": 101.0, "name": "20 years", "female": 84.0}, {"male": 99.0, "name": "21 years", "female": 78.0}, {"male": 270.0, "name": "22 to 24 years", "female": 257.0}, {"male": 467.0, "name": "25 to 29 years", "female": 437.0}, {"male": 492.0, "name": "30 to 34 years", "female": 422.0}, {"male": 440.0, "name": "35 to 39 years", "female": 457.0}, {"male": 555.0, "name": "40 to 44 years", "female": 536.0}, {"male": 666.0, "name": "45 to 49 years", "female": 664.0}, {"male": 792.0, "name": "50 to 54 years", "female": 828.0}, {"male": 962.0, "name": "55 to 59 years", "female": 1026.0}, {"male": 356.0, "name": "60 to 61 years", "female": 377.0}, {"male": 589.0, "name": "62 to 64 years", "female": 621.0}, {"male": 338.0, "name": "65 and 66 years", "female": 353.0}, {"male": 515.0, "name": "67 to 69 years", "female": 519.0}, {"male": 649.0, "name": "70 to 74 years", "female": 640.0}, {"male": 449.0, "name": "75 to 79 years", "female": 472.0}, {"male": 320.0, "name": "80 to 84 years", "female": 333.0}, {"male": 220.0, "name": "85 years and over", "female": 375.0}], "age_by_sex": [{"name": "Male", "value": 49.600000000000001}, {"name": "Female", "value": 52.200000000000003}], "GEOID": "53049", "NECTA": ""}, "Clallam County": {"CNECTA": "", "COUNTY": "009", "HU100": "35582", "NAME": "Clallam County", "P001001.2000": "64525", "CSA": "999", "P001001": "71404", "POP100": "71404", "SUMLEV": "050", "STATE": "53", "CBSA": "38820", "race": [{"name": "White", "value": 62092}, {"name": "Black", "value": 596}, {"name": "American Indian or Alaska", "value": 3630}, {"name": "Asian", "value": 1007}, {"name": "Native Hawaiian", "value": 94}, {"name": "Other Race", "value": 1269}, {"name": "Two or More Races", "value": 2716}], "HU100.2000": "30683", "POP100.2000": "64525", "sex_by_age": [{"male": 1792.0, "name": "Under 5 years", "female": 1571.0}, {"male": 1734.0, "name": "5 to 9 years", "female": 1664.0}, {"male": 1935.0, "name": "10 to 14 years", "female": 1887.0}, {"male": 1288.0, "name": "15 to 17 years", "female": 1118.0}, {"male": 872.0, "name": "18 and 19 years", "female": 716.0}, {"male": 404.0, "name": "20 years", "female": 319.0}, {"male": 420.0, "name": "21 years", "female": 293.0}, {"male": 1180.0, "name": "22 to 24 years", "female": 982.0}, {"male": 1917.0, "name": "25 to 29 years", "female": 1674.0}, {"male": 1848.0, "name": "30 to 34 years", "female": 1612.0}, {"male": 1736.0, "name": "35 to 39 years", "female": 1629.0}, {"male": 1799.0, "name": "40 to 44 years", "female": 1780.0}, {"male": 2165.0, "name": "45 to 49 years", "female": 2332.0}, {"male": 2647.0, "name": "50 to 54 years", "female": 2833.0}, {"male": 2854.0, "name": "55 to 59 years", "female": 3239.0}, {"male": 1168.0, "name": "60 to 61 years", "female": 1223.0}, {"male": 1656.0, "name": "62 to 64 years", "female": 1928.0}, {"male": 1049.0, "name": "65 and 66 years", "female": 1143.0}, {"male": 1460.0, "name": "67 to 69 years", "female": 1603.0}, {"male": 2001.0, "name": "70 to 74 years", "female": 1960.0}, {"male": 1430.0, "name": "75 to 79 years", "female": 1591.0}, {"male": 1121.0, "name": "80 to 84 years", "female": 1318.0}, {"male": 953.0, "name": "85 years and over", "female": 1560.0}], "age_by_sex": [{"name": "Male", "value": 47.0}, {"name": "Female", "value": 50.700000000000003}], "GEOID": "53009", "NECTA": ""}, "Kitsap County": {"CNECTA": "", "COUNTY": "035", "HU100": "107367", "NAME": "Kitsap County", "P001001.2000": "231969", "CSA": "500", "P001001": "251133", "POP100": "251133", "SUMLEV": "050", "STATE": "53", "CBSA": "14740", "race": [{"name": "White", "value": 207369}, {"name": "Black", "value": 6650}, {"name": "American Indian or Alaska", "value": 4040}, {"name": "Asian", "value": 12396}, {"name": "Native Hawaiian", "value": 2310}, {"name": "Other Race", "value": 3919}, {"name": "Two or More Races", "value": 14449}], "HU100.2000": "92644", "POP100.2000": "231969", "sex_by_age": [{"male": 7515.0, "name": "Under 5 years", "female": 7316.0}, {"male": 7726.0, "name": "5 to 9 years", "female": 7413.0}, {"male": 8309.0, "name": "10 to 14 years", "female": 7678.0}, {"male": 5431.0, "name": "15 to 17 years", "female": 5108.0}, {"male": 3593.0, "name": "18 and 19 years", "female": 3127.0}, {"male": 2191.0, "name": "20 years", "female": 1461.0}, {"male": 2368.0, "name": "21 years", "female": 1539.0}, {"male": 6549.0, "name": "22 to 24 years", "female": 4588.0}, {"male": 9243.0, "name": "25 to 29 years", "female": 7637.0}, {"male": 7467.0, "name": "30 to 34 years", "female": 6927.0}, {"male": 7269.0, "name": "35 to 39 years", "female": 7065.0}, {"male": 7936.0, "name": "40 to 44 years", "female": 8253.0}, {"male": 9472.0, "name": "45 to 49 years", "female": 9557.0}, {"male": 9665.0, "name": "50 to 54 years", "female": 10088.0}, {"male": 9249.0, "name": "55 to 59 years", "female": 9629.0}, {"male": 3381.0, "name": "60 to 61 years", "female": 3580.0}, {"male": 4581.0, "name": "62 to 64 years", "female": 4926.0}, {"male": 2535.0, "name": "65 and 66 years", "female": 2640.0}, {"male": 3202.0, "name": "67 to 69 years", "female": 3269.0}, {"male": 3678.0, "name": "70 to 74 years", "female": 3828.0}, {"male": 2460.0, "name": "75 to 79 years", "female": 2915.0}, {"male": 1764.0, "name": "80 to 84 years", "female": 2495.0}, {"male": 1571.0, "name": "85 years and over", "female": 2939.0}], "age_by_sex": [{"name": "Male", "value": 37.299999999999997}, {"name": "Female", "value": 41.200000000000003}], "GEOID": "53035", "NECTA": ""}, "Stevens County": {"CNECTA": "", "COUNTY": "065", "HU100": "21156", "NAME": "Stevens County", "P001001.2000": "40066", "CSA": "999", "P001001": "43531", "POP100": "43531", "SUMLEV": "050", "STATE": "53", "CBSA": "99999", "race": [{"name": "White", "value": 38923}, {"name": "Black", "value": 145}, {"name": "American Indian or Alaska", "value": 2413}, {"name": "Asian", "value": 237}, {"name": "Native Hawaiian", "value": 68}, {"name": "Other Race", "value": 289}, {"name": "Two or More Races", "value": 1456}], "HU100.2000": "17599", "POP100.2000": "40066", "sex_by_age": [{"male": 1182.0, "name": "Under 5 years", "female": 1128.0}, {"male": 1449.0, "name": "5 to 9 years", "female": 1307.0}, {"male": 1629.0, "name": "10 to 14 years", "female": 1615.0}, {"male": 1128.0, "name": "15 to 17 years", "female": 1057.0}, {"male": 571.0, "name": "18 and 19 years", "female": 449.0}, {"male": 203.0, "name": "20 years", "female": 172.0}, {"male": 172.0, "name": "21 years", "female": 164.0}, {"male": 508.0, "name": "22 to 24 years", "female": 456.0}, {"male": 850.0, "name": "25 to 29 years", "female": 873.0}, {"male": 921.0, "name": "30 to 34 years", "female": 1063.0}, {"male": 1152.0, "name": "35 to 39 years", "female": 1118.0}, {"male": 1229.0, "name": "40 to 44 years", "female": 1354.0}, {"male": 1526.0, "name": "45 to 49 years", "female": 1627.0}, {"male": 1845.0, "name": "50 to 54 years", "female": 1977.0}, {"male": 1888.0, "name": "55 to 59 years", "female": 1929.0}, {"male": 782.0, "name": "60 to 61 years", "female": 702.0}, {"male": 1002.0, "name": "62 to 64 years", "female": 987.0}, {"male": 660.0, "name": "65 and 66 years", "female": 536.0}, {"male": 820.0, "name": "67 to 69 years", "female": 781.0}, {"male": 1010.0, "name": "70 to 74 years", "female": 907.0}, {"male": 601.0, "name": "75 to 79 years", "female": 634.0}, {"male": 379.0, "name": "80 to 84 years", "female": 438.0}, {"male": 275.0, "name": "85 years and over", "female": 475.0}], "age_by_sex": [{"name": "Male", "value": 44.600000000000001}, {"name": "Female", "value": 45.399999999999999}], "GEOID": "53065", "NECTA": ""}, "Pend Oreille County": {"CNECTA": "", "COUNTY": "051", "HU100": "7936", "NAME": "Pend Oreille County", "P001001.2000": "11732", "CSA": "999", "P001001": "13001", "POP100": "13001", "SUMLEV": "050", "STATE": "53", "CBSA": "99999", "race": [{"name": "White", "value": 11907}, {"name": "Black", "value": 52}, {"name": "American Indian or Alaska", "value": 488}, {"name": "Asian", "value": 73}, {"name": "Native Hawaiian", "value": 16}, {"name": "Other Race", "value": 91}, {"name": "Two or More Races", "value": 374}], "HU100.2000": "6608", "POP100.2000": "11732", "sex_by_age": [{"male": 341.0, "name": "Under 5 years", "female": 357.0}, {"male": 386.0, "name": "5 to 9 years", "female": 310.0}, {"male": 460.0, "name": "10 to 14 years", "female": 408.0}, {"male": 265.0, "name": "15 to 17 years", "female": 281.0}, {"male": 144.0, "name": "18 and 19 years", "female": 101.0}, {"male": 60.0, "name": "20 years", "female": 52.0}, {"male": 59.0, "name": "21 years", "female": 57.0}, {"male": 124.0, "name": "22 to 24 years", "female": 136.0}, {"male": 251.0, "name": "25 to 29 years", "female": 260.0}, {"male": 263.0, "name": "30 to 34 years", "female": 270.0}, {"male": 327.0, "name": "35 to 39 years", "female": 317.0}, {"male": 369.0, "name": "40 to 44 years", "female": 361.0}, {"male": 490.0, "name": "45 to 49 years", "female": 504.0}, {"male": 561.0, "name": "50 to 54 years", "female": 582.0}, {"male": 655.0, "name": "55 to 59 years", "female": 589.0}, {"male": 220.0, "name": "60 to 61 years", "female": 243.0}, {"male": 392.0, "name": "62 to 64 years", "female": 321.0}, {"male": 201.0, "name": "65 and 66 years", "female": 205.0}, {"male": 262.0, "name": "67 to 69 years", "female": 265.0}, {"male": 333.0, "name": "70 to 74 years", "female": 275.0}, {"male": 212.0, "name": "75 to 79 years", "female": 212.0}, {"male": 128.0, "name": "80 to 84 years", "female": 135.0}, {"male": 90.0, "name": "85 years and over", "female": 167.0}], "age_by_sex": [{"name": "Male", "value": 47.5}, {"name": "Female", "value": 48.100000000000001}], "GEOID": "53051", "NECTA": ""}}