{"Hampden County": {"CNECTA": "", "COUNTY": "013", "HU100": "192175", "NAME": "Hampden County", "P001001.2000": "456228", "CSA": "999", "P001001": "463490", "POP100": "463490", "SUMLEV": "050", "STATE": "25", "CBSA": "44140", "race": [{"name": "White", "value": 354580}, {"name": "Black", "value": 41644}, {"name": "American Indian or Alaska", "value": 1871}, {"name": "Asian", "value": 9118}, {"name": "Native Hawaiian", "value": 233}, {"name": "Other Race", "value": 42763}, {"name": "Two or More Races", "value": 13281}], "HU100.2000": "185876", "POP100.2000": "456228", "sex_by_age": [{"male": 14125.0, "name": "Under 5 years", "female": 13617.0}, {"male": 14894.0, "name": "5 to 9 years", "female": 14341.0}, {"male": 16139.0, "name": "10 to 14 years", "female": 15574.0}, {"male": 10923.0, "name": "15 to 17 years", "female": 10272.0}, {"male": 8228.0, "name": "18 and 19 years", "female": 7491.0}, {"male": 3914.0, "name": "20 years", "female": 3787.0}, {"male": 3600.0, "name": "21 years", "female": 3578.0}, {"male": 9087.0, "name": "22 to 24 years", "female": 9219.0}, {"male": 13651.0, "name": "25 to 29 years", "female": 14514.0}, {"male": 12362.0, "name": "30 to 34 years", "female": 13624.0}, {"male": 12976.0, "name": "35 to 39 years", "female": 14239.0}, {"male": 15071.0, "name": "40 to 44 years", "female": 16133.0}, {"male": 16761.0, "name": "45 to 49 years", "female": 17997.0}, {"male": 16898.0, "name": "50 to 54 years", "female": 17939.0}, {"male": 14771.0, "name": "55 to 59 years", "female": 15975.0}, {"male": 5127.0, "name": "60 to 61 years", "female": 5704.0}, {"male": 7220.0, "name": "62 to 64 years", "female": 7994.0}, {"male": 3768.0, "name": "65 and 66 years", "female": 4234.0}, {"male": 4883.0, "name": "67 to 69 years", "female": 5731.0}, {"male": 5964.0, "name": "70 to 74 years", "female": 7442.0}, {"male": 4800.0, "name": "75 to 79 years", "female": 6907.0}, {"male": 3928.0, "name": "80 to 84 years", "female": 6411.0}, {"male": 3579.0, "name": "85 years and over", "female": 8098.0}], "age_by_sex": [{"name": "Male", "value": 36.799999999999997}, {"name": "Female", "value": 40.0}], "GEOID": "25013", "NECTA": ""}, "Nantucket County": {"CNECTA": "", "COUNTY": "019", "HU100": "11618", "NAME": "Nantucket County", "P001001.2000": "9520", "CSA": "999", "P001001": "10172", "POP100": "10172", "SUMLEV": "050", "STATE": "25", "CBSA": "99999", "race": [{"name": "White", "value": 8913}, {"name": "Black", "value": 688}, {"name": "American Indian or Alaska", "value": 6}, {"name": "Asian", "value": 118}, {"name": "Native Hawaiian", "value": 1}, {"name": "Other Race", "value": 260}, {"name": "Two or More Races", "value": 186}], "HU100.2000": "9210", "POP100.2000": "9520", "sex_by_age": [{"male": 334.0, "name": "Under 5 years", "female": 350.0}, {"male": 295.0, "name": "5 to 9 years", "female": 301.0}, {"male": 276.0, "name": "10 to 14 years", "female": 248.0}, {"male": 147.0, "name": "15 to 17 years", "female": 157.0}, {"male": 87.0, "name": "18 and 19 years", "female": 67.0}, {"male": 43.0, "name": "20 years", "female": 31.0}, {"male": 46.0, "name": "21 years", "female": 36.0}, {"male": 180.0, "name": "22 to 24 years", "female": 146.0}, {"male": 391.0, "name": "25 to 29 years", "female": 350.0}, {"male": 454.0, "name": "30 to 34 years", "female": 396.0}, {"male": 476.0, "name": "35 to 39 years", "female": 370.0}, {"male": 447.0, "name": "40 to 44 years", "female": 396.0}, {"male": 450.0, "name": "45 to 49 years", "female": 401.0}, {"male": 378.0, "name": "50 to 54 years", "female": 407.0}, {"male": 344.0, "name": "55 to 59 years", "female": 369.0}, {"male": 137.0, "name": "60 to 61 years", "female": 121.0}, {"male": 168.0, "name": "62 to 64 years", "female": 146.0}, {"male": 91.0, "name": "65 and 66 years", "female": 87.0}, {"male": 91.0, "name": "67 to 69 years", "female": 100.0}, {"male": 158.0, "name": "70 to 74 years", "female": 165.0}, {"male": 101.0, "name": "75 to 79 years", "female": 117.0}, {"male": 61.0, "name": "80 to 84 years", "female": 94.0}, {"male": 50.0, "name": "85 years and over", "female": 112.0}], "age_by_sex": [{"name": "Male", "value": 38.700000000000003}, {"name": "Female", "value": 40.399999999999999}], "GEOID": "25019", "NECTA": ""}, "Bristol County": {"CNECTA": "", "COUNTY": "005", "HU100": "230535", "NAME": "Bristol County", "P001001.2000": "534678", "CSA": "148", "P001001": "548285", "POP100": "548285", "SUMLEV": "050", "STATE": "25", "CBSA": "39300", "race": [{"name": "White", "value": 484794}, {"name": "Black", "value": 17832}, {"name": "American Indian or Alaska", "value": 2120}, {"name": "Asian", "value": 10242}, {"name": "Native Hawaiian", "value": 205}, {"name": "Other Race", "value": 18682}, {"name": "Two or More Races", "value": 14410}], "HU100.2000": "216918", "POP100.2000": "534678", "sex_by_age": [{"male": 15956.0, "name": "Under 5 years", "female": 15347.0}, {"male": 16847.0, "name": "5 to 9 years", "female": 16246.0}, {"male": 18105.0, "name": "10 to 14 years", "female": 17209.0}, {"male": 11650.0, "name": "15 to 17 years", "female": 11049.0}, {"male": 8221.0, "name": "18 and 19 years", "female": 7766.0}, {"male": 4072.0, "name": "20 years", "female": 3884.0}, {"male": 3847.0, "name": "21 years", "female": 3855.0}, {"male": 10264.0, "name": "22 to 24 years", "female": 10313.0}, {"male": 16078.0, "name": "25 to 29 years", "female": 16331.0}, {"male": 15719.0, "name": "30 to 34 years", "female": 16543.0}, {"male": 17527.0, "name": "35 to 39 years", "female": 18517.0}, {"male": 20360.0, "name": "40 to 44 years", "female": 21043.0}, {"male": 21759.0, "name": "45 to 49 years", "female": 22503.0}, {"male": 20581.0, "name": "50 to 54 years", "female": 21604.0}, {"male": 17427.0, "name": "55 to 59 years", "female": 18500.0}, {"male": 6296.0, "name": "60 to 61 years", "female": 6752.0}, {"male": 8622.0, "name": "62 to 64 years", "female": 9613.0}, {"male": 4900.0, "name": "65 and 66 years", "female": 5422.0}, {"male": 5894.0, "name": "67 to 69 years", "female": 6831.0}, {"male": 7293.0, "name": "70 to 74 years", "female": 8815.0}, {"male": 5654.0, "name": "75 to 79 years", "female": 8030.0}, {"male": 4614.0, "name": "80 to 84 years", "female": 7484.0}, {"male": 3830.0, "name": "85 years and over", "female": 9112.0}], "age_by_sex": [{"name": "Male", "value": 38.600000000000001}, {"name": "Female", "value": 41.0}], "GEOID": "25005", "NECTA": ""}, "Berkshire County": {"CNECTA": "", "COUNTY": "003", "HU100": "68508", "NAME": "Berkshire County", "P001001.2000": "134953", "CSA": "999", "P001001": "131219", "POP100": "131219", "SUMLEV": "050", "STATE": "25", "CBSA": "38340", "race": [{"name": "White", "value": 121384}, {"name": "Black", "value": 3572}, {"name": "American Indian or Alaska", "value": 251}, {"name": "Asian", "value": 1611}, {"name": "Native Hawaiian", "value": 30}, {"name": "Other Race", "value": 1557}, {"name": "Two or More Races", "value": 2814}], "HU100.2000": "66301", "POP100.2000": "134953", "sex_by_age": [{"male": 3132.0, "name": "Under 5 years", "female": 2988.0}, {"male": 3284.0, "name": "5 to 9 years", "female": 3338.0}, {"male": 3802.0, "name": "10 to 14 years", "female": 3719.0}, {"male": 2778.0, "name": "15 to 17 years", "female": 2583.0}, {"male": 2033.0, "name": "18 and 19 years", "female": 2026.0}, {"male": 998.0, "name": "20 years", "female": 1013.0}, {"male": 893.0, "name": "21 years", "female": 877.0}, {"male": 2249.0, "name": "22 to 24 years", "female": 2257.0}, {"male": 3362.0, "name": "25 to 29 years", "female": 3358.0}, {"male": 3085.0, "name": "30 to 34 years", "female": 3095.0}, {"male": 3378.0, "name": "35 to 39 years", "female": 3540.0}, {"male": 4095.0, "name": "40 to 44 years", "female": 4299.0}, {"male": 5096.0, "name": "45 to 49 years", "female": 5302.0}, {"male": 5189.0, "name": "50 to 54 years", "female": 5573.0}, {"male": 4937.0, "name": "55 to 59 years", "female": 5200.0}, {"male": 1894.0, "name": "60 to 61 years", "female": 1999.0}, {"male": 2623.0, "name": "62 to 64 years", "female": 2838.0}, {"male": 1386.0, "name": "65 and 66 years", "female": 1512.0}, {"male": 1809.0, "name": "67 to 69 years", "female": 2106.0}, {"male": 2350.0, "name": "70 to 74 years", "female": 2703.0}, {"male": 1927.0, "name": "75 to 79 years", "female": 2448.0}, {"male": 1556.0, "name": "80 to 84 years", "female": 2349.0}, {"male": 1313.0, "name": "85 years and over", "female": 2927.0}], "age_by_sex": [{"name": "Male", "value": 43.299999999999997}, {"name": "Female", "value": 45.899999999999999}], "GEOID": "25003", "NECTA": ""}, "Worcester County": {"CNECTA": "", "COUNTY": "027", "HU100": "326788", "NAME": "Worcester County", "P001001.2000": "750963", "CSA": "148", "P001001": "798552", "POP100": "798552", "SUMLEV": "050", "STATE": "25", "CBSA": "49340", "race": [{"name": "White", "value": 683361}, {"name": "Black", "value": 33314}, {"name": "American Indian or Alaska", "value": 1976}, {"name": "Asian", "value": 31815}, {"name": "Native Hawaiian", "value": 246}, {"name": "Other Race", "value": 29078}, {"name": "Two or More Races", "value": 18762}], "HU100.2000": "298159", "POP100.2000": "750963", "sex_by_age": [{"male": 24151.0, "name": "Under 5 years", "female": 22672.0}, {"male": 26087.0, "name": "5 to 9 years", "female": 25006.0}, {"male": 27790.0, "name": "10 to 14 years", "female": 26363.0}, {"male": 18068.0, "name": "15 to 17 years", "female": 17094.0}, {"male": 12558.0, "name": "18 and 19 years", "female": 11658.0}, {"male": 6139.0, "name": "20 years", "female": 5480.0}, {"male": 5506.0, "name": "21 years", "female": 5296.0}, {"male": 15346.0, "name": "22 to 24 years", "female": 14661.0}, {"male": 23269.0, "name": "25 to 29 years", "female": 23007.0}, {"male": 22952.0, "name": "30 to 34 years", "female": 23328.0}, {"male": 25792.0, "name": "35 to 39 years", "female": 27262.0}, {"male": 29759.0, "name": "40 to 44 years", "female": 30413.0}, {"male": 33375.0, "name": "45 to 49 years", "female": 33509.0}, {"male": 31972.0, "name": "50 to 54 years", "female": 31834.0}, {"male": 26378.0, "name": "55 to 59 years", "female": 26601.0}, {"male": 8980.0, "name": "60 to 61 years", "female": 9393.0}, {"male": 12172.0, "name": "62 to 64 years", "female": 12646.0}, {"male": 6157.0, "name": "65 and 66 years", "female": 6723.0}, {"male": 8241.0, "name": "67 to 69 years", "female": 9000.0}, {"male": 9602.0, "name": "70 to 74 years", "female": 11750.0}, {"male": 7585.0, "name": "75 to 79 years", "female": 10234.0}, {"male": 6213.0, "name": "80 to 84 years", "female": 9615.0}, {"male": 5184.0, "name": "85 years and over", "female": 11731.0}], "age_by_sex": [{"name": "Male", "value": 38.100000000000001}, {"name": "Female", "value": 40.100000000000001}], "GEOID": "25027", "NECTA": ""}, "Essex County": {"CNECTA": "", "COUNTY": "009", "HU100": "306754", "NAME": "Essex County", "P001001.2000": "723419", "CSA": "148", "P001001": "743159", "POP100": "743159", "SUMLEV": "050", "STATE": "25", "CBSA": "14460", "race": [{"name": "White", "value": 608369}, {"name": "Black", "value": 27985}, {"name": "American Indian or Alaska", "value": 2718}, {"name": "Asian", "value": 23220}, {"name": "Native Hawaiian", "value": 303}, {"name": "Other Race", "value": 61088}, {"name": "Two or More Races", "value": 19476}], "HU100.2000": "287144", "POP100.2000": "723419", "sex_by_age": [{"male": 22399.0, "name": "Under 5 years", "female": 21233.0}, {"male": 23974.0, "name": "5 to 9 years", "female": 22918.0}, {"male": 25395.0, "name": "10 to 14 years", "female": 24139.0}, {"male": 16335.0, "name": "15 to 17 years", "female": 15696.0}, {"male": 10086.0, "name": "18 and 19 years", "female": 9771.0}, {"male": 4736.0, "name": "20 years", "female": 4616.0}, {"male": 4483.0, "name": "21 years", "female": 4404.0}, {"male": 13473.0, "name": "22 to 24 years", "female": 13532.0}, {"male": 21075.0, "name": "25 to 29 years", "female": 21520.0}, {"male": 19904.0, "name": "30 to 34 years", "female": 21356.0}, {"male": 21926.0, "name": "35 to 39 years", "female": 24164.0}, {"male": 26037.0, "name": "40 to 44 years", "female": 28226.0}, {"male": 29366.0, "name": "45 to 49 years", "female": 32131.0}, {"male": 28778.0, "name": "50 to 54 years", "female": 30987.0}, {"male": 24677.0, "name": "55 to 59 years", "female": 27018.0}, {"male": 8830.0, "name": "60 to 61 years", "female": 9845.0}, {"male": 11855.0, "name": "62 to 64 years", "female": 13191.0}, {"male": 6276.0, "name": "65 and 66 years", "female": 7035.0}, {"male": 7943.0, "name": "67 to 69 years", "female": 9231.0}, {"male": 9651.0, "name": "70 to 74 years", "female": 12213.0}, {"male": 7946.0, "name": "75 to 79 years", "female": 10916.0}, {"male": 6146.0, "name": "80 to 84 years", "female": 10359.0}, {"male": 5324.0, "name": "85 years and over", "female": 12043.0}], "age_by_sex": [{"name": "Male", "value": 38.899999999999999}, {"name": "Female", "value": 41.799999999999997}], "GEOID": "25009", "NECTA": ""}, "Norfolk County": {"CNECTA": "", "COUNTY": "021", "HU100": "270359", "NAME": "Norfolk County", "P001001.2000": "650308", "CSA": "148", "P001001": "670850", "POP100": "670850", "SUMLEV": "050", "STATE": "25", "CBSA": "14460", "race": [{"name": "White", "value": 551847}, {"name": "Black", "value": 38148}, {"name": "American Indian or Alaska", "value": 1091}, {"name": "Asian", "value": 57803}, {"name": "Native Hawaiian", "value": 129}, {"name": "Other Race", "value": 8926}, {"name": "Two or More Races", "value": 12906}], "HU100.2000": "255154", "POP100.2000": "650308", "sex_by_age": [{"male": 19174.0, "name": "Under 5 years", "female": 18541.0}, {"male": 22005.0, "name": "5 to 9 years", "female": 20813.0}, {"male": 22674.0, "name": "10 to 14 years", "female": 21676.0}, {"male": 14050.0, "name": "15 to 17 years", "female": 13199.0}, {"male": 7594.0, "name": "18 and 19 years", "female": 7916.0}, {"male": 3493.0, "name": "20 years", "female": 3734.0}, {"male": 3308.0, "name": "21 years", "female": 3783.0}, {"male": 11576.0, "name": "22 to 24 years", "female": 13076.0}, {"male": 19435.0, "name": "25 to 29 years", "female": 20900.0}, {"male": 18618.0, "name": "30 to 34 years", "female": 20030.0}, {"male": 20936.0, "name": "35 to 39 years", "female": 22318.0}, {"male": 24365.0, "name": "40 to 44 years", "female": 26009.0}, {"male": 27321.0, "name": "45 to 49 years", "female": 28871.0}, {"male": 25908.0, "name": "50 to 54 years", "female": 27600.0}, {"male": 22160.0, "name": "55 to 59 years", "female": 23923.0}, {"male": 7866.0, "name": "60 to 61 years", "female": 8449.0}, {"male": 10563.0, "name": "62 to 64 years", "female": 11662.0}, {"male": 5563.0, "name": "65 and 66 years", "female": 6348.0}, {"male": 7034.0, "name": "67 to 69 years", "female": 8454.0}, {"male": 8993.0, "name": "70 to 74 years", "female": 11238.0}, {"male": 7460.0, "name": "75 to 79 years", "female": 10377.0}, {"male": 5897.0, "name": "80 to 84 years", "female": 9585.0}, {"male": 5094.0, "name": "85 years and over", "female": 11261.0}], "age_by_sex": [{"name": "Male", "value": 39.5}, {"name": "Female", "value": 41.799999999999997}], "GEOID": "25021", "NECTA": ""}, "Suffolk County": {"CNECTA": "", "COUNTY": "025", "HU100": "315522", "NAME": "Suffolk County", "P001001.2000": "689807", "CSA": "148", "P001001": "722023", "POP100": "722023", "SUMLEV": "050", "STATE": "25", "CBSA": "14460", "race": [{"name": "White", "value": 404269}, {"name": "Black", "value": 156292}, {"name": "American Indian or Alaska", "value": 2984}, {"name": "Asian", "value": 59429}, {"name": "Native Hawaiian", "value": 292}, {"name": "Other Race", "value": 70315}, {"name": "Two or More Races", "value": 28442}], "HU100.2000": "292520", "POP100.2000": "689807", "sex_by_age": [{"male": 20093.0, "name": "Under 5 years", "female": 19481.0}, {"male": 16709.0, "name": "5 to 9 years", "female": 16123.0}, {"male": 16349.0, "name": "10 to 14 years", "female": 15815.0}, {"male": 11013.0, "name": "15 to 17 years", "female": 10692.0}, {"male": 16149.0, "name": "18 and 19 years", "female": 18371.0}, {"male": 10030.0, "name": "20 years", "female": 10541.0}, {"male": 9289.0, "name": "21 years", "female": 9747.0}, {"male": 26765.0, "name": "22 to 24 years", "female": 29132.0}, {"male": 40749.0, "name": "25 to 29 years", "female": 42872.0}, {"male": 30725.0, "name": "30 to 34 years", "female": 31055.0}, {"male": 23990.0, "name": "35 to 39 years", "female": 24511.0}, {"male": 22222.0, "name": "40 to 44 years", "female": 22206.0}, {"male": 21568.0, "name": "45 to 49 years", "female": 21855.0}, {"male": 19888.0, "name": "50 to 54 years", "female": 21369.0}, {"male": 17114.0, "name": "55 to 59 years", "female": 18877.0}, {"male": 6173.0, "name": "60 to 61 years", "female": 7264.0}, {"male": 8070.0, "name": "62 to 64 years", "female": 9490.0}, {"male": 4492.0, "name": "65 and 66 years", "female": 5367.0}, {"male": 5747.0, "name": "67 to 69 years", "female": 6863.0}, {"male": 7431.0, "name": "70 to 74 years", "female": 9694.0}, {"male": 5565.0, "name": "75 to 79 years", "female": 8008.0}, {"male": 4127.0, "name": "80 to 84 years", "female": 7114.0}, {"male": 3431.0, "name": "85 years and over", "female": 7887.0}], "age_by_sex": [{"name": "Male", "value": 30.899999999999999}, {"name": "Female", "value": 32.100000000000001}], "GEOID": "25025", "NECTA": ""}, "Franklin County": {"CNECTA": "", "COUNTY": "011", "HU100": "33758", "NAME": "Franklin County", "P001001.2000": "71535", "CSA": "999", "P001001": "71372", "POP100": "71372", "SUMLEV": "050", "STATE": "25", "CBSA": "44140", "race": [{"name": "White", "value": 67239}, {"name": "Black", "value": 796}, {"name": "American Indian or Alaska", "value": 214}, {"name": "Asian", "value": 895}, {"name": "Native Hawaiian", "value": 13}, {"name": "Other Race", "value": 693}, {"name": "Two or More Races", "value": 1522}], "HU100.2000": "31939", "POP100.2000": "71535", "sex_by_age": [{"male": 1763.0, "name": "Under 5 years", "female": 1647.0}, {"male": 1940.0, "name": "5 to 9 years", "female": 1822.0}, {"male": 2158.0, "name": "10 to 14 years", "female": 2023.0}, {"male": 1413.0, "name": "15 to 17 years", "female": 1302.0}, {"male": 853.0, "name": "18 and 19 years", "female": 770.0}, {"male": 421.0, "name": "20 years", "female": 325.0}, {"male": 460.0, "name": "21 years", "female": 377.0}, {"male": 1385.0, "name": "22 to 24 years", "female": 1294.0}, {"male": 1998.0, "name": "25 to 29 years", "female": 1971.0}, {"male": 1825.0, "name": "30 to 34 years", "female": 1843.0}, {"male": 1996.0, "name": "35 to 39 years", "female": 2142.0}, {"male": 2263.0, "name": "40 to 44 years", "female": 2484.0}, {"male": 2782.0, "name": "45 to 49 years", "female": 2982.0}, {"male": 3058.0, "name": "50 to 54 years", "female": 3319.0}, {"male": 3048.0, "name": "55 to 59 years", "female": 3337.0}, {"male": 1204.0, "name": "60 to 61 years", "female": 1241.0}, {"male": 1522.0, "name": "62 to 64 years", "female": 1526.0}, {"male": 726.0, "name": "65 and 66 years", "female": 795.0}, {"male": 933.0, "name": "67 to 69 years", "female": 970.0}, {"male": 1043.0, "name": "70 to 74 years", "female": 1186.0}, {"male": 791.0, "name": "75 to 79 years", "female": 1066.0}, {"male": 657.0, "name": "80 to 84 years", "female": 973.0}, {"male": 571.0, "name": "85 years and over", "female": 1167.0}], "age_by_sex": [{"name": "Male", "value": 42.700000000000003}, {"name": "Female", "value": 45.5}], "GEOID": "25011", "NECTA": ""}, "Barnstable County": {"CNECTA": "", "COUNTY": "001", "HU100": "160281", "NAME": "Barnstable County", "P001001.2000": "222230", "CSA": "999", "P001001": "215888", "POP100": "215888", "SUMLEV": "050", "STATE": "25", "CBSA": "12700", "race": [{"name": "White", "value": 200194}, {"name": "Black", "value": 4062}, {"name": "American Indian or Alaska", "value": 1324}, {"name": "Asian", "value": 2287}, {"name": "Native Hawaiian", "value": 85}, {"name": "Other Race", "value": 3235}, {"name": "Two or More Races", "value": 4701}], "HU100.2000": "147083", "POP100.2000": "222230", "sex_by_age": [{"male": 4465.0, "name": "Under 5 years", "female": 4389.0}, {"male": 4958.0, "name": "5 to 9 years", "female": 4916.0}, {"male": 5696.0, "name": "10 to 14 years", "female": 5335.0}, {"male": 3874.0, "name": "15 to 17 years", "female": 3616.0}, {"male": 2543.0, "name": "18 and 19 years", "female": 1975.0}, {"male": 1205.0, "name": "20 years", "female": 814.0}, {"male": 1098.0, "name": "21 years", "female": 854.0}, {"male": 2954.0, "name": "22 to 24 years", "female": 2654.0}, {"male": 4711.0, "name": "25 to 29 years", "female": 4414.0}, {"male": 4269.0, "name": "30 to 34 years", "female": 4362.0}, {"male": 4860.0, "name": "35 to 39 years", "female": 5100.0}, {"male": 6089.0, "name": "40 to 44 years", "female": 6853.0}, {"male": 7833.0, "name": "45 to 49 years", "female": 8568.0}, {"male": 8529.0, "name": "50 to 54 years", "female": 9433.0}, {"male": 8240.0, "name": "55 to 59 years", "female": 9368.0}, {"male": 3278.0, "name": "60 to 61 years", "female": 3813.0}, {"male": 5061.0, "name": "62 to 64 years", "female": 5882.0}, {"male": 2844.0, "name": "65 and 66 years", "female": 3364.0}, {"male": 3981.0, "name": "67 to 69 years", "female": 4845.0}, {"male": 5306.0, "name": "70 to 74 years", "female": 6439.0}, {"male": 4569.0, "name": "75 to 79 years", "female": 5772.0}, {"male": 3608.0, "name": "80 to 84 years", "female": 4831.0}, {"male": 2883.0, "name": "85 years and over", "female": 5437.0}], "age_by_sex": [{"name": "Male", "value": 48.100000000000001}, {"name": "Female", "value": 51.399999999999999}], "GEOID": "25001", "NECTA": ""}, "Dukes County": {"CNECTA": "", "COUNTY": "007", "HU100": "17188", "NAME": "Dukes County", "P001001.2000": "14987", "CSA": "999", "P001001": "16535", "POP100": "16535", "SUMLEV": "050", "STATE": "25", "CBSA": "99999", "race": [{"name": "White", "value": 14492}, {"name": "Black", "value": 511}, {"name": "American Indian or Alaska", "value": 183}, {"name": "Asian", "value": 128}, {"name": "Native Hawaiian", "value": 10}, {"name": "Other Race", "value": 642}, {"name": "Two or More Races", "value": 569}], "HU100.2000": "14836", "POP100.2000": "14987", "sex_by_age": [{"male": 428.0, "name": "Under 5 years", "female": 452.0}, {"male": 418.0, "name": "5 to 9 years", "female": 366.0}, {"male": 479.0, "name": "10 to 14 years", "female": 447.0}, {"male": 291.0, "name": "15 to 17 years", "female": 292.0}, {"male": 121.0, "name": "18 and 19 years", "female": 115.0}, {"male": 70.0, "name": "20 years", "female": 54.0}, {"male": 71.0, "name": "21 years", "female": 44.0}, {"male": 273.0, "name": "22 to 24 years", "female": 237.0}, {"male": 500.0, "name": "25 to 29 years", "female": 438.0}, {"male": 477.0, "name": "30 to 34 years", "female": 441.0}, {"male": 506.0, "name": "35 to 39 years", "female": 523.0}, {"male": 596.0, "name": "40 to 44 years", "female": 552.0}, {"male": 706.0, "name": "45 to 49 years", "female": 699.0}, {"male": 667.0, "name": "50 to 54 years", "female": 698.0}, {"male": 713.0, "name": "55 to 59 years", "female": 793.0}, {"male": 270.0, "name": "60 to 61 years", "female": 284.0}, {"male": 407.0, "name": "62 to 64 years", "female": 408.0}, {"male": 199.0, "name": "65 and 66 years", "female": 209.0}, {"male": 237.0, "name": "67 to 69 years", "female": 270.0}, {"male": 262.0, "name": "70 to 74 years", "female": 300.0}, {"male": 199.0, "name": "75 to 79 years", "female": 229.0}, {"male": 162.0, "name": "80 to 84 years", "female": 241.0}, {"male": 132.0, "name": "85 years and over", "female": 259.0}], "age_by_sex": [{"name": "Male", "value": 43.799999999999997}, {"name": "Female", "value": 46.5}], "GEOID": "25007", "NECTA": ""}, "Plymouth County": {"CNECTA": "", "COUNTY": "023", "HU100": "200161", "NAME": "Plymouth County", "P001001.2000": "472822", "CSA": "148", "P001001": "494919", "POP100": "494919", "SUMLEV": "050", "STATE": "25", "CBSA": "14460", "race": [{"name": "White", "value": 423133}, {"name": "Black", "value": 35608}, {"name": "American Indian or Alaska", "value": 1213}, {"name": "Asian", "value": 5974}, {"name": "Native Hawaiian", "value": 136}, {"name": "Other Race", "value": 16064}, {"name": "Two or More Races", "value": 12791}], "HU100.2000": "181524", "POP100.2000": "472822", "sex_by_age": [{"male": 14723.0, "name": "Under 5 years", "female": 13787.0}, {"male": 17006.0, "name": "5 to 9 years", "female": 16355.0}, {"male": 18353.0, "name": "10 to 14 years", "female": 17342.0}, {"male": 11365.0, "name": "15 to 17 years", "female": 10544.0}, {"male": 6469.0, "name": "18 and 19 years", "female": 6078.0}, {"male": 2868.0, "name": "20 years", "female": 2887.0}, {"male": 2795.0, "name": "21 years", "female": 2553.0}, {"male": 8245.0, "name": "22 to 24 years", "female": 7747.0}, {"male": 12083.0, "name": "25 to 29 years", "female": 12134.0}, {"male": 12089.0, "name": "30 to 34 years", "female": 12837.0}, {"male": 14894.0, "name": "35 to 39 years", "female": 16144.0}, {"male": 18746.0, "name": "40 to 44 years", "female": 19861.0}, {"male": 20609.0, "name": "45 to 49 years", "female": 21563.0}, {"male": 19443.0, "name": "50 to 54 years", "female": 20523.0}, {"male": 16896.0, "name": "55 to 59 years", "female": 18178.0}, {"male": 6096.0, "name": "60 to 61 years", "female": 6868.0}, {"male": 8545.0, "name": "62 to 64 years", "female": 9447.0}, {"male": 4747.0, "name": "65 and 66 years", "female": 5312.0}, {"male": 6002.0, "name": "67 to 69 years", "female": 6690.0}, {"male": 6851.0, "name": "70 to 74 years", "female": 8235.0}, {"male": 5326.0, "name": "75 to 79 years", "female": 6778.0}, {"male": 3631.0, "name": "80 to 84 years", "female": 5639.0}, {"male": 2933.0, "name": "85 years and over", "female": 6702.0}], "age_by_sex": [{"name": "Male", "value": 39.799999999999997}, {"name": "Female", "value": 42.200000000000003}], "GEOID": "25023", "NECTA": ""}, "Middlesex County": {"CNECTA": "", "COUNTY": "017", "HU100": "612004", "NAME": "Middlesex County", "P001001.2000": "1465396", "CSA": "148", "P001001": "1503085", "POP100": "1503085", "SUMLEV": "050", "STATE": "25", "CBSA": "14460", "race": [{"name": "White", "value": 1202411}, {"name": "Black", "value": 70021}, {"name": "American Indian or Alaska", "value": 2571}, {"name": "Asian", "value": 139943}, {"name": "Native Hawaiian", "value": 487}, {"name": "Other Race", "value": 49410}, {"name": "Two or More Races", "value": 38242}], "HU100.2000": "576681", "POP100.2000": "1465396", "sex_by_age": [{"male": 43709.0, "name": "Under 5 years", "female": 41962.0}, {"male": 44507.0, "name": "5 to 9 years", "female": 42986.0}, {"male": 46143.0, "name": "10 to 14 years", "female": 44303.0}, {"male": 29229.0, "name": "15 to 17 years", "female": 27600.0}, {"male": 21310.0, "name": "18 and 19 years", "female": 20234.0}, {"male": 9917.0, "name": "20 years", "female": 9444.0}, {"male": 9757.0, "name": "21 years", "female": 9604.0}, {"male": 31348.0, "name": "22 to 24 years", "female": 31676.0}, {"male": 56623.0, "name": "25 to 29 years", "female": 57123.0}, {"male": 52234.0, "name": "30 to 34 years", "female": 52344.0}, {"male": 50615.0, "name": "35 to 39 years", "female": 51458.0}, {"male": 54152.0, "name": "40 to 44 years", "female": 56793.0}, {"male": 59042.0, "name": "45 to 49 years", "female": 61171.0}, {"male": 54867.0, "name": "50 to 54 years", "female": 57921.0}, {"male": 46535.0, "name": "55 to 59 years", "female": 50128.0}, {"male": 16586.0, "name": "60 to 61 years", "female": 17966.0}, {"male": 22014.0, "name": "62 to 64 years", "female": 24769.0}, {"male": 11459.0, "name": "65 and 66 years", "female": 13126.0}, {"male": 14878.0, "name": "67 to 69 years", "female": 17555.0}, {"male": 18988.0, "name": "70 to 74 years", "female": 23751.0}, {"male": 15539.0, "name": "75 to 79 years", "female": 20780.0}, {"male": 11812.0, "name": "80 to 84 years", "female": 18371.0}, {"male": 9600.0, "name": "85 years and over", "female": 21156.0}], "age_by_sex": [{"name": "Male", "value": 37.100000000000001}, {"name": "Female", "value": 39.799999999999997}], "GEOID": "25017", "NECTA": ""}, "Hampshire County": {"CNECTA": "", "COUNTY": "015", "HU100": "62603", "NAME": "Hampshire County", "P001001.2000": "152251", "CSA": "999", "P001001": "158080", "POP100": "158080", "SUMLEV": "050", "STATE": "25", "CBSA": "44140", "race": [{"name": "White", "value": 140250}, {"name": "Black", "value": 3925}, {"name": "American Indian or Alaska", "value": 328}, {"name": "Asian", "value": 7185}, {"name": "Native Hawaiian", "value": 53}, {"name": "Other Race", "value": 2438}, {"name": "Two or More Races", "value": 3901}], "HU100.2000": "58644", "POP100.2000": "152251", "sex_by_age": [{"male": 3153.0, "name": "Under 5 years", "female": 3016.0}, {"male": 3623.0, "name": "5 to 9 years", "female": 3609.0}, {"male": 4060.0, "name": "10 to 14 years", "female": 4001.0}, {"male": 2692.0, "name": "15 to 17 years", "female": 2612.0}, {"male": 4800.0, "name": "18 and 19 years", "female": 6930.0}, {"male": 2982.0, "name": "20 years", "female": 3750.0}, {"male": 2625.0, "name": "21 years", "female": 3586.0}, {"male": 4445.0, "name": "22 to 24 years", "female": 4514.0}, {"male": 4330.0, "name": "25 to 29 years", "female": 4338.0}, {"male": 3625.0, "name": "30 to 34 years", "female": 4024.0}, {"male": 3885.0, "name": "35 to 39 years", "female": 4150.0}, {"male": 4450.0, "name": "40 to 44 years", "female": 5034.0}, {"male": 5269.0, "name": "45 to 49 years", "female": 5945.0}, {"male": 5512.0, "name": "50 to 54 years", "female": 6126.0}, {"male": 5354.0, "name": "55 to 59 years", "female": 5961.0}, {"male": 2057.0, "name": "60 to 61 years", "female": 2101.0}, {"male": 2659.0, "name": "62 to 64 years", "female": 2840.0}, {"male": 1252.0, "name": "65 and 66 years", "female": 1364.0}, {"male": 1594.0, "name": "67 to 69 years", "female": 1788.0}, {"male": 1899.0, "name": "70 to 74 years", "female": 2279.0}, {"male": 1469.0, "name": "75 to 79 years", "female": 1999.0}, {"male": 1139.0, "name": "80 to 84 years", "female": 1856.0}, {"male": 1101.0, "name": "85 years and over", "female": 2282.0}], "age_by_sex": [{"name": "Male", "value": 35.899999999999999}, {"name": "Female", "value": 37.200000000000003}], "GEOID": "25015", "NECTA": ""}}