{"Cecil County": {"CNECTA": "", "COUNTY": "015", "HU100": "41103", "NAME": "Cecil County", "P001001.2000": "85951", "CSA": "428", "P001001": "101108", "POP100": "101108", "SUMLEV": "050", "STATE": "24", "CBSA": "37980", "race": [{"name": "White", "value": 90189}, {"name": "Black", "value": 6284}, {"name": "American Indian or Alaska", "value": 294}, {"name": "Asian", "value": 1097}, {"name": "Native Hawaiian", "value": 48}, {"name": "Other Race", "value": 1019}, {"name": "Two or More Races", "value": 2177}], "HU100.2000": "34461", "POP100.2000": "85951", "sex_by_age": [{"male": 3276.0, "name": "Under 5 years", "female": 3148.0}, {"male": 3528.0, "name": "5 to 9 years", "female": 3399.0}, {"male": 3821.0, "name": "10 to 14 years", "female": 3559.0}, {"male": 2378.0, "name": "15 to 17 years", "female": 2246.0}, {"male": 1395.0, "name": "18 and 19 years", "female": 1300.0}, {"male": 686.0, "name": "20 years", "female": 575.0}, {"male": 606.0, "name": "21 years", "female": 554.0}, {"male": 1784.0, "name": "22 to 24 years", "female": 1768.0}, {"male": 2863.0, "name": "25 to 29 years", "female": 2885.0}, {"male": 2854.0, "name": "30 to 34 years", "female": 3004.0}, {"male": 3181.0, "name": "35 to 39 years", "female": 3350.0}, {"male": 3838.0, "name": "40 to 44 years", "female": 3941.0}, {"male": 4266.0, "name": "45 to 49 years", "female": 4184.0}, {"male": 3997.0, "name": "50 to 54 years", "female": 4086.0}, {"male": 3413.0, "name": "55 to 59 years", "female": 3434.0}, {"male": 1246.0, "name": "60 to 61 years", "female": 1245.0}, {"male": 1756.0, "name": "62 to 64 years", "female": 1667.0}, {"male": 856.0, "name": "65 and 66 years", "female": 908.0}, {"male": 1203.0, "name": "67 to 69 years", "female": 1146.0}, {"male": 1342.0, "name": "70 to 74 years", "female": 1434.0}, {"male": 955.0, "name": "75 to 79 years", "female": 1214.0}, {"male": 603.0, "name": "80 to 84 years", "female": 871.0}, {"male": 454.0, "name": "85 years and over", "female": 889.0}], "age_by_sex": [{"name": "Male", "value": 38.200000000000003}, {"name": "Female", "value": 39.5}], "GEOID": "24015", "NECTA": ""}, "Anne Arundel County": {"CNECTA": "", "COUNTY": "003", "HU100": "212562", "NAME": "Anne Arundel County", "P001001.2000": "489656", "CSA": "548", "P001001": "537656", "POP100": "537656", "SUMLEV": "050", "STATE": "24", "CBSA": "12580", "race": [{"name": "White", "value": 405456}, {"name": "Black", "value": 83484}, {"name": "American Indian or Alaska", "value": 1665}, {"name": "Asian", "value": 18352}, {"name": "Native Hawaiian", "value": 484}, {"name": "Other Race", "value": 12642}, {"name": "Two or More Races", "value": 15573}], "HU100.2000": "186937", "POP100.2000": "489656", "sex_by_age": [{"male": 17718.0, "name": "Under 5 years", "female": 16868.0}, {"male": 17330.0, "name": "5 to 9 years", "female": 16985.0}, {"male": 17766.0, "name": "10 to 14 years", "female": 17105.0}, {"male": 10915.0, "name": "15 to 17 years", "female": 10374.0}, {"male": 7359.0, "name": "18 and 19 years", "female": 5848.0}, {"male": 4069.0, "name": "20 years", "female": 3078.0}, {"male": 3919.0, "name": "21 years", "female": 2868.0}, {"male": 11476.0, "name": "22 to 24 years", "female": 10052.0}, {"male": 18827.0, "name": "25 to 29 years", "female": 18196.0}, {"male": 17255.0, "name": "30 to 34 years", "female": 17523.0}, {"male": 17559.0, "name": "35 to 39 years", "female": 18327.0}, {"male": 19469.0, "name": "40 to 44 years", "female": 20457.0}, {"male": 21712.0, "name": "45 to 49 years", "female": 22928.0}, {"male": 20439.0, "name": "50 to 54 years", "female": 21140.0}, {"male": 17199.0, "name": "55 to 59 years", "female": 18454.0}, {"male": 6051.0, "name": "60 to 61 years", "female": 6713.0}, {"male": 8696.0, "name": "62 to 64 years", "female": 9317.0}, {"male": 4624.0, "name": "65 and 66 years", "female": 5033.0}, {"male": 6014.0, "name": "67 to 69 years", "female": 6518.0}, {"male": 6815.0, "name": "70 to 74 years", "female": 7849.0}, {"male": 4851.0, "name": "75 to 79 years", "female": 6170.0}, {"male": 3311.0, "name": "80 to 84 years", "female": 4989.0}, {"male": 2389.0, "name": "85 years and over", "female": 5101.0}], "age_by_sex": [{"name": "Male", "value": 36.899999999999999}, {"name": "Female", "value": 39.700000000000003}], "GEOID": "24003", "NECTA": ""}, "Calvert County": {"CNECTA": "", "COUNTY": "009", "HU100": "33780", "NAME": "Calvert County", "P001001.2000": "74563", "CSA": "548", "P001001": "88737", "POP100": "88737", "SUMLEV": "050", "STATE": "24", "CBSA": "47900", "race": [{"name": "White", "value": 72231}, {"name": "Black", "value": 11930}, {"name": "American Indian or Alaska", "value": 329}, {"name": "Asian", "value": 1260}, {"name": "Native Hawaiian", "value": 44}, {"name": "Other Race", "value": 578}, {"name": "Two or More Races", "value": 2365}], "HU100.2000": "27576", "POP100.2000": "74563", "sex_by_age": [{"male": 2594.0, "name": "Under 5 years", "female": 2394.0}, {"male": 3159.0, "name": "5 to 9 years", "female": 3161.0}, {"male": 3706.0, "name": "10 to 14 years", "female": 3541.0}, {"male": 2392.0, "name": "15 to 17 years", "female": 2284.0}, {"male": 1237.0, "name": "18 and 19 years", "female": 1059.0}, {"male": 545.0, "name": "20 years", "female": 459.0}, {"male": 492.0, "name": "21 years", "female": 424.0}, {"male": 1495.0, "name": "22 to 24 years", "female": 1417.0}, {"male": 2204.0, "name": "25 to 29 years", "female": 2185.0}, {"male": 2079.0, "name": "30 to 34 years", "female": 2266.0}, {"male": 2387.0, "name": "35 to 39 years", "female": 2758.0}, {"male": 3588.0, "name": "40 to 44 years", "female": 3875.0}, {"male": 4314.0, "name": "45 to 49 years", "female": 4533.0}, {"male": 3768.0, "name": "50 to 54 years", "female": 3860.0}, {"male": 3023.0, "name": "55 to 59 years", "female": 3072.0}, {"male": 1032.0, "name": "60 to 61 years", "female": 943.0}, {"male": 1396.0, "name": "62 to 64 years", "female": 1412.0}, {"male": 755.0, "name": "65 and 66 years", "female": 750.0}, {"male": 960.0, "name": "67 to 69 years", "female": 923.0}, {"male": 1040.0, "name": "70 to 74 years", "female": 1174.0}, {"male": 697.0, "name": "75 to 79 years", "female": 941.0}, {"male": 495.0, "name": "80 to 84 years", "female": 770.0}, {"male": 355.0, "name": "85 years and over", "female": 823.0}], "age_by_sex": [{"name": "Male", "value": 39.200000000000003}, {"name": "Female", "value": 40.799999999999997}], "GEOID": "24009", "NECTA": ""}, "Prince George's County": {"CNECTA": "", "COUNTY": "033", "HU100": "328182", "NAME": "Prince George's County", "P001001.2000": "801515", "CSA": "548", "P001001": "863420", "POP100": "863420", "SUMLEV": "050", "STATE": "24", "CBSA": "47900", "race": [{"name": "White", "value": 166059}, {"name": "Black", "value": 556620}, {"name": "American Indian or Alaska", "value": 4258}, {"name": "Asian", "value": 35172}, {"name": "Native Hawaiian", "value": 541}, {"name": "Other Race", "value": 73441}, {"name": "Two or More Races", "value": 27329}], "HU100.2000": "302378", "POP100.2000": "801515", "sex_by_age": [{"male": 29836.0, "name": "Under 5 years", "female": 28728.0}, {"male": 27774.0, "name": "5 to 9 years", "female": 26708.0}, {"male": 28420.0, "name": "10 to 14 years", "female": 27503.0}, {"male": 19039.0, "name": "15 to 17 years", "female": 17991.0}, {"male": 15916.0, "name": "18 and 19 years", "female": 14493.0}, {"male": 8365.0, "name": "20 years", "female": 7377.0}, {"male": 7727.0, "name": "21 years", "female": 7177.0}, {"male": 20647.0, "name": "22 to 24 years", "female": 19351.0}, {"male": 32020.0, "name": "25 to 29 years", "female": 32662.0}, {"male": 29390.0, "name": "30 to 34 years", "female": 31668.0}, {"male": 28907.0, "name": "35 to 39 years", "female": 31788.0}, {"male": 29635.0, "name": "40 to 44 years", "female": 33602.0}, {"male": 30630.0, "name": "45 to 49 years", "female": 35570.0}, {"male": 28406.0, "name": "50 to 54 years", "female": 33447.0}, {"male": 23829.0, "name": "55 to 59 years", "female": 29432.0}, {"male": 8577.0, "name": "60 to 61 years", "female": 10809.0}, {"male": 11014.0, "name": "62 to 64 years", "female": 13469.0}, {"male": 5867.0, "name": "65 and 66 years", "female": 7324.0}, {"male": 7230.0, "name": "67 to 69 years", "female": 9340.0}, {"male": 9071.0, "name": "70 to 74 years", "female": 11268.0}, {"male": 6053.0, "name": "75 to 79 years", "female": 8122.0}, {"male": 3400.0, "name": "80 to 84 years", "female": 5550.0}, {"male": 2408.0, "name": "85 years and over", "female": 5880.0}], "age_by_sex": [{"name": "Male", "value": 32.799999999999997}, {"name": "Female", "value": 36.799999999999997}], "GEOID": "24033", "NECTA": ""}, "Talbot County": {"CNECTA": "", "COUNTY": "041", "HU100": "19577", "NAME": "Talbot County", "P001001.2000": "33812", "CSA": "999", "P001001": "37782", "POP100": "37782", "SUMLEV": "050", "STATE": "24", "CBSA": "20660", "race": [{"name": "White", "value": 30746}, {"name": "Black", "value": 4829}, {"name": "American Indian or Alaska", "value": 65}, {"name": "Asian", "value": 472}, {"name": "Native Hawaiian", "value": 22}, {"name": "Other Race", "value": 1030}, {"name": "Two or More Races", "value": 618}], "HU100.2000": "16500", "POP100.2000": "33812", "sex_by_age": [{"male": 959.0, "name": "Under 5 years", "female": 902.0}, {"male": 1063.0, "name": "5 to 9 years", "female": 1028.0}, {"male": 1035.0, "name": "10 to 14 years", "female": 1026.0}, {"male": 668.0, "name": "15 to 17 years", "female": 694.0}, {"male": 427.0, "name": "18 and 19 years", "female": 335.0}, {"male": 173.0, "name": "20 years", "female": 141.0}, {"male": 170.0, "name": "21 years", "female": 154.0}, {"male": 558.0, "name": "22 to 24 years", "female": 550.0}, {"male": 927.0, "name": "25 to 29 years", "female": 899.0}, {"male": 798.0, "name": "30 to 34 years", "female": 835.0}, {"male": 934.0, "name": "35 to 39 years", "female": 986.0}, {"male": 1088.0, "name": "40 to 44 years", "female": 1201.0}, {"male": 1308.0, "name": "45 to 49 years", "female": 1473.0}, {"male": 1263.0, "name": "50 to 54 years", "female": 1511.0}, {"male": 1287.0, "name": "55 to 59 years", "female": 1529.0}, {"male": 502.0, "name": "60 to 61 years", "female": 633.0}, {"male": 824.0, "name": "62 to 64 years", "female": 943.0}, {"male": 505.0, "name": "65 and 66 years", "female": 629.0}, {"male": 777.0, "name": "67 to 69 years", "female": 856.0}, {"male": 1026.0, "name": "70 to 74 years", "female": 1101.0}, {"male": 754.0, "name": "75 to 79 years", "female": 838.0}, {"male": 546.0, "name": "80 to 84 years", "female": 678.0}, {"male": 427.0, "name": "85 years and over", "female": 821.0}], "age_by_sex": [{"name": "Male", "value": 45.799999999999997}, {"name": "Female", "value": 48.899999999999999}], "GEOID": "24041", "NECTA": ""}, "Charles County": {"CNECTA": "", "COUNTY": "017", "HU100": "54963", "NAME": "Charles County", "P001001.2000": "120546", "CSA": "548", "P001001": "146551", "POP100": "146551", "SUMLEV": "050", "STATE": "24", "CBSA": "47900", "race": [{"name": "White", "value": 73677}, {"name": "Black", "value": 60031}, {"name": "American Indian or Alaska", "value": 957}, {"name": "Asian", "value": 4366}, {"name": "Native Hawaiian", "value": 103}, {"name": "Other Race", "value": 1963}, {"name": "Two or More Races", "value": 5454}], "HU100.2000": "43903", "POP100.2000": "120546", "sex_by_age": [{"male": 4825.0, "name": "Under 5 years", "female": 4613.0}, {"male": 5294.0, "name": "5 to 9 years", "female": 4939.0}, {"male": 5969.0, "name": "10 to 14 years", "female": 5699.0}, {"male": 3777.0, "name": "15 to 17 years", "female": 3768.0}, {"male": 2096.0, "name": "18 and 19 years", "female": 1940.0}, {"male": 944.0, "name": "20 years", "female": 920.0}, {"male": 860.0, "name": "21 years", "female": 820.0}, {"male": 2637.0, "name": "22 to 24 years", "female": 2502.0}, {"male": 4163.0, "name": "25 to 29 years", "female": 4425.0}, {"male": 3972.0, "name": "30 to 34 years", "female": 4615.0}, {"male": 4745.0, "name": "35 to 39 years", "female": 5748.0}, {"male": 5923.0, "name": "40 to 44 years", "female": 6802.0}, {"male": 6437.0, "name": "45 to 49 years", "female": 7098.0}, {"male": 5565.0, "name": "50 to 54 years", "female": 5697.0}, {"male": 4178.0, "name": "55 to 59 years", "female": 4597.0}, {"male": 1411.0, "name": "60 to 61 years", "female": 1584.0}, {"male": 1990.0, "name": "62 to 64 years", "female": 2146.0}, {"male": 1102.0, "name": "65 and 66 years", "female": 1180.0}, {"male": 1363.0, "name": "67 to 69 years", "female": 1543.0}, {"male": 1569.0, "name": "70 to 74 years", "female": 1801.0}, {"male": 1001.0, "name": "75 to 79 years", "female": 1359.0}, {"male": 592.0, "name": "80 to 84 years", "female": 925.0}, {"male": 397.0, "name": "85 years and over", "female": 1020.0}], "age_by_sex": [{"name": "Male", "value": 36.0}, {"name": "Female", "value": 38.399999999999999}], "GEOID": "24017", "NECTA": ""}, "Carroll County": {"CNECTA": "", "COUNTY": "013", "HU100": "62406", "NAME": "Carroll County", "P001001.2000": "150897", "CSA": "548", "P001001": "167134", "POP100": "167134", "SUMLEV": "050", "STATE": "24", "CBSA": "12580", "race": [{"name": "White", "value": 155282}, {"name": "Black", "value": 5332}, {"name": "American Indian or Alaska", "value": 328}, {"name": "Asian", "value": 2418}, {"name": "Native Hawaiian", "value": 56}, {"name": "Other Race", "value": 1199}, {"name": "Two or More Races", "value": 2519}], "HU100.2000": "54260", "POP100.2000": "150897", "sex_by_age": [{"male": 4645.0, "name": "Under 5 years", "female": 4386.0}, {"male": 5825.0, "name": "5 to 9 years", "female": 5608.0}, {"male": 6460.0, "name": "10 to 14 years", "female": 6140.0}, {"male": 4168.0, "name": "15 to 17 years", "female": 4005.0}, {"male": 2385.0, "name": "18 and 19 years", "female": 2132.0}, {"male": 1088.0, "name": "20 years", "female": 948.0}, {"male": 1048.0, "name": "21 years", "female": 940.0}, {"male": 2839.0, "name": "22 to 24 years", "female": 2535.0}, {"male": 4035.0, "name": "25 to 29 years", "female": 3801.0}, {"male": 3748.0, "name": "30 to 34 years", "female": 3833.0}, {"male": 4791.0, "name": "35 to 39 years", "female": 5319.0}, {"male": 6660.0, "name": "40 to 44 years", "female": 6888.0}, {"male": 7802.0, "name": "45 to 49 years", "female": 7920.0}, {"male": 7037.0, "name": "50 to 54 years", "female": 7046.0}, {"male": 5813.0, "name": "55 to 59 years", "female": 5728.0}, {"male": 1907.0, "name": "60 to 61 years", "female": 2048.0}, {"male": 2908.0, "name": "62 to 64 years", "female": 2889.0}, {"male": 1427.0, "name": "65 and 66 years", "female": 1562.0}, {"male": 1955.0, "name": "67 to 69 years", "female": 2163.0}, {"male": 2221.0, "name": "70 to 74 years", "female": 2567.0}, {"male": 1599.0, "name": "75 to 79 years", "female": 2107.0}, {"male": 1232.0, "name": "80 to 84 years", "female": 1956.0}, {"male": 917.0, "name": "85 years and over", "female": 2103.0}], "age_by_sex": [{"name": "Male", "value": 40.200000000000003}, {"name": "Female", "value": 42.100000000000001}], "GEOID": "24013", "NECTA": ""}, "Dorchester County": {"CNECTA": "", "COUNTY": "019", "HU100": "16554", "NAME": "Dorchester County", "P001001.2000": "30674", "CSA": "999", "P001001": "32618", "POP100": "32618", "SUMLEV": "050", "STATE": "24", "CBSA": "15700", "race": [{"name": "White", "value": 22065}, {"name": "Black", "value": 9042}, {"name": "American Indian or Alaska", "value": 112}, {"name": "Asian", "value": 301}, {"name": "Native Hawaiian", "value": 9}, {"name": "Other Race", "value": 463}, {"name": "Two or More Races", "value": 626}], "HU100.2000": "14681", "POP100.2000": "30674", "sex_by_age": [{"male": 1016.0, "name": "Under 5 years", "female": 1021.0}, {"male": 954.0, "name": "5 to 9 years", "female": 948.0}, {"male": 979.0, "name": "10 to 14 years", "female": 876.0}, {"male": 650.0, "name": "15 to 17 years", "female": 624.0}, {"male": 368.0, "name": "18 and 19 years", "female": 393.0}, {"male": 189.0, "name": "20 years", "female": 177.0}, {"male": 178.0, "name": "21 years", "female": 188.0}, {"male": 500.0, "name": "22 to 24 years", "female": 571.0}, {"male": 872.0, "name": "25 to 29 years", "female": 984.0}, {"male": 789.0, "name": "30 to 34 years", "female": 892.0}, {"male": 870.0, "name": "35 to 39 years", "female": 925.0}, {"male": 1012.0, "name": "40 to 44 years", "female": 1065.0}, {"male": 1231.0, "name": "45 to 49 years", "female": 1290.0}, {"male": 1282.0, "name": "50 to 54 years", "female": 1378.0}, {"male": 1118.0, "name": "55 to 59 years", "female": 1283.0}, {"male": 423.0, "name": "60 to 61 years", "female": 507.0}, {"male": 648.0, "name": "62 to 64 years", "female": 646.0}, {"male": 342.0, "name": "65 and 66 years", "female": 398.0}, {"male": 492.0, "name": "67 to 69 years", "female": 553.0}, {"male": 642.0, "name": "70 to 74 years", "female": 759.0}, {"male": 467.0, "name": "75 to 79 years", "female": 584.0}, {"male": 326.0, "name": "80 to 84 years", "female": 452.0}, {"male": 223.0, "name": "85 years and over", "female": 533.0}], "age_by_sex": [{"name": "Male", "value": 42.200000000000003}, {"name": "Female", "value": 44.399999999999999}], "GEOID": "24019", "NECTA": ""}, "Allegany County": {"CNECTA": "", "COUNTY": "001", "HU100": "33311", "NAME": "Allegany County", "P001001.2000": "74930", "CSA": "999", "P001001": "75087", "POP100": "75087", "SUMLEV": "050", "STATE": "24", "CBSA": "19060", "race": [{"name": "White", "value": 66981}, {"name": "Black", "value": 6028}, {"name": "American Indian or Alaska", "value": 107}, {"name": "Asian", "value": 568}, {"name": "Native Hawaiian", "value": 31}, {"name": "Other Race", "value": 186}, {"name": "Two or More Races", "value": 1186}], "HU100.2000": "32984", "POP100.2000": "74930", "sex_by_age": [{"male": 1834.0, "name": "Under 5 years", "female": 1662.0}, {"male": 1913.0, "name": "5 to 9 years", "female": 1748.0}, {"male": 1976.0, "name": "10 to 14 years", "female": 1852.0}, {"male": 1323.0, "name": "15 to 17 years", "female": 1211.0}, {"male": 1529.0, "name": "18 and 19 years", "female": 1679.0}, {"male": 851.0, "name": "20 years", "female": 770.0}, {"male": 788.0, "name": "21 years", "female": 716.0}, {"male": 1868.0, "name": "22 to 24 years", "female": 1392.0}, {"male": 2793.0, "name": "25 to 29 years", "female": 1898.0}, {"male": 2696.0, "name": "30 to 34 years", "female": 1684.0}, {"male": 2547.0, "name": "35 to 39 years", "female": 1945.0}, {"male": 2734.0, "name": "40 to 44 years", "female": 2074.0}, {"male": 2805.0, "name": "45 to 49 years", "female": 2496.0}, {"male": 2810.0, "name": "50 to 54 years", "female": 2566.0}, {"male": 2453.0, "name": "55 to 59 years", "female": 2416.0}, {"male": 918.0, "name": "60 to 61 years", "female": 949.0}, {"male": 1340.0, "name": "62 to 64 years", "female": 1449.0}, {"male": 717.0, "name": "65 and 66 years", "female": 810.0}, {"male": 1029.0, "name": "67 to 69 years", "female": 1150.0}, {"male": 1417.0, "name": "70 to 74 years", "female": 1683.0}, {"male": 1049.0, "name": "75 to 79 years", "female": 1461.0}, {"male": 818.0, "name": "80 to 84 years", "female": 1309.0}, {"male": 634.0, "name": "85 years and over", "female": 1325.0}], "age_by_sex": [{"name": "Male", "value": 38.700000000000003}, {"name": "Female", "value": 43.799999999999997}], "GEOID": "24001", "NECTA": ""}, "St. Mary's County": {"CNECTA": "", "COUNTY": "037", "HU100": "41282", "NAME": "St. Mary's County", "P001001.2000": "86211", "CSA": "548", "P001001": "105151", "POP100": "105151", "SUMLEV": "050", "STATE": "24", "CBSA": "30500", "race": [{"name": "White", "value": 82636}, {"name": "Black", "value": 15030}, {"name": "American Indian or Alaska", "value": 424}, {"name": "Asian", "value": 2596}, {"name": "Native Hawaiian", "value": 73}, {"name": "Other Race", "value": 1054}, {"name": "Two or More Races", "value": 3338}], "HU100.2000": "34081", "POP100.2000": "86211", "sex_by_age": [{"male": 3846.0, "name": "Under 5 years", "female": 3734.0}, {"male": 3790.0, "name": "5 to 9 years", "female": 3838.0}, {"male": 3905.0, "name": "10 to 14 years", "female": 3750.0}, {"male": 2416.0, "name": "15 to 17 years", "female": 2307.0}, {"male": 1584.0, "name": "18 and 19 years", "female": 1625.0}, {"male": 793.0, "name": "20 years", "female": 840.0}, {"male": 692.0, "name": "21 years", "female": 710.0}, {"male": 2109.0, "name": "22 to 24 years", "female": 2084.0}, {"male": 3575.0, "name": "25 to 29 years", "female": 3398.0}, {"male": 3143.0, "name": "30 to 34 years", "female": 3240.0}, {"male": 3223.0, "name": "35 to 39 years", "female": 3474.0}, {"male": 3937.0, "name": "40 to 44 years", "female": 4119.0}, {"male": 4622.0, "name": "45 to 49 years", "female": 4417.0}, {"male": 4033.0, "name": "50 to 54 years", "female": 3908.0}, {"male": 3076.0, "name": "55 to 59 years", "female": 3115.0}, {"male": 1021.0, "name": "60 to 61 years", "female": 1117.0}, {"male": 1469.0, "name": "62 to 64 years", "female": 1460.0}, {"male": 810.0, "name": "65 and 66 years", "female": 815.0}, {"male": 1029.0, "name": "67 to 69 years", "female": 1009.0}, {"male": 1302.0, "name": "70 to 74 years", "female": 1337.0}, {"male": 830.0, "name": "75 to 79 years", "female": 1005.0}, {"male": 608.0, "name": "80 to 84 years", "female": 751.0}, {"male": 508.0, "name": "85 years and over", "female": 777.0}], "age_by_sex": [{"name": "Male", "value": 35.5}, {"name": "Female", "value": 36.399999999999999}], "GEOID": "24037", "NECTA": ""}, "Frederick County": {"CNECTA": "", "COUNTY": "021", "HU100": "90136", "NAME": "Frederick County", "P001001.2000": "195277", "CSA": "548", "P001001": "233385", "POP100": "233385", "SUMLEV": "050", "STATE": "24", "CBSA": "47900", "race": [{"name": "White", "value": 190306}, {"name": "Black", "value": 20148}, {"name": "American Indian or Alaska", "value": 730}, {"name": "Asian", "value": 8946}, {"name": "Native Hawaiian", "value": 107}, {"name": "Other Race", "value": 6684}, {"name": "Two or More Races", "value": 6464}], "HU100.2000": "73017", "POP100.2000": "195277", "sex_by_age": [{"male": 7623.0, "name": "Under 5 years", "female": 7239.0}, {"male": 8386.0, "name": "5 to 9 years", "female": 7917.0}, {"male": 8820.0, "name": "10 to 14 years", "female": 8414.0}, {"male": 5498.0, "name": "15 to 17 years", "female": 5147.0}, {"male": 3119.0, "name": "18 and 19 years", "female": 2992.0}, {"male": 1508.0, "name": "20 years", "female": 1329.0}, {"male": 1308.0, "name": "21 years", "female": 1356.0}, {"male": 3889.0, "name": "22 to 24 years", "female": 3847.0}, {"male": 6758.0, "name": "25 to 29 years", "female": 6859.0}, {"male": 6753.0, "name": "30 to 34 years", "female": 7062.0}, {"male": 7875.0, "name": "35 to 39 years", "female": 8190.0}, {"male": 9199.0, "name": "40 to 44 years", "female": 9595.0}, {"male": 10322.0, "name": "45 to 49 years", "female": 10517.0}, {"male": 9091.0, "name": "50 to 54 years", "female": 9405.0}, {"male": 7435.0, "name": "55 to 59 years", "female": 7651.0}, {"male": 2554.0, "name": "60 to 61 years", "female": 2568.0}, {"male": 3536.0, "name": "62 to 64 years", "female": 3709.0}, {"male": 1783.0, "name": "65 and 66 years", "female": 1826.0}, {"male": 2225.0, "name": "67 to 69 years", "female": 2539.0}, {"male": 2666.0, "name": "70 to 74 years", "female": 3021.0}, {"male": 1912.0, "name": "75 to 79 years", "female": 2550.0}, {"male": 1408.0, "name": "80 to 84 years", "female": 2227.0}, {"male": 1138.0, "name": "85 years and over", "female": 2619.0}], "age_by_sex": [{"name": "Male", "value": 37.600000000000001}, {"name": "Female", "value": 39.399999999999999}], "GEOID": "24021", "NECTA": ""}, "Montgomery County": {"CNECTA": "", "COUNTY": "031", "HU100": "375905", "NAME": "Montgomery County", "P001001.2000": "873341", "CSA": "548", "P001001": "971777", "POP100": "971777", "SUMLEV": "050", "STATE": "24", "CBSA": "47900", "race": [{"name": "White", "value": 558358}, {"name": "Black", "value": 167315}, {"name": "American Indian or Alaska", "value": 3639}, {"name": "Asian", "value": 135451}, {"name": "Native Hawaiian", "value": 522}, {"name": "Other Race", "value": 67847}, {"name": "Two or More Races", "value": 38645}], "HU100.2000": "334632", "POP100.2000": "873341", "sex_by_age": [{"male": 32737.0, "name": "Under 5 years", "female": 30995.0}, {"male": 32483.0, "name": "5 to 9 years", "female": 31817.0}, {"male": 32934.0, "name": "10 to 14 years", "female": 31729.0}, {"male": 20906.0, "name": "15 to 17 years", "female": 19929.0}, {"male": 10221.0, "name": "18 and 19 years", "female": 8806.0}, {"male": 4823.0, "name": "20 years", "female": 4110.0}, {"male": 4711.0, "name": "21 years", "female": 4257.0}, {"male": 17760.0, "name": "22 to 24 years", "female": 18370.0}, {"male": 32506.0, "name": "25 to 29 years", "female": 33733.0}, {"male": 31640.0, "name": "30 to 34 years", "female": 34514.0}, {"male": 32704.0, "name": "35 to 39 years", "female": 35491.0}, {"male": 34052.0, "name": "40 to 44 years", "female": 38318.0}, {"male": 36658.0, "name": "45 to 49 years", "female": 41164.0}, {"male": 35895.0, "name": "50 to 54 years", "female": 39764.0}, {"male": 30881.0, "name": "55 to 59 years", "female": 34946.0}, {"male": 10818.0, "name": "60 to 61 years", "female": 12093.0}, {"male": 14209.0, "name": "62 to 64 years", "female": 16034.0}, {"male": 7471.0, "name": "65 and 66 years", "female": 8712.0}, {"male": 9440.0, "name": "67 to 69 years", "female": 11099.0}, {"male": 11530.0, "name": "70 to 74 years", "female": 14289.0}, {"male": 8728.0, "name": "75 to 79 years", "female": 11722.0}, {"male": 6885.0, "name": "80 to 84 years", "female": 10462.0}, {"male": 6410.0, "name": "85 years and over", "female": 13021.0}], "age_by_sex": [{"name": "Male", "value": 37.0}, {"name": "Female", "value": 39.899999999999999}], "GEOID": "24031", "NECTA": ""}, "Washington County": {"CNECTA": "", "COUNTY": "043", "HU100": "60814", "NAME": "Washington County", "P001001.2000": "131923", "CSA": "999", "P001001": "147430", "POP100": "147430", "SUMLEV": "050", "STATE": "24", "CBSA": "25180", "race": [{"name": "White", "value": 125447}, {"name": "Black", "value": 14133}, {"name": "American Indian or Alaska", "value": 314}, {"name": "Asian", "value": 2056}, {"name": "Native Hawaiian", "value": 66}, {"name": "Other Race", "value": 1626}, {"name": "Two or More Races", "value": 3788}], "HU100.2000": "52972", "POP100.2000": "131923", "sex_by_age": [{"male": 4536.0, "name": "Under 5 years", "female": 4466.0}, {"male": 4841.0, "name": "5 to 9 years", "female": 4526.0}, {"male": 4887.0, "name": "10 to 14 years", "female": 4705.0}, {"male": 2998.0, "name": "15 to 17 years", "female": 2820.0}, {"male": 1908.0, "name": "18 and 19 years", "female": 1626.0}, {"male": 936.0, "name": "20 years", "female": 767.0}, {"male": 873.0, "name": "21 years", "female": 750.0}, {"male": 2938.0, "name": "22 to 24 years", "female": 2525.0}, {"male": 5167.0, "name": "25 to 29 years", "female": 4269.0}, {"male": 4936.0, "name": "30 to 34 years", "female": 4136.0}, {"male": 5126.0, "name": "35 to 39 years", "female": 4644.0}, {"male": 5892.0, "name": "40 to 44 years", "female": 5226.0}, {"male": 6286.0, "name": "45 to 49 years", "female": 5731.0}, {"male": 5687.0, "name": "50 to 54 years", "female": 5321.0}, {"male": 4789.0, "name": "55 to 59 years", "female": 4766.0}, {"male": 1724.0, "name": "60 to 61 years", "female": 1748.0}, {"male": 2320.0, "name": "62 to 64 years", "female": 2456.0}, {"male": 1261.0, "name": "65 and 66 years", "female": 1305.0}, {"male": 1682.0, "name": "67 to 69 years", "female": 1932.0}, {"male": 2185.0, "name": "70 to 74 years", "female": 2604.0}, {"male": 1708.0, "name": "75 to 79 years", "female": 2244.0}, {"male": 1242.0, "name": "80 to 84 years", "female": 1882.0}, {"male": 955.0, "name": "85 years and over", "female": 2104.0}], "age_by_sex": [{"name": "Male", "value": 38.5}, {"name": "Female", "value": 41.0}], "GEOID": "24043", "NECTA": ""}, "Baltimore city": {"CNECTA": "", "COUNTY": "510", "HU100": "296685", "NAME": "Baltimore city", "P001001.2000": "651154", "CSA": "548", "P001001": "620961", "POP100": "620961", "SUMLEV": "050", "STATE": "24", "CBSA": "12580", "race": [{"name": "White", "value": 183830}, {"name": "Black", "value": 395781}, {"name": "American Indian or Alaska", "value": 2270}, {"name": "Asian", "value": 14548}, {"name": "Native Hawaiian", "value": 274}, {"name": "Other Race", "value": 11303}, {"name": "Two or More Races", "value": 12955}], "HU100.2000": "300477", "POP100.2000": "651154", "sex_by_age": [{"male": 20695.0, "name": "Under 5 years", "female": 20457.0}, {"male": 18060.0, "name": "5 to 9 years", "female": 17381.0}, {"male": 17309.0, "name": "10 to 14 years", "female": 17030.0}, {"male": 11443.0, "name": "15 to 17 years", "female": 11185.0}, {"male": 10338.0, "name": "18 and 19 years", "female": 11312.0}, {"male": 5340.0, "name": "20 years", "female": 5839.0}, {"male": 5289.0, "name": "21 years", "female": 5863.0}, {"male": 15873.0, "name": "22 to 24 years", "female": 18256.0}, {"male": 27103.0, "name": "25 to 29 years", "female": 30572.0}, {"male": 22109.0, "name": "30 to 34 years", "female": 23780.0}, {"male": 18165.0, "name": "35 to 39 years", "female": 19400.0}, {"male": 18994.0, "name": "40 to 44 years", "female": 20005.0}, {"male": 21025.0, "name": "45 to 49 years", "female": 22547.0}, {"male": 20469.0, "name": "50 to 54 years", "female": 23404.0}, {"male": 17568.0, "name": "55 to 59 years", "female": 20410.0}, {"male": 6187.0, "name": "60 to 61 years", "female": 7397.0}, {"male": 7875.0, "name": "62 to 64 years", "female": 9469.0}, {"male": 4152.0, "name": "65 and 66 years", "female": 5393.0}, {"male": 5480.0, "name": "67 to 69 years", "female": 7073.0}, {"male": 6800.0, "name": "70 to 74 years", "female": 9654.0}, {"male": 5229.0, "name": "75 to 79 years", "female": 8168.0}, {"male": 3698.0, "name": "80 to 84 years", "female": 6815.0}, {"male": 3048.0, "name": "85 years and over", "female": 7302.0}], "age_by_sex": [{"name": "Male", "value": 33.100000000000001}, {"name": "Female", "value": 35.700000000000003}], "GEOID": "24510", "NECTA": ""}, "Baltimore County": {"CNECTA": "", "COUNTY": "005", "HU100": "335622", "NAME": "Baltimore County", "P001001.2000": "754292", "CSA": "548", "P001001": "805029", "POP100": "805029", "SUMLEV": "050", "STATE": "24", "CBSA": "12580", "race": [{"name": "White", "value": 520185}, {"name": "Black", "value": 209738}, {"name": "American Indian or Alaska", "value": 2625}, {"name": "Asian", "value": 40077}, {"name": "Native Hawaiian", "value": 319}, {"name": "Other Race", "value": 12801}, {"name": "Two or More Races", "value": 19284}], "HU100.2000": "313734", "POP100.2000": "754292", "sex_by_age": [{"male": 24499.0, "name": "Under 5 years", "female": 23575.0}, {"male": 24242.0, "name": "5 to 9 years", "female": 23212.0}, {"male": 24970.0, "name": "10 to 14 years", "female": 24261.0}, {"male": 16414.0, "name": "15 to 17 years", "female": 15577.0}, {"male": 11879.0, "name": "18 and 19 years", "female": 12424.0}, {"male": 5990.0, "name": "20 years", "female": 6252.0}, {"male": 5758.0, "name": "21 years", "female": 6089.0}, {"male": 16415.0, "name": "22 to 24 years", "female": 17268.0}, {"male": 25729.0, "name": "25 to 29 years", "female": 28135.0}, {"male": 23893.0, "name": "30 to 34 years", "female": 25798.0}, {"male": 23273.0, "name": "35 to 39 years", "female": 26175.0}, {"male": 25262.0, "name": "40 to 44 years", "female": 28134.0}, {"male": 27986.0, "name": "45 to 49 years", "female": 31604.0}, {"male": 28900.0, "name": "50 to 54 years", "female": 32726.0}, {"male": 25505.0, "name": "55 to 59 years", "female": 28909.0}, {"male": 9218.0, "name": "60 to 61 years", "female": 10573.0}, {"male": 12511.0, "name": "62 to 64 years", "female": 14397.0}, {"male": 6159.0, "name": "65 and 66 years", "female": 7452.0}, {"male": 8505.0, "name": "67 to 69 years", "female": 10212.0}, {"male": 10524.0, "name": "70 to 74 years", "female": 13618.0}, {"male": 8623.0, "name": "75 to 79 years", "female": 12304.0}, {"male": 7491.0, "name": "80 to 84 years", "female": 11907.0}, {"male": 6663.0, "name": "85 years and over", "female": 14018.0}], "age_by_sex": [{"name": "Male", "value": 37.299999999999997}, {"name": "Female", "value": 40.600000000000001}], "GEOID": "24005", "NECTA": ""}, "Queen Anne's County": {"CNECTA": "", "COUNTY": "035", "HU100": "20140", "NAME": "Queen Anne's County", "P001001.2000": "40563", "CSA": "548", "P001001": "47798", "POP100": "47798", "SUMLEV": "050", "STATE": "24", "CBSA": "12580", "race": [{"name": "White", "value": 42397}, {"name": "Black", "value": 3298}, {"name": "American Indian or Alaska", "value": 149}, {"name": "Asian", "value": 469}, {"name": "Native Hawaiian", "value": 12}, {"name": "Other Race", "value": 651}, {"name": "Two or More Races", "value": 822}], "HU100.2000": "16674", "POP100.2000": "40563", "sex_by_age": [{"male": 1358.0, "name": "Under 5 years", "female": 1353.0}, {"male": 1633.0, "name": "5 to 9 years", "female": 1594.0}, {"male": 1704.0, "name": "10 to 14 years", "female": 1630.0}, {"male": 1106.0, "name": "15 to 17 years", "female": 996.0}, {"male": 584.0, "name": "18 and 19 years", "female": 525.0}, {"male": 257.0, "name": "20 years", "female": 227.0}, {"male": 239.0, "name": "21 years", "female": 201.0}, {"male": 698.0, "name": "22 to 24 years", "female": 634.0}, {"male": 1116.0, "name": "25 to 29 years", "female": 1045.0}, {"male": 1084.0, "name": "30 to 34 years", "female": 1096.0}, {"male": 1369.0, "name": "35 to 39 years", "female": 1507.0}, {"male": 1856.0, "name": "40 to 44 years", "female": 1977.0}, {"male": 2224.0, "name": "45 to 49 years", "female": 2175.0}, {"male": 1964.0, "name": "50 to 54 years", "female": 2081.0}, {"male": 1702.0, "name": "55 to 59 years", "female": 1665.0}, {"male": 599.0, "name": "60 to 61 years", "female": 606.0}, {"male": 888.0, "name": "62 to 64 years", "female": 964.0}, {"male": 547.0, "name": "65 and 66 years", "female": 561.0}, {"male": 708.0, "name": "67 to 69 years", "female": 756.0}, {"male": 846.0, "name": "70 to 74 years", "female": 847.0}, {"male": 623.0, "name": "75 to 79 years", "female": 677.0}, {"male": 358.0, "name": "80 to 84 years", "female": 477.0}, {"male": 280.0, "name": "85 years and over", "female": 461.0}], "age_by_sex": [{"name": "Male", "value": 42.0}, {"name": "Female", "value": 43.200000000000003}], "GEOID": "24035", "NECTA": ""}, "Garrett County": {"CNECTA": "", "COUNTY": "023", "HU100": "18854", "NAME": "Garrett County", "P001001.2000": "29846", "CSA": "999", "P001001": "30097", "POP100": "30097", "SUMLEV": "050", "STATE": "24", "CBSA": "99999", "race": [{"name": "White", "value": 29440}, {"name": "Black", "value": 301}, {"name": "American Indian or Alaska", "value": 43}, {"name": "Asian", "value": 76}, {"name": "Native Hawaiian", "value": 0}, {"name": "Other Race", "value": 39}, {"name": "Two or More Races", "value": 198}], "HU100.2000": "16761", "POP100.2000": "29846", "sex_by_age": [{"male": 798.0, "name": "Under 5 years", "female": 755.0}, {"male": 888.0, "name": "5 to 9 years", "female": 830.0}, {"male": 1034.0, "name": "10 to 14 years", "female": 923.0}, {"male": 776.0, "name": "15 to 17 years", "female": 656.0}, {"male": 461.0, "name": "18 and 19 years", "female": 388.0}, {"male": 208.0, "name": "20 years", "female": 187.0}, {"male": 179.0, "name": "21 years", "female": 144.0}, {"male": 456.0, "name": "22 to 24 years", "female": 424.0}, {"male": 733.0, "name": "25 to 29 years", "female": 756.0}, {"male": 781.0, "name": "30 to 34 years", "female": 756.0}, {"male": 875.0, "name": "35 to 39 years", "female": 921.0}, {"male": 1002.0, "name": "40 to 44 years", "female": 1011.0}, {"male": 1125.0, "name": "45 to 49 years", "female": 1182.0}, {"male": 1182.0, "name": "50 to 54 years", "female": 1194.0}, {"male": 1076.0, "name": "55 to 59 years", "female": 1112.0}, {"male": 413.0, "name": "60 to 61 years", "female": 425.0}, {"male": 606.0, "name": "62 to 64 years", "female": 609.0}, {"male": 371.0, "name": "65 and 66 years", "female": 361.0}, {"male": 484.0, "name": "67 to 69 years", "female": 499.0}, {"male": 643.0, "name": "70 to 74 years", "female": 630.0}, {"male": 395.0, "name": "75 to 79 years", "female": 521.0}, {"male": 253.0, "name": "80 to 84 years", "female": 427.0}, {"male": 210.0, "name": "85 years and over", "female": 437.0}], "age_by_sex": [{"name": "Male", "value": 41.5}, {"name": "Female", "value": 44.200000000000003}], "GEOID": "24023", "NECTA": ""}, "Worcester County": {"CNECTA": "", "COUNTY": "047", "HU100": "55749", "NAME": "Worcester County", "P001001.2000": "46543", "CSA": "480", "P001001": "51454", "POP100": "51454", "SUMLEV": "050", "STATE": "24", "CBSA": "36180", "race": [{"name": "White", "value": 42194}, {"name": "Black", "value": 7022}, {"name": "American Indian or Alaska", "value": 145}, {"name": "Asian", "value": 573}, {"name": "Native Hawaiian", "value": 11}, {"name": "Other Race", "value": 632}, {"name": "Two or More Races", "value": 877}], "HU100.2000": "47360", "POP100.2000": "46543", "sex_by_age": [{"male": 1204.0, "name": "Under 5 years", "female": 1120.0}, {"male": 1291.0, "name": "5 to 9 years", "female": 1225.0}, {"male": 1392.0, "name": "10 to 14 years", "female": 1332.0}, {"male": 940.0, "name": "15 to 17 years", "female": 919.0}, {"male": 513.0, "name": "18 and 19 years", "female": 436.0}, {"male": 250.0, "name": "20 years", "female": 234.0}, {"male": 255.0, "name": "21 years", "female": 203.0}, {"male": 783.0, "name": "22 to 24 years", "female": 774.0}, {"male": 1195.0, "name": "25 to 29 years", "female": 1194.0}, {"male": 1124.0, "name": "30 to 34 years", "female": 1165.0}, {"male": 1243.0, "name": "35 to 39 years", "female": 1287.0}, {"male": 1600.0, "name": "40 to 44 years", "female": 1616.0}, {"male": 1968.0, "name": "45 to 49 years", "female": 2007.0}, {"male": 1921.0, "name": "50 to 54 years", "female": 2103.0}, {"male": 1941.0, "name": "55 to 59 years", "female": 2060.0}, {"male": 775.0, "name": "60 to 61 years", "female": 853.0}, {"male": 1237.0, "name": "62 to 64 years", "female": 1333.0}, {"male": 701.0, "name": "65 and 66 years", "female": 831.0}, {"male": 1028.0, "name": "67 to 69 years", "female": 1190.0}, {"male": 1459.0, "name": "70 to 74 years", "female": 1565.0}, {"male": 1048.0, "name": "75 to 79 years", "female": 1256.0}, {"male": 719.0, "name": "80 to 84 years", "female": 875.0}, {"male": 457.0, "name": "85 years and over", "female": 832.0}], "age_by_sex": [{"name": "Male", "value": 47.0}, {"name": "Female", "value": 49.200000000000003}], "GEOID": "24047", "NECTA": ""}, "Wicomico County": {"CNECTA": "", "COUNTY": "045", "HU100": "41192", "NAME": "Wicomico County", "P001001.2000": "84644", "CSA": "480", "P001001": "98733", "POP100": "98733", "SUMLEV": "050", "STATE": "24", "CBSA": "41540", "race": [{"name": "White", "value": 67784}, {"name": "Black", "value": 23873}, {"name": "American Indian or Alaska", "value": 236}, {"name": "Asian", "value": 2471}, {"name": "Native Hawaiian", "value": 47}, {"name": "Other Race", "value": 1872}, {"name": "Two or More Races", "value": 2450}], "HU100.2000": "34401", "POP100.2000": "84644", "sex_by_age": [{"male": 3118.0, "name": "Under 5 years", "female": 3024.0}, {"male": 3059.0, "name": "5 to 9 years", "female": 3081.0}, {"male": 2992.0, "name": "10 to 14 years", "female": 3017.0}, {"male": 1929.0, "name": "15 to 17 years", "female": 1875.0}, {"male": 2354.0, "name": "18 and 19 years", "female": 2810.0}, {"male": 1130.0, "name": "20 years", "female": 1302.0}, {"male": 1059.0, "name": "21 years", "female": 1192.0}, {"male": 2378.0, "name": "22 to 24 years", "female": 2276.0}, {"male": 3089.0, "name": "25 to 29 years", "female": 3246.0}, {"male": 2775.0, "name": "30 to 34 years", "female": 2934.0}, {"male": 2696.0, "name": "35 to 39 years", "female": 2888.0}, {"male": 2885.0, "name": "40 to 44 years", "female": 3141.0}, {"male": 3344.0, "name": "45 to 49 years", "female": 3630.0}, {"male": 3396.0, "name": "50 to 54 years", "female": 3643.0}, {"male": 2941.0, "name": "55 to 59 years", "female": 3318.0}, {"male": 1073.0, "name": "60 to 61 years", "female": 1154.0}, {"male": 1407.0, "name": "62 to 64 years", "female": 1730.0}, {"male": 821.0, "name": "65 and 66 years", "female": 943.0}, {"male": 1126.0, "name": "67 to 69 years", "female": 1188.0}, {"male": 1241.0, "name": "70 to 74 years", "female": 1547.0}, {"male": 1017.0, "name": "75 to 79 years", "female": 1324.0}, {"male": 687.0, "name": "80 to 84 years", "female": 1182.0}, {"male": 570.0, "name": "85 years and over", "female": 1201.0}], "age_by_sex": [{"name": "Male", "value": 34.299999999999997}, {"name": "Female", "value": 36.899999999999999}], "GEOID": "24045", "NECTA": ""}, "Howard County": {"CNECTA": "", "COUNTY": "027", "HU100": "109282", "NAME": "Howard County", "P001001.2000": "247842", "CSA": "548", "P001001": "287085", "POP100": "287085", "SUMLEV": "050", "STATE": "24", "CBSA": "12580", "race": [{"name": "White", "value": 178523}, {"name": "Black", "value": 50188}, {"name": "American Indian or Alaska", "value": 866}, {"name": "Asian", "value": 41221}, {"name": "Native Hawaiian", "value": 123}, {"name": "Other Race", "value": 5709}, {"name": "Two or More Races", "value": 10455}], "HU100.2000": "92818", "POP100.2000": "247842", "sex_by_age": [{"male": 8852.0, "name": "Under 5 years", "female": 8511.0}, {"male": 10610.0, "name": "5 to 9 years", "female": 9947.0}, {"male": 11554.0, "name": "10 to 14 years", "female": 10897.0}, {"male": 7417.0, "name": "15 to 17 years", "female": 6876.0}, {"male": 3328.0, "name": "18 and 19 years", "female": 2731.0}, {"male": 1430.0, "name": "20 years", "female": 1144.0}, {"male": 1395.0, "name": "21 years", "female": 1123.0}, {"male": 4945.0, "name": "22 to 24 years", "female": 4690.0}, {"male": 8756.0, "name": "25 to 29 years", "female": 8973.0}, {"male": 8376.0, "name": "30 to 34 years", "female": 9256.0}, {"male": 9176.0, "name": "35 to 39 years", "female": 10540.0}, {"male": 10862.0, "name": "40 to 44 years", "female": 12295.0}, {"male": 12619.0, "name": "45 to 49 years", "female": 13545.0}, {"male": 11498.0, "name": "50 to 54 years", "female": 11923.0}, {"male": 9355.0, "name": "55 to 59 years", "female": 9823.0}, {"male": 3185.0, "name": "60 to 61 years", "female": 3330.0}, {"male": 4378.0, "name": "62 to 64 years", "female": 4700.0}, {"male": 2320.0, "name": "65 and 66 years", "female": 2501.0}, {"male": 2769.0, "name": "67 to 69 years", "female": 3180.0}, {"male": 3208.0, "name": "70 to 74 years", "female": 3638.0}, {"male": 2166.0, "name": "75 to 79 years", "female": 2657.0}, {"male": 1393.0, "name": "80 to 84 years", "female": 2061.0}, {"male": 1001.0, "name": "85 years and over", "female": 2151.0}], "age_by_sex": [{"name": "Male", "value": 37.100000000000001}, {"name": "Female", "value": 39.399999999999999}], "GEOID": "24027", "NECTA": ""}, "Harford County": {"CNECTA": "", "COUNTY": "025", "HU100": "95554", "NAME": "Harford County", "P001001.2000": "218590", "CSA": "548", "P001001": "244826", "POP100": "244826", "SUMLEV": "050", "STATE": "24", "CBSA": "12580", "race": [{"name": "White", "value": 198763}, {"name": "Black", "value": 31058}, {"name": "American Indian or Alaska", "value": 614}, {"name": "Asian", "value": 5826}, {"name": "Native Hawaiian", "value": 199}, {"name": "Other Race", "value": 2318}, {"name": "Two or More Races", "value": 6048}], "HU100.2000": "83146", "POP100.2000": "218590", "sex_by_age": [{"male": 7653.0, "name": "Under 5 years", "female": 7329.0}, {"male": 8485.0, "name": "5 to 9 years", "female": 7860.0}, {"male": 9180.0, "name": "10 to 14 years", "female": 8826.0}, {"male": 5580.0, "name": "15 to 17 years", "female": 5497.0}, {"male": 3416.0, "name": "18 and 19 years", "female": 2850.0}, {"male": 1554.0, "name": "20 years", "female": 1365.0}, {"male": 1380.0, "name": "21 years", "female": 1163.0}, {"male": 4268.0, "name": "22 to 24 years", "female": 4176.0}, {"male": 7183.0, "name": "25 to 29 years", "female": 7125.0}, {"male": 6755.0, "name": "30 to 34 years", "female": 7143.0}, {"male": 7533.0, "name": "35 to 39 years", "female": 8184.0}, {"male": 8843.0, "name": "40 to 44 years", "female": 9490.0}, {"male": 10213.0, "name": "45 to 49 years", "female": 10802.0}, {"male": 9667.0, "name": "50 to 54 years", "female": 10157.0}, {"male": 7920.0, "name": "55 to 59 years", "female": 8495.0}, {"male": 2899.0, "name": "60 to 61 years", "female": 3037.0}, {"male": 4031.0, "name": "62 to 64 years", "female": 4203.0}, {"male": 2015.0, "name": "65 and 66 years", "female": 2333.0}, {"male": 2784.0, "name": "67 to 69 years", "female": 3166.0}, {"male": 3283.0, "name": "70 to 74 years", "female": 3815.0}, {"male": 2330.0, "name": "75 to 79 years", "female": 3073.0}, {"male": 1666.0, "name": "80 to 84 years", "female": 2527.0}, {"male": 1055.0, "name": "85 years and over", "female": 2517.0}], "age_by_sex": [{"name": "Male", "value": 38.100000000000001}, {"name": "Female", "value": 40.600000000000001}], "GEOID": "24025", "NECTA": ""}, "Kent County": {"CNECTA": "", "COUNTY": "029", "HU100": "10549", "NAME": "Kent County", "P001001.2000": "19197", "CSA": "999", "P001001": "20197", "POP100": "20197", "SUMLEV": "050", "STATE": "24", "CBSA": "99999", "race": [{"name": "White", "value": 16169}, {"name": "Black", "value": 3056}, {"name": "American Indian or Alaska", "value": 42}, {"name": "Asian", "value": 165}, {"name": "Native Hawaiian", "value": 6}, {"name": "Other Race", "value": 393}, {"name": "Two or More Races", "value": 366}], "HU100.2000": "9410", "POP100.2000": "19197", "sex_by_age": [{"male": 481.0, "name": "Under 5 years", "female": 514.0}, {"male": 507.0, "name": "5 to 9 years", "female": 471.0}, {"male": 513.0, "name": "10 to 14 years", "female": 440.0}, {"male": 328.0, "name": "15 to 17 years", "female": 294.0}, {"male": 405.0, "name": "18 and 19 years", "female": 478.0}, {"male": 217.0, "name": "20 years", "female": 278.0}, {"male": 169.0, "name": "21 years", "female": 219.0}, {"male": 391.0, "name": "22 to 24 years", "female": 380.0}, {"male": 489.0, "name": "25 to 29 years", "female": 486.0}, {"male": 433.0, "name": "30 to 34 years", "female": 422.0}, {"male": 464.0, "name": "35 to 39 years", "female": 447.0}, {"male": 519.0, "name": "40 to 44 years", "female": 589.0}, {"male": 705.0, "name": "45 to 49 years", "female": 699.0}, {"male": 694.0, "name": "50 to 54 years", "female": 848.0}, {"male": 662.0, "name": "55 to 59 years", "female": 770.0}, {"male": 281.0, "name": "60 to 61 years", "female": 279.0}, {"male": 432.0, "name": "62 to 64 years", "female": 496.0}, {"male": 298.0, "name": "65 and 66 years", "female": 317.0}, {"male": 385.0, "name": "67 to 69 years", "female": 415.0}, {"male": 430.0, "name": "70 to 74 years", "female": 455.0}, {"male": 368.0, "name": "75 to 79 years", "female": 383.0}, {"male": 253.0, "name": "80 to 84 years", "female": 430.0}, {"male": 216.0, "name": "85 years and over", "female": 447.0}], "age_by_sex": [{"name": "Male", "value": 44.100000000000001}, {"name": "Female", "value": 47.0}], "GEOID": "24029", "NECTA": ""}, "Caroline County": {"CNECTA": "", "COUNTY": "011", "HU100": "13482", "NAME": "Caroline County", "P001001.2000": "29772", "CSA": "999", "P001001": "33066", "POP100": "33066", "SUMLEV": "050", "STATE": "24", "CBSA": "99999", "race": [{"name": "White", "value": 26396}, {"name": "Black", "value": 4585}, {"name": "American Indian or Alaska", "value": 123}, {"name": "Asian", "value": 188}, {"name": "Native Hawaiian", "value": 53}, {"name": "Other Race", "value": 1011}, {"name": "Two or More Races", "value": 710}], "HU100.2000": "12028", "POP100.2000": "29772", "sex_by_age": [{"male": 1169.0, "name": "Under 5 years", "female": 1145.0}, {"male": 1153.0, "name": "5 to 9 years", "female": 1171.0}, {"male": 1144.0, "name": "10 to 14 years", "female": 1104.0}, {"male": 779.0, "name": "15 to 17 years", "female": 682.0}, {"male": 437.0, "name": "18 and 19 years", "female": 430.0}, {"male": 209.0, "name": "20 years", "female": 201.0}, {"male": 213.0, "name": "21 years", "female": 200.0}, {"male": 581.0, "name": "22 to 24 years", "female": 574.0}, {"male": 990.0, "name": "25 to 29 years", "female": 988.0}, {"male": 935.0, "name": "30 to 34 years", "female": 1017.0}, {"male": 991.0, "name": "35 to 39 years", "female": 1015.0}, {"male": 1115.0, "name": "40 to 44 years", "female": 1187.0}, {"male": 1270.0, "name": "45 to 49 years", "female": 1312.0}, {"male": 1248.0, "name": "50 to 54 years", "female": 1319.0}, {"male": 1054.0, "name": "55 to 59 years", "female": 1126.0}, {"male": 390.0, "name": "60 to 61 years", "female": 418.0}, {"male": 511.0, "name": "62 to 64 years", "female": 575.0}, {"male": 302.0, "name": "65 and 66 years", "female": 309.0}, {"male": 389.0, "name": "67 to 69 years", "female": 439.0}, {"male": 502.0, "name": "70 to 74 years", "female": 505.0}, {"male": 362.0, "name": "75 to 79 years", "female": 468.0}, {"male": 215.0, "name": "80 to 84 years", "female": 351.0}, {"male": 164.0, "name": "85 years and over", "female": 407.0}], "age_by_sex": [{"name": "Male", "value": 37.5}, {"name": "Female", "value": 39.799999999999997}], "GEOID": "24011", "NECTA": ""}, "Somerset County": {"CNECTA": "", "COUNTY": "039", "HU100": "11130", "NAME": "Somerset County", "P001001.2000": "24747", "CSA": "480", "P001001": "26470", "POP100": "26470", "SUMLEV": "050", "STATE": "24", "CBSA": "41540", "race": [{"name": "White", "value": 14170}, {"name": "Black", "value": 11192}, {"name": "American Indian or Alaska", "value": 85}, {"name": "Asian", "value": 184}, {"name": "Native Hawaiian", "value": 7}, {"name": "Other Race", "value": 371}, {"name": "Two or More Races", "value": 461}], "HU100.2000": "10092", "POP100.2000": "24747", "sex_by_age": [{"male": 644.0, "name": "Under 5 years", "female": 633.0}, {"male": 597.0, "name": "5 to 9 years", "female": 609.0}, {"male": 598.0, "name": "10 to 14 years", "female": 602.0}, {"male": 411.0, "name": "15 to 17 years", "female": 371.0}, {"male": 739.0, "name": "18 and 19 years", "female": 1052.0}, {"male": 419.0, "name": "20 years", "female": 519.0}, {"male": 427.0, "name": "21 years", "female": 419.0}, {"male": 926.0, "name": "22 to 24 years", "female": 590.0}, {"male": 1130.0, "name": "25 to 29 years", "female": 611.0}, {"male": 961.0, "name": "30 to 34 years", "female": 576.0}, {"male": 909.0, "name": "35 to 39 years", "female": 557.0}, {"male": 969.0, "name": "40 to 44 years", "female": 621.0}, {"male": 1097.0, "name": "45 to 49 years", "female": 792.0}, {"male": 1006.0, "name": "50 to 54 years", "female": 874.0}, {"male": 890.0, "name": "55 to 59 years", "female": 770.0}, {"male": 338.0, "name": "60 to 61 years", "female": 308.0}, {"male": 417.0, "name": "62 to 64 years", "female": 428.0}, {"male": 266.0, "name": "65 and 66 years", "female": 253.0}, {"male": 344.0, "name": "67 to 69 years", "female": 328.0}, {"male": 396.0, "name": "70 to 74 years", "female": 442.0}, {"male": 301.0, "name": "75 to 79 years", "female": 365.0}, {"male": 220.0, "name": "80 to 84 years", "female": 287.0}, {"male": 131.0, "name": "85 years and over", "female": 327.0}], "age_by_sex": [{"name": "Male", "value": 36.200000000000003}, {"name": "Female", "value": 36.799999999999997}], "GEOID": "24039", "NECTA": ""}}