{"Providence County": {"CNECTA": "", "COUNTY": "007", "HU100": "264835", "NAME": "Providence County", "P001001.2000": "621602", "CSA": "148", "P001001": "626667", "POP100": "626667", "SUMLEV": "050", "STATE": "44", "CBSA": "39300", "race": [{"name": "White", "value": 460033}, {"name": "Black", "value": 53040}, {"name": "American Indian or Alaska", "value": 4123}, {"name": "Asian", "value": 23006}, {"name": "Native Hawaiian", "value": 420}, {"name": "Other Race", "value": 59862}, {"name": "Two or More Races", "value": 26183}], "HU100.2000": "253214", "POP100.2000": "621602", "sex_by_age": [{"male": 19149.0, "name": "Under 5 years", "female": 18227.0}, {"male": 18983.0, "name": "5 to 9 years", "female": 18009.0}, {"male": 19339.0, "name": "10 to 14 years", "female": 18479.0}, {"male": 12951.0, "name": "15 to 17 years", "female": 12488.0}, {"male": 11403.0, "name": "18 and 19 years", "female": 12004.0}, {"male": 6212.0, "name": "20 years", "female": 6391.0}, {"male": 5938.0, "name": "21 years", "female": 6073.0}, {"male": 14431.0, "name": "22 to 24 years", "female": 14293.0}, {"male": 21939.0, "name": "25 to 29 years", "female": 21943.0}, {"male": 19639.0, "name": "30 to 34 years", "female": 20265.0}, {"male": 19260.0, "name": "35 to 39 years", "female": 20133.0}, {"male": 21151.0, "name": "40 to 44 years", "female": 21962.0}, {"male": 22428.0, "name": "45 to 49 years", "female": 23454.0}, {"male": 21819.0, "name": "50 to 54 years", "female": 23449.0}, {"male": 18533.0, "name": "55 to 59 years", "female": 20149.0}, {"male": 6614.0, "name": "60 to 61 years", "female": 6865.0}, {"male": 8684.0, "name": "62 to 64 years", "female": 9621.0}, {"male": 4569.0, "name": "65 and 66 years", "female": 5208.0}, {"male": 5867.0, "name": "67 to 69 years", "female": 7042.0}, {"male": 7521.0, "name": "70 to 74 years", "female": 9607.0}, {"male": 6086.0, "name": "75 to 79 years", "female": 8780.0}, {"male": 5231.0, "name": "80 to 84 years", "female": 8858.0}, {"male": 4635.0, "name": "85 years and over", "female": 10985.0}], "age_by_sex": [{"name": "Male", "value": 35.299999999999997}, {"name": "Female", "value": 38.600000000000001}], "GEOID": "44007", "NECTA": ""}, "Kent County": {"CNECTA": "", "COUNTY": "003", "HU100": "73701", "NAME": "Kent County", "P001001.2000": "167090", "CSA": "148", "P001001": "166158", "POP100": "166158", "SUMLEV": "050", "STATE": "44", "CBSA": "39300", "race": [{"name": "White", "value": 155219}, {"name": "Black", "value": 2405}, {"name": "American Indian or Alaska", "value": 437}, {"name": "Asian", "value": 3378}, {"name": "Native Hawaiian", "value": 39}, {"name": "Other Race", "value": 1610}, {"name": "Two or More Races", "value": 3070}], "HU100.2000": "70365", "POP100.2000": "167090", "sex_by_age": [{"male": 4214.0, "name": "Under 5 years", "female": 3977.0}, {"male": 4814.0, "name": "5 to 9 years", "female": 4465.0}, {"male": 5245.0, "name": "10 to 14 years", "female": 4988.0}, {"male": 3353.0, "name": "15 to 17 years", "female": 3198.0}, {"male": 2024.0, "name": "18 and 19 years", "female": 1659.0}, {"male": 928.0, "name": "20 years", "female": 833.0}, {"male": 858.0, "name": "21 years", "female": 840.0}, {"male": 2817.0, "name": "22 to 24 years", "female": 2770.0}, {"male": 4685.0, "name": "25 to 29 years", "female": 4764.0}, {"male": 4776.0, "name": "30 to 34 years", "female": 4858.0}, {"male": 5146.0, "name": "35 to 39 years", "female": 5368.0}, {"male": 6030.0, "name": "40 to 44 years", "female": 6297.0}, {"male": 6655.0, "name": "45 to 49 years", "female": 7359.0}, {"male": 6935.0, "name": "50 to 54 years", "female": 7431.0}, {"male": 5891.0, "name": "55 to 59 years", "female": 6324.0}, {"male": 2139.0, "name": "60 to 61 years", "female": 2350.0}, {"male": 2887.0, "name": "62 to 64 years", "female": 3211.0}, {"male": 1528.0, "name": "65 and 66 years", "female": 1685.0}, {"male": 1892.0, "name": "67 to 69 years", "female": 2311.0}, {"male": 2280.0, "name": "70 to 74 years", "female": 2948.0}, {"male": 1965.0, "name": "75 to 79 years", "female": 2673.0}, {"male": 1575.0, "name": "80 to 84 years", "female": 2734.0}, {"male": 1332.0, "name": "85 years and over", "female": 3146.0}], "age_by_sex": [{"name": "Male", "value": 40.899999999999999}, {"name": "Female", "value": 44.299999999999997}], "GEOID": "44003", "NECTA": ""}, "Newport County": {"CNECTA": "", "COUNTY": "005", "HU100": "41796", "NAME": "Newport County", "P001001.2000": "85433", "CSA": "148", "P001001": "82888", "POP100": "82888", "SUMLEV": "050", "STATE": "44", "CBSA": "39300", "race": [{"name": "White", "value": 74729}, {"name": "Black", "value": 2864}, {"name": "American Indian or Alaska", "value": 315}, {"name": "Asian", "value": 1288}, {"name": "Native Hawaiian", "value": 63}, {"name": "Other Race", "value": 1150}, {"name": "Two or More Races", "value": 2479}], "HU100.2000": "39561", "POP100.2000": "85433", "sex_by_age": [{"male": 2099.0, "name": "Under 5 years", "female": 1945.0}, {"male": 2325.0, "name": "5 to 9 years", "female": 2139.0}, {"male": 2463.0, "name": "10 to 14 years", "female": 2366.0}, {"male": 1595.0, "name": "15 to 17 years", "female": 1494.0}, {"male": 1211.0, "name": "18 and 19 years", "female": 1243.0}, {"male": 580.0, "name": "20 years", "female": 630.0}, {"male": 505.0, "name": "21 years", "female": 554.0}, {"male": 1566.0, "name": "22 to 24 years", "female": 1456.0}, {"male": 2372.0, "name": "25 to 29 years", "female": 2126.0}, {"male": 2084.0, "name": "30 to 34 years", "female": 2137.0}, {"male": 2444.0, "name": "35 to 39 years", "female": 2446.0}, {"male": 2803.0, "name": "40 to 44 years", "female": 2986.0}, {"male": 3234.0, "name": "45 to 49 years", "female": 3297.0}, {"male": 3177.0, "name": "50 to 54 years", "female": 3394.0}, {"male": 2956.0, "name": "55 to 59 years", "female": 3260.0}, {"male": 1181.0, "name": "60 to 61 years", "female": 1279.0}, {"male": 1700.0, "name": "62 to 64 years", "female": 1778.0}, {"male": 895.0, "name": "65 and 66 years", "female": 960.0}, {"male": 1194.0, "name": "67 to 69 years", "female": 1294.0}, {"male": 1413.0, "name": "70 to 74 years", "female": 1612.0}, {"male": 1079.0, "name": "75 to 79 years", "female": 1327.0}, {"male": 846.0, "name": "80 to 84 years", "female": 1257.0}, {"male": 687.0, "name": "85 years and over", "female": 1499.0}], "age_by_sex": [{"name": "Male", "value": 41.700000000000003}, {"name": "Female", "value": 44.600000000000001}], "GEOID": "44005", "NECTA": ""}, "Washington County": {"CNECTA": "", "COUNTY": "009", "HU100": "62206", "NAME": "Washington County", "P001001.2000": "123546", "CSA": "148", "P001001": "126979", "POP100": "126979", "SUMLEV": "050", "STATE": "44", "CBSA": "39300", "race": [{"name": "White", "value": 119136}, {"name": "Black", "value": 1482}, {"name": "American Indian or Alaska", "value": 1103}, {"name": "Asian", "value": 2069}, {"name": "Native Hawaiian", "value": 29}, {"name": "Other Race", "value": 846}, {"name": "Two or More Races", "value": 2314}], "HU100.2000": "56816", "POP100.2000": "123546", "sex_by_age": [{"male": 2834.0, "name": "Under 5 years", "female": 2824.0}, {"male": 3522.0, "name": "5 to 9 years", "female": 3313.0}, {"male": 4056.0, "name": "10 to 14 years", "female": 3777.0}, {"male": 2601.0, "name": "15 to 17 years", "female": 2564.0}, {"male": 2882.0, "name": "18 and 19 years", "female": 3251.0}, {"male": 1452.0, "name": "20 years", "female": 1577.0}, {"male": 1360.0, "name": "21 years", "female": 1353.0}, {"male": 2549.0, "name": "22 to 24 years", "female": 2275.0}, {"male": 2937.0, "name": "25 to 29 years", "female": 2706.0}, {"male": 2581.0, "name": "30 to 34 years", "female": 2795.0}, {"male": 3135.0, "name": "35 to 39 years", "female": 3281.0}, {"male": 4077.0, "name": "40 to 44 years", "female": 4517.0}, {"male": 5141.0, "name": "45 to 49 years", "female": 5465.0}, {"male": 5155.0, "name": "50 to 54 years", "female": 5508.0}, {"male": 4768.0, "name": "55 to 59 years", "female": 5132.0}, {"male": 1800.0, "name": "60 to 61 years", "female": 1760.0}, {"male": 2510.0, "name": "62 to 64 years", "female": 2504.0}, {"male": 1339.0, "name": "65 and 66 years", "female": 1371.0}, {"male": 1660.0, "name": "67 to 69 years", "female": 1772.0}, {"male": 1829.0, "name": "70 to 74 years", "female": 2184.0}, {"male": 1481.0, "name": "75 to 79 years", "female": 1778.0}, {"male": 1076.0, "name": "80 to 84 years", "female": 1669.0}, {"male": 944.0, "name": "85 years and over", "female": 1914.0}], "age_by_sex": [{"name": "Male", "value": 41.200000000000003}, {"name": "Female", "value": 43.299999999999997}], "GEOID": "44009", "NECTA": ""}, "Bristol County": {"CNECTA": "", "COUNTY": "001", "HU100": "20850", "NAME": "Bristol County", "P001001.2000": "50648", "CSA": "148", "P001001": "49875", "POP100": "49875", "SUMLEV": "050", "STATE": "44", "CBSA": "39300", "race": [{"name": "White", "value": 47752}, {"name": "Black", "value": 398}, {"name": "American Indian or Alaska", "value": 80}, {"name": "Asian", "value": 716}, {"name": "Native Hawaiian", "value": 3}, {"name": "Other Race", "value": 185}, {"name": "Two or More Races", "value": 741}], "HU100.2000": "19881", "POP100.2000": "50648", "sex_by_age": [{"male": 1100.0, "name": "Under 5 years", "female": 1079.0}, {"male": 1407.0, "name": "5 to 9 years", "female": 1463.0}, {"male": 1570.0, "name": "10 to 14 years", "female": 1541.0}, {"male": 1056.0, "name": "15 to 17 years", "female": 944.0}, {"male": 1081.0, "name": "18 and 19 years", "female": 1044.0}, {"male": 473.0, "name": "20 years", "female": 461.0}, {"male": 525.0, "name": "21 years", "female": 502.0}, {"male": 1035.0, "name": "22 to 24 years", "female": 930.0}, {"male": 1193.0, "name": "25 to 29 years", "female": 1134.0}, {"male": 976.0, "name": "30 to 34 years", "female": 1052.0}, {"male": 1200.0, "name": "35 to 39 years", "female": 1317.0}, {"male": 1574.0, "name": "40 to 44 years", "female": 1733.0}, {"male": 1977.0, "name": "45 to 49 years", "female": 2290.0}, {"male": 2052.0, "name": "50 to 54 years", "female": 2130.0}, {"male": 1760.0, "name": "55 to 59 years", "female": 1861.0}, {"male": 587.0, "name": "60 to 61 years", "female": 675.0}, {"male": 867.0, "name": "62 to 64 years", "female": 943.0}, {"male": 414.0, "name": "65 and 66 years", "female": 514.0}, {"male": 641.0, "name": "67 to 69 years", "female": 646.0}, {"male": 762.0, "name": "70 to 74 years", "female": 921.0}, {"male": 608.0, "name": "75 to 79 years", "female": 868.0}, {"male": 534.0, "name": "80 to 84 years", "female": 827.0}, {"male": 559.0, "name": "85 years and over", "female": 1049.0}], "age_by_sex": [{"name": "Male", "value": 41.200000000000003}, {"name": "Female", "value": 44.399999999999999}], "GEOID": "44001", "NECTA": ""}}