{"Pinal County": {"CNECTA": "", "COUNTY": "021", "HU100": "159222", "NAME": "Pinal County", "P001001.2000": "179727", "CSA": "999", "P001001": "375770", "POP100": "375770", "SUMLEV": "050", "STATE": "04", "CBSA": "38060", "race": [{"name": "White", "value": 272013}, {"name": "Black", "value": 17215}, {"name": "American Indian or Alaska", "value": 20949}, {"name": "Asian", "value": 6492}, {"name": "Native Hawaiian", "value": 1565}, {"name": "Other Race", "value": 43213}, {"name": "Two or More Races", "value": 14323}], "HU100.2000": "81154", "POP100.2000": "179727", "sex_by_age": [{"male": 15491.0, "name": "Under 5 years", "female": 14691.0}, {"male": 14820.0, "name": "5 to 9 years", "female": 14201.0}, {"male": 13399.0, "name": "10 to 14 years", "female": 12975.0}, {"male": 7211.0, "name": "15 to 17 years", "female": 6912.0}, {"male": 4725.0, "name": "18 and 19 years", "female": 3802.0}, {"male": 2398.0, "name": "20 years", "female": 1741.0}, {"male": 2262.0, "name": "21 years", "female": 1706.0}, {"male": 7406.0, "name": "22 to 24 years", "female": 5658.0}, {"male": 15361.0, "name": "25 to 29 years", "female": 12242.0}, {"male": 16262.0, "name": "30 to 34 years", "female": 12881.0}, {"male": 15482.0, "name": "35 to 39 years", "female": 11730.0}, {"male": 12989.0, "name": "40 to 44 years", "female": 10158.0}, {"male": 12445.0, "name": "45 to 49 years", "female": 10214.0}, {"male": 10999.0, "name": "50 to 54 years", "female": 10730.0}, {"male": 9995.0, "name": "55 to 59 years", "female": 10759.0}, {"male": 4102.0, "name": "60 to 61 years", "female": 4586.0}, {"male": 6392.0, "name": "62 to 64 years", "female": 6974.0}, {"male": 3926.0, "name": "65 and 66 years", "female": 4164.0}, {"male": 5340.0, "name": "67 to 69 years", "female": 5662.0}, {"male": 7155.0, "name": "70 to 74 years", "female": 7008.0}, {"male": 4679.0, "name": "75 to 79 years", "female": 4677.0}, {"male": 2814.0, "name": "80 to 84 years", "female": 2919.0}, {"male": 1512.0, "name": "85 years and over", "female": 2215.0}], "age_by_sex": [{"name": "Male", "value": 34.799999999999997}, {"name": "Female", "value": 36.0}], "GEOID": "04021", "NECTA": ""}, "Greenlee County": {"CNECTA": "", "COUNTY": "011", "HU100": "4372", "NAME": "Greenlee County", "P001001.2000": "8547", "CSA": "999", "P001001": "8437", "POP100": "8437", "SUMLEV": "050", "STATE": "04", "CBSA": "40940", "race": [{"name": "White", "value": 6514}, {"name": "Black", "value": 89}, {"name": "American Indian or Alaska", "value": 195}, {"name": "Asian", "value": 46}, {"name": "Native Hawaiian", "value": 5}, {"name": "Other Race", "value": 1268}, {"name": "Two or More Races", "value": 320}], "HU100.2000": "3744", "POP100.2000": "8547", "sex_by_age": [{"male": 322.0, "name": "Under 5 years", "female": 333.0}, {"male": 337.0, "name": "5 to 9 years", "female": 297.0}, {"male": 406.0, "name": "10 to 14 years", "female": 336.0}, {"male": 250.0, "name": "15 to 17 years", "female": 182.0}, {"male": 110.0, "name": "18 and 19 years", "female": 98.0}, {"male": 48.0, "name": "20 years", "female": 42.0}, {"male": 45.0, "name": "21 years", "female": 40.0}, {"male": 147.0, "name": "22 to 24 years", "female": 171.0}, {"male": 309.0, "name": "25 to 29 years", "female": 258.0}, {"male": 242.0, "name": "30 to 34 years", "female": 264.0}, {"male": 251.0, "name": "35 to 39 years", "female": 231.0}, {"male": 281.0, "name": "40 to 44 years", "female": 261.0}, {"male": 314.0, "name": "45 to 49 years", "female": 256.0}, {"male": 335.0, "name": "50 to 54 years", "female": 276.0}, {"male": 297.0, "name": "55 to 59 years", "female": 260.0}, {"male": 120.0, "name": "60 to 61 years", "female": 78.0}, {"male": 121.0, "name": "62 to 64 years", "female": 103.0}, {"male": 76.0, "name": "65 and 66 years", "female": 75.0}, {"male": 79.0, "name": "67 to 69 years", "female": 90.0}, {"male": 109.0, "name": "70 to 74 years", "female": 98.0}, {"male": 108.0, "name": "75 to 79 years", "female": 139.0}, {"male": 57.0, "name": "80 to 84 years", "female": 79.0}, {"male": 34.0, "name": "85 years and over", "female": 72.0}], "age_by_sex": [{"name": "Male", "value": 34.600000000000001}, {"name": "Female", "value": 35.0}], "GEOID": "04011", "NECTA": ""}, "La Paz County": {"CNECTA": "", "COUNTY": "012", "HU100": "16049", "NAME": "La Paz County", "P001001.2000": "19715", "CSA": "999", "P001001": "20489", "POP100": "20489", "SUMLEV": "050", "STATE": "04", "CBSA": "99999", "race": [{"name": "White", "value": 14306}, {"name": "Black", "value": 129}, {"name": "American Indian or Alaska", "value": 2628}, {"name": "Asian", "value": 107}, {"name": "Native Hawaiian", "value": 7}, {"name": "Other Race", "value": 2551}, {"name": "Two or More Races", "value": 761}], "HU100.2000": "15133", "POP100.2000": "19715", "sex_by_age": [{"male": 545.0, "name": "Under 5 years", "female": 483.0}, {"male": 512.0, "name": "5 to 9 years", "female": 493.0}, {"male": 514.0, "name": "10 to 14 years", "female": 465.0}, {"male": 340.0, "name": "15 to 17 years", "female": 326.0}, {"male": 191.0, "name": "18 and 19 years", "female": 180.0}, {"male": 102.0, "name": "20 years", "female": 80.0}, {"male": 70.0, "name": "21 years", "female": 65.0}, {"male": 269.0, "name": "22 to 24 years", "female": 199.0}, {"male": 429.0, "name": "25 to 29 years", "female": 372.0}, {"male": 412.0, "name": "30 to 34 years", "female": 385.0}, {"male": 388.0, "name": "35 to 39 years", "female": 358.0}, {"male": 461.0, "name": "40 to 44 years", "female": 461.0}, {"male": 549.0, "name": "45 to 49 years", "female": 556.0}, {"male": 620.0, "name": "50 to 54 years", "female": 697.0}, {"male": 680.0, "name": "55 to 59 years", "female": 771.0}, {"male": 341.0, "name": "60 to 61 years", "female": 339.0}, {"male": 572.0, "name": "62 to 64 years", "female": 581.0}, {"male": 398.0, "name": "65 and 66 years", "female": 417.0}, {"male": 710.0, "name": "67 to 69 years", "female": 681.0}, {"male": 1091.0, "name": "70 to 74 years", "female": 908.0}, {"male": 791.0, "name": "75 to 79 years", "female": 584.0}, {"male": 394.0, "name": "80 to 84 years", "female": 324.0}, {"male": 171.0, "name": "85 years and over", "female": 214.0}], "age_by_sex": [{"name": "Male", "value": 54.0}, {"name": "Female", "value": 53.899999999999999}], "GEOID": "04012", "NECTA": ""}, "Mohave County": {"CNECTA": "", "COUNTY": "015", "HU100": "110911", "NAME": "Mohave County", "P001001.2000": "155032", "CSA": "999", "P001001": "200186", "POP100": "200186", "SUMLEV": "050", "STATE": "04", "CBSA": "29420", "race": [{"name": "White", "value": 173878}, {"name": "Black", "value": 1882}, {"name": "American Indian or Alaska", "value": 4500}, {"name": "Asian", "value": 2103}, {"name": "Native Hawaiian", "value": 341}, {"name": "Other Race", "value": 11989}, {"name": "Two or More Races", "value": 5493}], "HU100.2000": "80062", "POP100.2000": "155032", "sex_by_age": [{"male": 5510.0, "name": "Under 5 years", "female": 5495.0}, {"male": 5709.0, "name": "5 to 9 years", "female": 5542.0}, {"male": 5921.0, "name": "10 to 14 years", "female": 5734.0}, {"male": 3775.0, "name": "15 to 17 years", "female": 3579.0}, {"male": 2209.0, "name": "18 and 19 years", "female": 2146.0}, {"male": 978.0, "name": "20 years", "female": 976.0}, {"male": 917.0, "name": "21 years", "female": 877.0}, {"male": 2814.0, "name": "22 to 24 years", "female": 2726.0}, {"male": 4841.0, "name": "25 to 29 years", "female": 4488.0}, {"male": 4629.0, "name": "30 to 34 years", "female": 4319.0}, {"male": 4762.0, "name": "35 to 39 years", "female": 4675.0}, {"male": 5356.0, "name": "40 to 44 years", "female": 5317.0}, {"male": 6693.0, "name": "45 to 49 years", "female": 6859.0}, {"male": 7504.0, "name": "50 to 54 years", "female": 7668.0}, {"male": 7207.0, "name": "55 to 59 years", "female": 7795.0}, {"male": 3151.0, "name": "60 to 61 years", "female": 3268.0}, {"male": 4983.0, "name": "62 to 64 years", "female": 5105.0}, {"male": 3118.0, "name": "65 and 66 years", "female": 3168.0}, {"male": 4699.0, "name": "67 to 69 years", "female": 4573.0}, {"male": 6502.0, "name": "70 to 74 years", "female": 6249.0}, {"male": 4518.0, "name": "75 to 79 years", "female": 4265.0}, {"male": 2743.0, "name": "80 to 84 years", "female": 2905.0}, {"male": 1539.0, "name": "85 years and over", "female": 2379.0}], "age_by_sex": [{"name": "Male", "value": 47.100000000000001}, {"name": "Female", "value": 48.100000000000001}], "GEOID": "04015", "NECTA": ""}, "Yuma County": {"CNECTA": "", "COUNTY": "027", "HU100": "87850", "NAME": "Yuma County", "P001001.2000": "160026", "CSA": "999", "P001001": "195751", "POP100": "195751", "SUMLEV": "050", "STATE": "04", "CBSA": "49740", "race": [{"name": "White", "value": 137881}, {"name": "Black", "value": 3931}, {"name": "American Indian or Alaska", "value": 3056}, {"name": "Asian", "value": 2324}, {"name": "Native Hawaiian", "value": 306}, {"name": "Other Race", "value": 40743}, {"name": "Two or More Races", "value": 7510}], "HU100.2000": "74140", "POP100.2000": "160026", "sex_by_age": [{"male": 7652.0, "name": "Under 5 years", "female": 7334.0}, {"male": 7482.0, "name": "5 to 9 years", "female": 7446.0}, {"male": 7818.0, "name": "10 to 14 years", "female": 7597.0}, {"male": 5002.0, "name": "15 to 17 years", "female": 4854.0}, {"male": 3474.0, "name": "18 and 19 years", "female": 2973.0}, {"male": 1859.0, "name": "20 years", "female": 1410.0}, {"male": 1700.0, "name": "21 years", "female": 1365.0}, {"male": 4479.0, "name": "22 to 24 years", "female": 3895.0}, {"male": 6741.0, "name": "25 to 29 years", "female": 6127.0}, {"male": 5887.0, "name": "30 to 34 years", "female": 5440.0}, {"male": 5437.0, "name": "35 to 39 years", "female": 5918.0}, {"male": 5699.0, "name": "40 to 44 years", "female": 5890.0}, {"male": 5599.0, "name": "45 to 49 years", "female": 5938.0}, {"male": 5366.0, "name": "50 to 54 years", "female": 5695.0}, {"male": 4585.0, "name": "55 to 59 years", "female": 5073.0}, {"male": 1736.0, "name": "60 to 61 years", "female": 2006.0}, {"male": 2678.0, "name": "62 to 64 years", "female": 2950.0}, {"male": 1645.0, "name": "65 and 66 years", "female": 2028.0}, {"male": 2594.0, "name": "67 to 69 years", "female": 2933.0}, {"male": 4083.0, "name": "70 to 74 years", "female": 4094.0}, {"male": 3206.0, "name": "75 to 79 years", "female": 3178.0}, {"male": 2042.0, "name": "80 to 84 years", "female": 2089.0}, {"male": 1241.0, "name": "85 years and over", "female": 1513.0}], "age_by_sex": [{"name": "Male", "value": 32.299999999999997}, {"name": "Female", "value": 35.399999999999999}], "GEOID": "04027", "NECTA": ""}, "Gila County": {"CNECTA": "", "COUNTY": "007", "HU100": "32698", "NAME": "Gila County", "P001001.2000": "51335", "CSA": "999", "P001001": "53597", "POP100": "53597", "SUMLEV": "050", "STATE": "04", "CBSA": "37740", "race": [{"name": "White", "value": 41162}, {"name": "Black", "value": 233}, {"name": "American Indian or Alaska", "value": 7946}, {"name": "Asian", "value": 273}, {"name": "Native Hawaiian", "value": 47}, {"name": "Other Race", "value": 2865}, {"name": "Two or More Races", "value": 1071}], "HU100.2000": "28189", "POP100.2000": "51335", "sex_by_age": [{"male": 1617.0, "name": "Under 5 years", "female": 1442.0}, {"male": 1596.0, "name": "5 to 9 years", "female": 1524.0}, {"male": 1567.0, "name": "10 to 14 years", "female": 1568.0}, {"male": 1124.0, "name": "15 to 17 years", "female": 1033.0}, {"male": 612.0, "name": "18 and 19 years", "female": 573.0}, {"male": 306.0, "name": "20 years", "female": 275.0}, {"male": 240.0, "name": "21 years", "female": 254.0}, {"male": 786.0, "name": "22 to 24 years", "female": 723.0}, {"male": 1248.0, "name": "25 to 29 years", "female": 1112.0}, {"male": 1094.0, "name": "30 to 34 years", "female": 1047.0}, {"male": 1151.0, "name": "35 to 39 years", "female": 1157.0}, {"male": 1398.0, "name": "40 to 44 years", "female": 1450.0}, {"male": 1744.0, "name": "45 to 49 years", "female": 1745.0}, {"male": 1941.0, "name": "50 to 54 years", "female": 2087.0}, {"male": 2082.0, "name": "55 to 59 years", "female": 2140.0}, {"male": 874.0, "name": "60 to 61 years", "female": 919.0}, {"male": 1312.0, "name": "62 to 64 years", "female": 1406.0}, {"male": 808.0, "name": "65 and 66 years", "female": 872.0}, {"male": 1244.0, "name": "67 to 69 years", "female": 1235.0}, {"male": 1566.0, "name": "70 to 74 years", "female": 1530.0}, {"male": 1205.0, "name": "75 to 79 years", "female": 1244.0}, {"male": 702.0, "name": "80 to 84 years", "female": 853.0}, {"male": 416.0, "name": "85 years and over", "female": 775.0}], "age_by_sex": [{"name": "Male", "value": 46.799999999999997}, {"name": "Female", "value": 48.899999999999999}], "GEOID": "04007", "NECTA": ""}, "Maricopa County": {"CNECTA": "", "COUNTY": "013", "HU100": "1639279", "NAME": "Maricopa County", "P001001.2000": "3072149", "CSA": "999", "P001001": "3817117", "POP100": "3817117", "SUMLEV": "050", "STATE": "04", "CBSA": "38060", "race": [{"name": "White", "value": 2786781}, {"name": "Black", "value": 190519}, {"name": "American Indian or Alaska", "value": 78329}, {"name": "Asian", "value": 132225}, {"name": "Native Hawaiian", "value": 7790}, {"name": "Other Race", "value": 489705}, {"name": "Two or More Races", "value": 131768}], "HU100.2000": "1250231", "POP100.2000": "3072149", "sex_by_age": [{"male": 144268.0, "name": "Under 5 years", "female": 138502.0}, {"male": 144340.0, "name": "5 to 9 years", "female": 138369.0}, {"male": 141354.0, "name": "10 to 14 years", "female": 135874.0}, {"male": 84958.0, "name": "15 to 17 years", "female": 80196.0}, {"male": 57594.0, "name": "18 and 19 years", "female": 54151.0}, {"male": 28477.0, "name": "20 years", "female": 26273.0}, {"male": 27080.0, "name": "21 years", "female": 25504.0}, {"male": 81974.0, "name": "22 to 24 years", "female": 77564.0}, {"male": 139949.0, "name": "25 to 29 years", "female": 136755.0}, {"male": 133198.0, "name": "30 to 34 years", "female": 131224.0}, {"male": 133099.0, "name": "35 to 39 years", "female": 132870.0}, {"male": 130394.0, "name": "40 to 44 years", "female": 128235.0}, {"male": 129726.0, "name": "45 to 49 years", "female": 131780.0}, {"male": 118442.0, "name": "50 to 54 years", "female": 124017.0}, {"male": 99040.0, "name": "55 to 59 years", "female": 109421.0}, {"male": 36854.0, "name": "60 to 61 years", "female": 41789.0}, {"male": 52682.0, "name": "62 to 64 years", "female": 58523.0}, {"male": 29155.0, "name": "65 and 66 years", "female": 33098.0}, {"male": 39042.0, "name": "67 to 69 years", "female": 44880.0}, {"male": 50797.0, "name": "70 to 74 years", "female": 58416.0}, {"male": 38384.0, "name": "75 to 79 years", "female": 45824.0}, {"male": 26774.0, "name": "80 to 84 years", "female": 37217.0}, {"male": 20884.0, "name": "85 years and over", "female": 38170.0}], "age_by_sex": [{"name": "Male", "value": 33.5}, {"name": "Female", "value": 35.700000000000003}], "GEOID": "04013", "NECTA": ""}, "Navajo County": {"CNECTA": "", "COUNTY": "017", "HU100": "56938", "NAME": "Navajo County", "P001001.2000": "97470", "CSA": "999", "P001001": "107449", "POP100": "107449", "SUMLEV": "050", "STATE": "04", "CBSA": "43320", "race": [{"name": "White", "value": 52972}, {"name": "Black", "value": 938}, {"name": "American Indian or Alaska", "value": 46611}, {"name": "Asian", "value": 580}, {"name": "Native Hawaiian", "value": 75}, {"name": "Other Race", "value": 3625}, {"name": "Two or More Races", "value": 2648}], "HU100.2000": "47413", "POP100.2000": "97470", "sex_by_age": [{"male": 4363.0, "name": "Under 5 years", "female": 4376.0}, {"male": 4348.0, "name": "5 to 9 years", "female": 4209.0}, {"male": 4620.0, "name": "10 to 14 years", "female": 4384.0}, {"male": 2861.0, "name": "15 to 17 years", "female": 2812.0}, {"male": 1795.0, "name": "18 and 19 years", "female": 1622.0}, {"male": 820.0, "name": "20 years", "female": 709.0}, {"male": 710.0, "name": "21 years", "female": 651.0}, {"male": 2005.0, "name": "22 to 24 years", "female": 1874.0}, {"male": 3268.0, "name": "25 to 29 years", "female": 2907.0}, {"male": 3015.0, "name": "30 to 34 years", "female": 2745.0}, {"male": 2986.0, "name": "35 to 39 years", "female": 2812.0}, {"male": 3067.0, "name": "40 to 44 years", "female": 2950.0}, {"male": 3542.0, "name": "45 to 49 years", "female": 3658.0}, {"male": 3471.0, "name": "50 to 54 years", "female": 3694.0}, {"male": 3245.0, "name": "55 to 59 years", "female": 3504.0}, {"male": 1246.0, "name": "60 to 61 years", "female": 1402.0}, {"male": 1680.0, "name": "62 to 64 years", "female": 1857.0}, {"male": 1042.0, "name": "65 and 66 years", "female": 1071.0}, {"male": 1410.0, "name": "67 to 69 years", "female": 1510.0}, {"male": 1880.0, "name": "70 to 74 years", "female": 1954.0}, {"male": 1167.0, "name": "75 to 79 years", "female": 1323.0}, {"male": 745.0, "name": "80 to 84 years", "female": 901.0}, {"male": 491.0, "name": "85 years and over", "female": 747.0}], "age_by_sex": [{"name": "Male", "value": 33.5}, {"name": "Female", "value": 36.100000000000001}], "GEOID": "04017", "NECTA": ""}, "Graham County": {"CNECTA": "", "COUNTY": "009", "HU100": "12980", "NAME": "Graham County", "P001001.2000": "33489", "CSA": "999", "P001001": "37220", "POP100": "37220", "SUMLEV": "050", "STATE": "04", "CBSA": "40940", "race": [{"name": "White", "value": 26827}, {"name": "Black", "value": 683}, {"name": "American Indian or Alaska", "value": 5376}, {"name": "Asian", "value": 200}, {"name": "Native Hawaiian", "value": 52}, {"name": "Other Race", "value": 3034}, {"name": "Two or More Races", "value": 1048}], "HU100.2000": "11430", "POP100.2000": "33489", "sex_by_age": [{"male": 1643.0, "name": "Under 5 years", "female": 1572.0}, {"male": 1437.0, "name": "5 to 9 years", "female": 1444.0}, {"male": 1431.0, "name": "10 to 14 years", "female": 1394.0}, {"male": 854.0, "name": "15 to 17 years", "female": 800.0}, {"male": 747.0, "name": "18 and 19 years", "female": 750.0}, {"male": 345.0, "name": "20 years", "female": 332.0}, {"male": 311.0, "name": "21 years", "female": 272.0}, {"male": 981.0, "name": "22 to 24 years", "female": 709.0}, {"male": 1662.0, "name": "25 to 29 years", "female": 1063.0}, {"male": 1546.0, "name": "30 to 34 years", "female": 1004.0}, {"male": 1378.0, "name": "35 to 39 years", "female": 915.0}, {"male": 1353.0, "name": "40 to 44 years", "female": 876.0}, {"male": 1246.0, "name": "45 to 49 years", "female": 971.0}, {"male": 1213.0, "name": "50 to 54 years", "female": 1032.0}, {"male": 1014.0, "name": "55 to 59 years", "female": 974.0}, {"male": 371.0, "name": "60 to 61 years", "female": 345.0}, {"male": 474.0, "name": "62 to 64 years", "female": 500.0}, {"male": 283.0, "name": "65 and 66 years", "female": 249.0}, {"male": 332.0, "name": "67 to 69 years", "female": 417.0}, {"male": 533.0, "name": "70 to 74 years", "female": 574.0}, {"male": 386.0, "name": "75 to 79 years", "female": 465.0}, {"male": 275.0, "name": "80 to 84 years", "female": 303.0}, {"male": 162.0, "name": "85 years and over", "female": 282.0}], "age_by_sex": [{"name": "Male", "value": 31.699999999999999}, {"name": "Female", "value": 31.300000000000001}], "GEOID": "04009", "NECTA": ""}, "Pima County": {"CNECTA": "", "COUNTY": "019", "HU100": "440909", "NAME": "Pima County", "P001001.2000": "843746", "CSA": "999", "P001001": "980263", "POP100": "980263", "SUMLEV": "050", "STATE": "04", "CBSA": "46060", "race": [{"name": "White", "value": 728751}, {"name": "Black", "value": 34674}, {"name": "American Indian or Alaska", "value": 32605}, {"name": "Asian", "value": 25731}, {"name": "Native Hawaiian", "value": 1624}, {"name": "Other Race", "value": 120639}, {"name": "Two or More Races", "value": 36239}], "HU100.2000": "366737", "POP100.2000": "843746", "sex_by_age": [{"male": 32059.0, "name": "Under 5 years", "female": 30462.0}, {"male": 31391.0, "name": "5 to 9 years", "female": 30382.0}, {"male": 31900.0, "name": "10 to 14 years", "female": 30229.0}, {"male": 19839.0, "name": "15 to 17 years", "female": 19054.0}, {"male": 16360.0, "name": "18 and 19 years", "female": 16091.0}, {"male": 8540.0, "name": "20 years", "female": 8415.0}, {"male": 8375.0, "name": "21 years", "female": 7901.0}, {"male": 21584.0, "name": "22 to 24 years", "female": 20525.0}, {"male": 33593.0, "name": "25 to 29 years", "female": 32589.0}, {"male": 30092.0, "name": "30 to 34 years", "female": 29899.0}, {"male": 29342.0, "name": "35 to 39 years", "female": 29144.0}, {"male": 28637.0, "name": "40 to 44 years", "female": 28672.0}, {"male": 31814.0, "name": "45 to 49 years", "female": 32701.0}, {"male": 32205.0, "name": "50 to 54 years", "female": 34808.0}, {"male": 30366.0, "name": "55 to 59 years", "female": 33552.0}, {"male": 11444.0, "name": "60 to 61 years", "female": 12633.0}, {"male": 16316.0, "name": "62 to 64 years", "female": 18056.0}, {"male": 9163.0, "name": "65 and 66 years", "female": 10509.0}, {"male": 12525.0, "name": "67 to 69 years", "female": 14217.0}, {"male": 16486.0, "name": "70 to 74 years", "female": 18892.0}, {"male": 12974.0, "name": "75 to 79 years", "female": 15054.0}, {"male": 9167.0, "name": "80 to 84 years", "female": 12411.0}, {"male": 7265.0, "name": "85 years and over", "female": 12630.0}], "age_by_sex": [{"name": "Male", "value": 36.200000000000003}, {"name": "Female", "value": 39.100000000000001}], "GEOID": "04019", "NECTA": ""}, "Apache County": {"CNECTA": "", "COUNTY": "001", "HU100": "32514", "NAME": "Apache County", "P001001.2000": "69423", "CSA": "999", "P001001": "71518", "POP100": "71518", "SUMLEV": "050", "STATE": "04", "CBSA": "99999", "race": [{"name": "White", "value": 16634}, {"name": "Black", "value": 175}, {"name": "American Indian or Alaska", "value": 52154}, {"name": "Asian", "value": 203}, {"name": "Native Hawaiian", "value": 26}, {"name": "Other Race", "value": 904}, {"name": "Two or More Races", "value": 1422}], "HU100.2000": "31621", "POP100.2000": "69423", "sex_by_age": [{"male": 3001.0, "name": "Under 5 years", "female": 2959.0}, {"male": 3009.0, "name": "5 to 9 years", "female": 3013.0}, {"male": 3265.0, "name": "10 to 14 years", "female": 3120.0}, {"male": 2186.0, "name": "15 to 17 years", "female": 2107.0}, {"male": 1317.0, "name": "18 and 19 years", "female": 1170.0}, {"male": 536.0, "name": "20 years", "female": 522.0}, {"male": 545.0, "name": "21 years", "female": 466.0}, {"male": 1338.0, "name": "22 to 24 years", "female": 1321.0}, {"male": 2123.0, "name": "25 to 29 years", "female": 1897.0}, {"male": 1978.0, "name": "30 to 34 years", "female": 1835.0}, {"male": 2000.0, "name": "35 to 39 years", "female": 1908.0}, {"male": 2104.0, "name": "40 to 44 years", "female": 2086.0}, {"male": 2361.0, "name": "45 to 49 years", "female": 2432.0}, {"male": 2302.0, "name": "50 to 54 years", "female": 2513.0}, {"male": 2021.0, "name": "55 to 59 years", "female": 2135.0}, {"male": 799.0, "name": "60 to 61 years", "female": 821.0}, {"male": 973.0, "name": "62 to 64 years", "female": 1087.0}, {"male": 585.0, "name": "65 and 66 years", "female": 679.0}, {"male": 803.0, "name": "67 to 69 years", "female": 870.0}, {"male": 1101.0, "name": "70 to 74 years", "female": 1138.0}, {"male": 662.0, "name": "75 to 79 years", "female": 808.0}, {"male": 375.0, "name": "80 to 84 years", "female": 479.0}, {"male": 294.0, "name": "85 years and over", "female": 474.0}], "age_by_sex": [{"name": "Male", "value": 31.300000000000001}, {"name": "Female", "value": 33.700000000000003}], "GEOID": "04001", "NECTA": ""}, "Coconino County": {"CNECTA": "", "COUNTY": "005", "HU100": "63321", "NAME": "Coconino County", "P001001.2000": "116320", "CSA": "999", "P001001": "134421", "POP100": "134421", "SUMLEV": "050", "STATE": "04", "CBSA": "22380", "race": [{"name": "White", "value": 82967}, {"name": "Black", "value": 1629}, {"name": "American Indian or Alaska", "value": 36714}, {"name": "Asian", "value": 1846}, {"name": "Native Hawaiian", "value": 164}, {"name": "Other Race", "value": 6990}, {"name": "Two or More Races", "value": 4111}], "HU100.2000": "53443", "POP100.2000": "116320", "sex_by_age": [{"male": 4533.0, "name": "Under 5 years", "female": 4412.0}, {"male": 4551.0, "name": "5 to 9 years", "female": 4212.0}, {"male": 4362.0, "name": "10 to 14 years", "female": 4237.0}, {"male": 2784.0, "name": "15 to 17 years", "female": 2697.0}, {"male": 3537.0, "name": "18 and 19 years", "female": 4306.0}, {"male": 1824.0, "name": "20 years", "female": 2203.0}, {"male": 1792.0, "name": "21 years", "female": 1913.0}, {"male": 4154.0, "name": "22 to 24 years", "female": 4039.0}, {"male": 5264.0, "name": "25 to 29 years", "female": 4679.0}, {"male": 4155.0, "name": "30 to 34 years", "female": 4031.0}, {"male": 4025.0, "name": "35 to 39 years", "female": 3824.0}, {"male": 3847.0, "name": "40 to 44 years", "female": 3803.0}, {"male": 4191.0, "name": "45 to 49 years", "female": 4473.0}, {"male": 4456.0, "name": "50 to 54 years", "female": 4833.0}, {"male": 4252.0, "name": "55 to 59 years", "female": 4425.0}, {"male": 1583.0, "name": "60 to 61 years", "female": 1380.0}, {"male": 1822.0, "name": "62 to 64 years", "female": 1898.0}, {"male": 926.0, "name": "65 and 66 years", "female": 978.0}, {"male": 1234.0, "name": "67 to 69 years", "female": 1325.0}, {"male": 1493.0, "name": "70 to 74 years", "female": 1491.0}, {"male": 946.0, "name": "75 to 79 years", "female": 1089.0}, {"male": 566.0, "name": "80 to 84 years", "female": 784.0}, {"male": 369.0, "name": "85 years and over", "female": 723.0}], "age_by_sex": [{"name": "Male", "value": 30.600000000000001}, {"name": "Female", "value": 31.399999999999999}], "GEOID": "04005", "NECTA": ""}, "Cochise County": {"CNECTA": "", "COUNTY": "003", "HU100": "59041", "NAME": "Cochise County", "P001001.2000": "117755", "CSA": "999", "P001001": "131346", "POP100": "131346", "SUMLEV": "050", "STATE": "04", "CBSA": "43420", "race": [{"name": "White", "value": 103085}, {"name": "Black", "value": 5465}, {"name": "American Indian or Alaska", "value": 1589}, {"name": "Asian", "value": 2525}, {"name": "Native Hawaiian", "value": 418}, {"name": "Other Race", "value": 12989}, {"name": "Two or More Races", "value": 5275}], "HU100.2000": "51126", "POP100.2000": "117755", "sex_by_age": [{"male": 4405.0, "name": "Under 5 years", "female": 4101.0}, {"male": 4164.0, "name": "5 to 9 years", "female": 4017.0}, {"male": 4189.0, "name": "10 to 14 years", "female": 4031.0}, {"male": 2806.0, "name": "15 to 17 years", "female": 2537.0}, {"male": 2170.0, "name": "18 and 19 years", "female": 1732.0}, {"male": 982.0, "name": "20 years", "female": 768.0}, {"male": 897.0, "name": "21 years", "female": 698.0}, {"male": 2746.0, "name": "22 to 24 years", "female": 2120.0}, {"male": 4930.0, "name": "25 to 29 years", "female": 3989.0}, {"male": 4006.0, "name": "30 to 34 years", "female": 3554.0}, {"male": 3881.0, "name": "35 to 39 years", "female": 3413.0}, {"male": 3778.0, "name": "40 to 44 years", "female": 3616.0}, {"male": 4243.0, "name": "45 to 49 years", "female": 4181.0}, {"male": 4386.0, "name": "50 to 54 years", "female": 4772.0}, {"male": 4337.0, "name": "55 to 59 years", "female": 4587.0}, {"male": 1716.0, "name": "60 to 61 years", "female": 1775.0}, {"male": 2479.0, "name": "62 to 64 years", "female": 2652.0}, {"male": 1479.0, "name": "65 and 66 years", "female": 1561.0}, {"male": 2125.0, "name": "67 to 69 years", "female": 2300.0}, {"male": 2928.0, "name": "70 to 74 years", "female": 2897.0}, {"male": 2064.0, "name": "75 to 79 years", "female": 2099.0}, {"male": 1365.0, "name": "80 to 84 years", "female": 1544.0}, {"male": 901.0, "name": "85 years and over", "female": 1425.0}], "age_by_sex": [{"name": "Male", "value": 37.799999999999997}, {"name": "Female", "value": 41.799999999999997}], "GEOID": "04003", "NECTA": ""}, "Santa Cruz County": {"CNECTA": "", "COUNTY": "023", "HU100": "18010", "NAME": "Santa Cruz County", "P001001.2000": "38381", "CSA": "999", "P001001": "47420", "POP100": "47420", "SUMLEV": "050", "STATE": "04", "CBSA": "35700", "race": [{"name": "White", "value": 34835}, {"name": "Black", "value": 179}, {"name": "American Indian or Alaska", "value": 328}, {"name": "Asian", "value": 255}, {"name": "Native Hawaiian", "value": 15}, {"name": "Other Race", "value": 10855}, {"name": "Two or More Races", "value": 953}], "HU100.2000": "13036", "POP100.2000": "38381", "sex_by_age": [{"male": 1889.0, "name": "Under 5 years", "female": 1787.0}, {"male": 1980.0, "name": "5 to 9 years", "female": 1940.0}, {"male": 2159.0, "name": "10 to 14 years", "female": 2072.0}, {"male": 1412.0, "name": "15 to 17 years", "female": 1321.0}, {"male": 708.0, "name": "18 and 19 years", "female": 711.0}, {"male": 287.0, "name": "20 years", "female": 284.0}, {"male": 268.0, "name": "21 years", "female": 275.0}, {"male": 748.0, "name": "22 to 24 years", "female": 731.0}, {"male": 1044.0, "name": "25 to 29 years", "female": 1301.0}, {"male": 1084.0, "name": "30 to 34 years", "female": 1372.0}, {"male": 1267.0, "name": "35 to 39 years", "female": 1556.0}, {"male": 1321.0, "name": "40 to 44 years", "female": 1616.0}, {"male": 1479.0, "name": "45 to 49 years", "female": 1705.0}, {"male": 1503.0, "name": "50 to 54 years", "female": 1756.0}, {"male": 1355.0, "name": "55 to 59 years", "female": 1616.0}, {"male": 495.0, "name": "60 to 61 years", "female": 588.0}, {"male": 756.0, "name": "62 to 64 years", "female": 810.0}, {"male": 414.0, "name": "65 and 66 years", "female": 444.0}, {"male": 580.0, "name": "67 to 69 years", "female": 655.0}, {"male": 749.0, "name": "70 to 74 years", "female": 849.0}, {"male": 513.0, "name": "75 to 79 years", "female": 611.0}, {"male": 318.0, "name": "80 to 84 years", "female": 435.0}, {"male": 230.0, "name": "85 years and over", "female": 426.0}], "age_by_sex": [{"name": "Male", "value": 33.600000000000001}, {"name": "Female", "value": 37.100000000000001}], "GEOID": "04023", "NECTA": ""}, "Yavapai County": {"CNECTA": "", "COUNTY": "025", "HU100": "110432", "NAME": "Yavapai County", "P001001.2000": "167517", "CSA": "999", "P001001": "211033", "POP100": "211033", "SUMLEV": "050", "STATE": "04", "CBSA": "39140", "race": [{"name": "White", "value": 188515}, {"name": "Black", "value": 1267}, {"name": "American Indian or Alaska", "value": 3549}, {"name": "Asian", "value": 1785}, {"name": "Native Hawaiian", "value": 213}, {"name": "Other Race", "value": 10346}, {"name": "Two or More Races", "value": 5358}], "HU100.2000": "81730", "POP100.2000": "167517", "sex_by_age": [{"male": 5264.0, "name": "Under 5 years", "female": 5204.0}, {"male": 5570.0, "name": "5 to 9 years", "female": 5345.0}, {"male": 6090.0, "name": "10 to 14 years", "female": 5653.0}, {"male": 3699.0, "name": "15 to 17 years", "female": 3444.0}, {"male": 2630.0, "name": "18 and 19 years", "female": 2143.0}, {"male": 1217.0, "name": "20 years", "female": 1007.0}, {"male": 1186.0, "name": "21 years", "female": 957.0}, {"male": 3014.0, "name": "22 to 24 years", "female": 2786.0}, {"male": 4846.0, "name": "25 to 29 years", "female": 4611.0}, {"male": 4623.0, "name": "30 to 34 years", "female": 4472.0}, {"male": 4775.0, "name": "35 to 39 years", "female": 4958.0}, {"male": 5214.0, "name": "40 to 44 years", "female": 5511.0}, {"male": 6553.0, "name": "45 to 49 years", "female": 7054.0}, {"male": 7668.0, "name": "50 to 54 years", "female": 8535.0}, {"male": 8189.0, "name": "55 to 59 years", "female": 9591.0}, {"male": 3565.0, "name": "60 to 61 years", "female": 3766.0}, {"male": 5317.0, "name": "62 to 64 years", "female": 5809.0}, {"male": 3182.0, "name": "65 and 66 years", "female": 3589.0}, {"male": 4682.0, "name": "67 to 69 years", "female": 5017.0}, {"male": 6155.0, "name": "70 to 74 years", "female": 6300.0}, {"male": 4618.0, "name": "75 to 79 years", "female": 4680.0}, {"male": 3172.0, "name": "80 to 84 years", "female": 3526.0}, {"male": 2229.0, "name": "85 years and over", "female": 3617.0}], "age_by_sex": [{"name": "Male", "value": 47.899999999999999}, {"name": "Female", "value": 50.399999999999999}], "GEOID": "04025", "NECTA": ""}}