{"Sweetwater County": {"CNECTA": "", "COUNTY": "037", "HU100": "18735", "NAME": "Sweetwater County", "P001001.2000": "37613", "CSA": "999", "P001001": "43806", "POP100": "43806", "SUMLEV": "050", "STATE": "56", "CBSA": "40540", "race": [{"name": "White", "value": 38748}, {"name": "Black", "value": 438}, {"name": "American Indian or Alaska", "value": 423}, {"name": "Asian", "value": 336}, {"name": "Native Hawaiian", "value": 42}, {"name": "Other Race", "value": 2799}, {"name": "Two or More Races", "value": 1020}], "HU100.2000": "15921", "POP100.2000": "37613", "sex_by_age": [{"male": 1877.0, "name": "Under 5 years", "female": 1789.0}, {"male": 1749.0, "name": "5 to 9 years", "female": 1616.0}, {"male": 1662.0, "name": "10 to 14 years", "female": 1465.0}, {"male": 906.0, "name": "15 to 17 years", "female": 805.0}, {"male": 621.0, "name": "18 and 19 years", "female": 607.0}, {"male": 304.0, "name": "20 years", "female": 281.0}, {"male": 295.0, "name": "21 years", "female": 262.0}, {"male": 1004.0, "name": "22 to 24 years", "female": 959.0}, {"male": 1980.0, "name": "25 to 29 years", "female": 1698.0}, {"male": 1766.0, "name": "30 to 34 years", "female": 1576.0}, {"male": 1446.0, "name": "35 to 39 years", "female": 1342.0}, {"male": 1338.0, "name": "40 to 44 years", "female": 1183.0}, {"male": 1597.0, "name": "45 to 49 years", "female": 1420.0}, {"male": 1839.0, "name": "50 to 54 years", "female": 1628.0}, {"male": 1582.0, "name": "55 to 59 years", "female": 1448.0}, {"male": 537.0, "name": "60 to 61 years", "female": 425.0}, {"male": 612.0, "name": "62 to 64 years", "female": 544.0}, {"male": 311.0, "name": "65 and 66 years", "female": 298.0}, {"male": 370.0, "name": "67 to 69 years", "female": 328.0}, {"male": 440.0, "name": "70 to 74 years", "female": 399.0}, {"male": 290.0, "name": "75 to 79 years", "female": 332.0}, {"male": 200.0, "name": "80 to 84 years", "female": 250.0}, {"male": 123.0, "name": "85 years and over", "female": 302.0}], "age_by_sex": [{"name": "Male", "value": 32.799999999999997}, {"name": "Female", "value": 32.899999999999999}], "GEOID": "56037", "NECTA": ""}, "Campbell County": {"CNECTA": "", "COUNTY": "005", "HU100": "18955", "NAME": "Campbell County", "P001001.2000": "33698", "CSA": "999", "P001001": "46133", "POP100": "46133", "SUMLEV": "050", "STATE": "56", "CBSA": "23940", "race": [{"name": "White", "value": 42974}, {"name": "Black", "value": 159}, {"name": "American Indian or Alaska", "value": 531}, {"name": "Asian", "value": 256}, {"name": "Native Hawaiian", "value": 22}, {"name": "Other Race", "value": 1223}, {"name": "Two or More Races", "value": 968}], "HU100.2000": "13288", "POP100.2000": "33698", "sex_by_age": [{"male": 2040.0, "name": "Under 5 years", "female": 2023.0}, {"male": 1856.0, "name": "5 to 9 years", "female": 1694.0}, {"male": 1797.0, "name": "10 to 14 years", "female": 1617.0}, {"male": 1042.0, "name": "15 to 17 years", "female": 913.0}, {"male": 641.0, "name": "18 and 19 years", "female": 604.0}, {"male": 289.0, "name": "20 years", "female": 242.0}, {"male": 311.0, "name": "21 years", "female": 307.0}, {"male": 1146.0, "name": "22 to 24 years", "female": 978.0}, {"male": 2262.0, "name": "25 to 29 years", "female": 1854.0}, {"male": 1910.0, "name": "30 to 34 years", "female": 1653.0}, {"male": 1654.0, "name": "35 to 39 years", "female": 1453.0}, {"male": 1507.0, "name": "40 to 44 years", "female": 1351.0}, {"male": 1788.0, "name": "45 to 49 years", "female": 1759.0}, {"male": 2138.0, "name": "50 to 54 years", "female": 1779.0}, {"male": 1650.0, "name": "55 to 59 years", "female": 1374.0}, {"male": 506.0, "name": "60 to 61 years", "female": 385.0}, {"male": 523.0, "name": "62 to 64 years", "female": 471.0}, {"male": 224.0, "name": "65 and 66 years", "female": 217.0}, {"male": 275.0, "name": "67 to 69 years", "female": 279.0}, {"male": 290.0, "name": "70 to 74 years", "female": 336.0}, {"male": 207.0, "name": "75 to 79 years", "female": 256.0}, {"male": 131.0, "name": "80 to 84 years", "female": 186.0}, {"male": 71.0, "name": "85 years and over", "female": 144.0}], "age_by_sex": [{"name": "Male", "value": 31.800000000000001}, {"name": "Female", "value": 31.899999999999999}], "GEOID": "56005", "NECTA": ""}, "Converse County": {"CNECTA": "", "COUNTY": "009", "HU100": "6403", "NAME": "Converse County", "P001001.2000": "12052", "CSA": "999", "P001001": "13833", "POP100": "13833", "SUMLEV": "050", "STATE": "56", "CBSA": "99999", "race": [{"name": "White", "value": 13160}, {"name": "Black", "value": 46}, {"name": "American Indian or Alaska", "value": 106}, {"name": "Asian", "value": 41}, {"name": "Native Hawaiian", "value": 7}, {"name": "Other Race", "value": 241}, {"name": "Two or More Races", "value": 232}], "HU100.2000": "5669", "POP100.2000": "12052", "sex_by_age": [{"male": 519.0, "name": "Under 5 years", "female": 451.0}, {"male": 475.0, "name": "5 to 9 years", "female": 484.0}, {"male": 506.0, "name": "10 to 14 years", "female": 463.0}, {"male": 315.0, "name": "15 to 17 years", "female": 299.0}, {"male": 174.0, "name": "18 and 19 years", "female": 153.0}, {"male": 65.0, "name": "20 years", "female": 59.0}, {"male": 71.0, "name": "21 years", "female": 69.0}, {"male": 221.0, "name": "22 to 24 years", "female": 214.0}, {"male": 439.0, "name": "25 to 29 years", "female": 427.0}, {"male": 415.0, "name": "30 to 34 years", "female": 440.0}, {"male": 437.0, "name": "35 to 39 years", "female": 392.0}, {"male": 441.0, "name": "40 to 44 years", "female": 451.0}, {"male": 531.0, "name": "45 to 49 years", "female": 497.0}, {"male": 609.0, "name": "50 to 54 years", "female": 560.0}, {"male": 526.0, "name": "55 to 59 years", "female": 471.0}, {"male": 189.0, "name": "60 to 61 years", "female": 195.0}, {"male": 259.0, "name": "62 to 64 years", "female": 240.0}, {"male": 129.0, "name": "65 and 66 years", "female": 129.0}, {"male": 165.0, "name": "67 to 69 years", "female": 145.0}, {"male": 189.0, "name": "70 to 74 years", "female": 248.0}, {"male": 161.0, "name": "75 to 79 years", "female": 180.0}, {"male": 111.0, "name": "80 to 84 years", "female": 131.0}, {"male": 70.0, "name": "85 years and over", "female": 118.0}], "age_by_sex": [{"name": "Male", "value": 38.600000000000001}, {"name": "Female", "value": 39.5}], "GEOID": "56009", "NECTA": ""}, "Sublette County": {"CNECTA": "", "COUNTY": "035", "HU100": "5770", "NAME": "Sublette County", "P001001.2000": "5920", "CSA": "999", "P001001": "10247", "POP100": "10247", "SUMLEV": "050", "STATE": "56", "CBSA": "99999", "race": [{"name": "White", "value": 9552}, {"name": "Black", "value": 32}, {"name": "American Indian or Alaska", "value": 87}, {"name": "Asian", "value": 51}, {"name": "Native Hawaiian", "value": 1}, {"name": "Other Race", "value": 383}, {"name": "Two or More Races", "value": 141}], "HU100.2000": "3552", "POP100.2000": "5920", "sex_by_age": [{"male": 381.0, "name": "Under 5 years", "female": 339.0}, {"male": 326.0, "name": "5 to 9 years", "female": 340.0}, {"male": 318.0, "name": "10 to 14 years", "female": 329.0}, {"male": 216.0, "name": "15 to 17 years", "female": 179.0}, {"male": 109.0, "name": "18 and 19 years", "female": 77.0}, {"male": 53.0, "name": "20 years", "female": 53.0}, {"male": 80.0, "name": "21 years", "female": 46.0}, {"male": 180.0, "name": "22 to 24 years", "female": 152.0}, {"male": 418.0, "name": "25 to 29 years", "female": 289.0}, {"male": 439.0, "name": "30 to 34 years", "female": 352.0}, {"male": 406.0, "name": "35 to 39 years", "female": 331.0}, {"male": 361.0, "name": "40 to 44 years", "female": 289.0}, {"male": 469.0, "name": "45 to 49 years", "female": 410.0}, {"male": 456.0, "name": "50 to 54 years", "female": 401.0}, {"male": 442.0, "name": "55 to 59 years", "female": 344.0}, {"male": 130.0, "name": "60 to 61 years", "female": 104.0}, {"male": 213.0, "name": "62 to 64 years", "female": 176.0}, {"male": 100.0, "name": "65 and 66 years", "female": 85.0}, {"male": 112.0, "name": "67 to 69 years", "female": 99.0}, {"male": 144.0, "name": "70 to 74 years", "female": 118.0}, {"male": 94.0, "name": "75 to 79 years", "female": 93.0}, {"male": 48.0, "name": "80 to 84 years", "female": 43.0}, {"male": 55.0, "name": "85 years and over", "female": 48.0}], "age_by_sex": [{"name": "Male", "value": 38.299999999999997}, {"name": "Female", "value": 38.200000000000003}], "GEOID": "56035", "NECTA": ""}, "Weston County": {"CNECTA": "", "COUNTY": "045", "HU100": "3533", "NAME": "Weston County", "P001001.2000": "6644", "CSA": "999", "P001001": "7208", "POP100": "7208", "SUMLEV": "050", "STATE": "56", "CBSA": "99999", "race": [{"name": "White", "value": 6885}, {"name": "Black", "value": 21}, {"name": "American Indian or Alaska", "value": 91}, {"name": "Asian", "value": 20}, {"name": "Native Hawaiian", "value": 3}, {"name": "Other Race", "value": 67}, {"name": "Two or More Races", "value": 121}], "HU100.2000": "3231", "POP100.2000": "6644", "sex_by_age": [{"male": 217.0, "name": "Under 5 years", "female": 193.0}, {"male": 233.0, "name": "5 to 9 years", "female": 238.0}, {"male": 219.0, "name": "10 to 14 years", "female": 206.0}, {"male": 145.0, "name": "15 to 17 years", "female": 122.0}, {"male": 84.0, "name": "18 and 19 years", "female": 54.0}, {"male": 44.0, "name": "20 years", "female": 29.0}, {"male": 48.0, "name": "21 years", "female": 32.0}, {"male": 143.0, "name": "22 to 24 years", "female": 109.0}, {"male": 237.0, "name": "25 to 29 years", "female": 201.0}, {"male": 249.0, "name": "30 to 34 years", "female": 197.0}, {"male": 232.0, "name": "35 to 39 years", "female": 168.0}, {"male": 235.0, "name": "40 to 44 years", "female": 192.0}, {"male": 299.0, "name": "45 to 49 years", "female": 259.0}, {"male": 318.0, "name": "50 to 54 years", "female": 297.0}, {"male": 334.0, "name": "55 to 59 years", "female": 268.0}, {"male": 112.0, "name": "60 to 61 years", "female": 87.0}, {"male": 134.0, "name": "62 to 64 years", "female": 124.0}, {"male": 72.0, "name": "65 and 66 years", "female": 77.0}, {"male": 80.0, "name": "67 to 69 years", "female": 95.0}, {"male": 128.0, "name": "70 to 74 years", "female": 162.0}, {"male": 80.0, "name": "75 to 79 years", "female": 110.0}, {"male": 88.0, "name": "80 to 84 years", "female": 74.0}, {"male": 59.0, "name": "85 years and over", "female": 124.0}], "age_by_sex": [{"name": "Male", "value": 40.799999999999997}, {"name": "Female", "value": 43.899999999999999}], "GEOID": "56045", "NECTA": ""}, "Big Horn County": {"CNECTA": "", "COUNTY": "003", "HU100": "5379", "NAME": "Big Horn County", "P001001.2000": "11461", "CSA": "999", "P001001": "11668", "POP100": "11668", "SUMLEV": "050", "STATE": "56", "CBSA": "99999", "race": [{"name": "White", "value": 11009}, {"name": "Black", "value": 26}, {"name": "American Indian or Alaska", "value": 100}, {"name": "Asian", "value": 39}, {"name": "Native Hawaiian", "value": 2}, {"name": "Other Race", "value": 350}, {"name": "Two or More Races", "value": 142}], "HU100.2000": "5105", "POP100.2000": "11461", "sex_by_age": [{"male": 396.0, "name": "Under 5 years", "female": 391.0}, {"male": 400.0, "name": "5 to 9 years", "female": 404.0}, {"male": 424.0, "name": "10 to 14 years", "female": 447.0}, {"male": 285.0, "name": "15 to 17 years", "female": 266.0}, {"male": 158.0, "name": "18 and 19 years", "female": 114.0}, {"male": 52.0, "name": "20 years", "female": 39.0}, {"male": 68.0, "name": "21 years", "female": 53.0}, {"male": 184.0, "name": "22 to 24 years", "female": 149.0}, {"male": 301.0, "name": "25 to 29 years", "female": 294.0}, {"male": 284.0, "name": "30 to 34 years", "female": 294.0}, {"male": 309.0, "name": "35 to 39 years", "female": 297.0}, {"male": 308.0, "name": "40 to 44 years", "female": 331.0}, {"male": 402.0, "name": "45 to 49 years", "female": 393.0}, {"male": 445.0, "name": "50 to 54 years", "female": 390.0}, {"male": 424.0, "name": "55 to 59 years", "female": 456.0}, {"male": 149.0, "name": "60 to 61 years", "female": 176.0}, {"male": 264.0, "name": "62 to 64 years", "female": 213.0}, {"male": 131.0, "name": "65 and 66 years", "female": 145.0}, {"male": 196.0, "name": "67 to 69 years", "female": 194.0}, {"male": 273.0, "name": "70 to 74 years", "female": 246.0}, {"male": 184.0, "name": "75 to 79 years", "female": 191.0}, {"male": 149.0, "name": "80 to 84 years", "female": 147.0}, {"male": 96.0, "name": "85 years and over", "female": 156.0}], "age_by_sex": [{"name": "Male", "value": 41.100000000000001}, {"name": "Female", "value": 42.399999999999999}], "GEOID": "56003", "NECTA": ""}, "Lincoln County": {"CNECTA": "", "COUNTY": "023", "HU100": "8946", "NAME": "Lincoln County", "P001001.2000": "14573", "CSA": "999", "P001001": "18106", "POP100": "18106", "SUMLEV": "050", "STATE": "56", "CBSA": "99999", "race": [{"name": "White", "value": 17281}, {"name": "Black", "value": 33}, {"name": "American Indian or Alaska", "value": 146}, {"name": "Asian", "value": 57}, {"name": "Native Hawaiian", "value": 4}, {"name": "Other Race", "value": 363}, {"name": "Two or More Races", "value": 222}], "HU100.2000": "6831", "POP100.2000": "14573", "sex_by_age": [{"male": 761.0, "name": "Under 5 years", "female": 688.0}, {"male": 726.0, "name": "5 to 9 years", "female": 648.0}, {"male": 750.0, "name": "10 to 14 years", "female": 683.0}, {"male": 432.0, "name": "15 to 17 years", "female": 416.0}, {"male": 200.0, "name": "18 and 19 years", "female": 159.0}, {"male": 58.0, "name": "20 years", "female": 74.0}, {"male": 76.0, "name": "21 years", "female": 72.0}, {"male": 247.0, "name": "22 to 24 years", "female": 247.0}, {"male": 518.0, "name": "25 to 29 years", "female": 512.0}, {"male": 661.0, "name": "30 to 34 years", "female": 615.0}, {"male": 596.0, "name": "35 to 39 years", "female": 542.0}, {"male": 545.0, "name": "40 to 44 years", "female": 524.0}, {"male": 644.0, "name": "45 to 49 years", "female": 608.0}, {"male": 721.0, "name": "50 to 54 years", "female": 716.0}, {"male": 689.0, "name": "55 to 59 years", "female": 663.0}, {"male": 237.0, "name": "60 to 61 years", "female": 204.0}, {"male": 332.0, "name": "62 to 64 years", "female": 301.0}, {"male": 179.0, "name": "65 and 66 years", "female": 174.0}, {"male": 236.0, "name": "67 to 69 years", "female": 208.0}, {"male": 302.0, "name": "70 to 74 years", "female": 273.0}, {"male": 183.0, "name": "75 to 79 years", "female": 186.0}, {"male": 120.0, "name": "80 to 84 years", "female": 151.0}, {"male": 89.0, "name": "85 years and over", "female": 140.0}], "age_by_sex": [{"name": "Male", "value": 36.899999999999999}, {"name": "Female", "value": 38.0}], "GEOID": "56023", "NECTA": ""}, "Natrona County": {"CNECTA": "", "COUNTY": "025", "HU100": "33807", "NAME": "Natrona County", "P001001.2000": "66533", "CSA": "999", "P001001": "75450", "POP100": "75450", "SUMLEV": "050", "STATE": "56", "CBSA": "16220", "race": [{"name": "White", "value": 70015}, {"name": "Black", "value": 665}, {"name": "American Indian or Alaska", "value": 781}, {"name": "Asian", "value": 510}, {"name": "Native Hawaiian", "value": 39}, {"name": "Other Race", "value": 1630}, {"name": "Two or More Races", "value": 1810}], "HU100.2000": "29882", "POP100.2000": "66533", "sex_by_age": [{"male": 2770.0, "name": "Under 5 years", "female": 2607.0}, {"male": 2593.0, "name": "5 to 9 years", "female": 2383.0}, {"male": 2421.0, "name": "10 to 14 years", "female": 2278.0}, {"male": 1509.0, "name": "15 to 17 years", "female": 1459.0}, {"male": 1015.0, "name": "18 and 19 years", "female": 1062.0}, {"male": 564.0, "name": "20 years", "female": 571.0}, {"male": 492.0, "name": "21 years", "female": 464.0}, {"male": 1648.0, "name": "22 to 24 years", "female": 1447.0}, {"male": 2987.0, "name": "25 to 29 years", "female": 2776.0}, {"male": 2606.0, "name": "30 to 34 years", "female": 2378.0}, {"male": 2381.0, "name": "35 to 39 years", "female": 2240.0}, {"male": 2310.0, "name": "40 to 44 years", "female": 2201.0}, {"male": 2630.0, "name": "45 to 49 years", "female": 2684.0}, {"male": 3075.0, "name": "50 to 54 years", "female": 2933.0}, {"male": 2802.0, "name": "55 to 59 years", "female": 2648.0}, {"male": 865.0, "name": "60 to 61 years", "female": 873.0}, {"male": 1237.0, "name": "62 to 64 years", "female": 1149.0}, {"male": 577.0, "name": "65 and 66 years", "female": 631.0}, {"male": 725.0, "name": "67 to 69 years", "female": 754.0}, {"male": 954.0, "name": "70 to 74 years", "female": 1164.0}, {"male": 723.0, "name": "75 to 79 years", "female": 1016.0}, {"male": 654.0, "name": "80 to 84 years", "female": 909.0}, {"male": 444.0, "name": "85 years and over", "female": 841.0}], "age_by_sex": [{"name": "Male", "value": 35.799999999999997}, {"name": "Female", "value": 37.899999999999999}], "GEOID": "56025", "NECTA": ""}, "Johnson County": {"CNECTA": "", "COUNTY": "019", "HU100": "4553", "NAME": "Johnson County", "P001001.2000": "7075", "CSA": "999", "P001001": "8569", "POP100": "8569", "SUMLEV": "050", "STATE": "56", "CBSA": "99999", "race": [{"name": "White", "value": 8267}, {"name": "Black", "value": 14}, {"name": "American Indian or Alaska", "value": 92}, {"name": "Asian", "value": 38}, {"name": "Native Hawaiian", "value": 0}, {"name": "Other Race", "value": 64}, {"name": "Two or More Races", "value": 94}], "HU100.2000": "3503", "POP100.2000": "7075", "sex_by_age": [{"male": 318.0, "name": "Under 5 years", "female": 255.0}, {"male": 247.0, "name": "5 to 9 years", "female": 250.0}, {"male": 237.0, "name": "10 to 14 years", "female": 248.0}, {"male": 175.0, "name": "15 to 17 years", "female": 166.0}, {"male": 85.0, "name": "18 and 19 years", "female": 71.0}, {"male": 35.0, "name": "20 years", "female": 33.0}, {"male": 27.0, "name": "21 years", "female": 28.0}, {"male": 114.0, "name": "22 to 24 years", "female": 107.0}, {"male": 238.0, "name": "25 to 29 years", "female": 233.0}, {"male": 244.0, "name": "30 to 34 years", "female": 234.0}, {"male": 272.0, "name": "35 to 39 years", "female": 233.0}, {"male": 216.0, "name": "40 to 44 years", "female": 236.0}, {"male": 299.0, "name": "45 to 49 years", "female": 290.0}, {"male": 366.0, "name": "50 to 54 years", "female": 343.0}, {"male": 364.0, "name": "55 to 59 years", "female": 375.0}, {"male": 155.0, "name": "60 to 61 years", "female": 127.0}, {"male": 201.0, "name": "62 to 64 years", "female": 159.0}, {"male": 103.0, "name": "65 and 66 years", "female": 109.0}, {"male": 161.0, "name": "67 to 69 years", "female": 134.0}, {"male": 192.0, "name": "70 to 74 years", "female": 185.0}, {"male": 126.0, "name": "75 to 79 years", "female": 151.0}, {"male": 101.0, "name": "80 to 84 years", "female": 106.0}, {"male": 89.0, "name": "85 years and over", "female": 131.0}], "age_by_sex": [{"name": "Male", "value": 44.399999999999999}, {"name": "Female", "value": 45.100000000000001}], "GEOID": "56019", "NECTA": ""}, "Park County": {"CNECTA": "", "COUNTY": "029", "HU100": "13562", "NAME": "Park County", "P001001.2000": "25786", "CSA": "999", "P001001": "28205", "POP100": "28205", "SUMLEV": "050", "STATE": "56", "CBSA": "99999", "race": [{"name": "White", "value": 26951}, {"name": "Black", "value": 56}, {"name": "American Indian or Alaska", "value": 168}, {"name": "Asian", "value": 166}, {"name": "Native Hawaiian", "value": 25}, {"name": "Other Race", "value": 399}, {"name": "Two or More Races", "value": 440}], "HU100.2000": "11869", "POP100.2000": "25786", "sex_by_age": [{"male": 845.0, "name": "Under 5 years", "female": 794.0}, {"male": 824.0, "name": "5 to 9 years", "female": 747.0}, {"male": 866.0, "name": "10 to 14 years", "female": 801.0}, {"male": 516.0, "name": "15 to 17 years", "female": 518.0}, {"male": 462.0, "name": "18 and 19 years", "female": 438.0}, {"male": 215.0, "name": "20 years", "female": 199.0}, {"male": 177.0, "name": "21 years", "female": 127.0}, {"male": 456.0, "name": "22 to 24 years", "female": 421.0}, {"male": 840.0, "name": "25 to 29 years", "female": 848.0}, {"male": 733.0, "name": "30 to 34 years", "female": 713.0}, {"male": 720.0, "name": "35 to 39 years", "female": 723.0}, {"male": 746.0, "name": "40 to 44 years", "female": 790.0}, {"male": 914.0, "name": "45 to 49 years", "female": 1061.0}, {"male": 1108.0, "name": "50 to 54 years", "female": 1181.0}, {"male": 1211.0, "name": "55 to 59 years", "female": 1183.0}, {"male": 456.0, "name": "60 to 61 years", "female": 406.0}, {"male": 621.0, "name": "62 to 64 years", "female": 603.0}, {"male": 350.0, "name": "65 and 66 years", "female": 326.0}, {"male": 497.0, "name": "67 to 69 years", "female": 495.0}, {"male": 551.0, "name": "70 to 74 years", "female": 557.0}, {"male": 425.0, "name": "75 to 79 years", "female": 480.0}, {"male": 266.0, "name": "80 to 84 years", "female": 336.0}, {"male": 222.0, "name": "85 years and over", "female": 437.0}], "age_by_sex": [{"name": "Male", "value": 42.399999999999999}, {"name": "Female", "value": 44.799999999999997}], "GEOID": "56029", "NECTA": ""}, "Hot Springs County": {"CNECTA": "", "COUNTY": "017", "HU100": "2582", "NAME": "Hot Springs County", "P001001.2000": "4882", "CSA": "999", "P001001": "4812", "POP100": "4812", "SUMLEV": "050", "STATE": "56", "CBSA": "99999", "race": [{"name": "White", "value": 4609}, {"name": "Black", "value": 12}, {"name": "American Indian or Alaska", "value": 70}, {"name": "Asian", "value": 20}, {"name": "Native Hawaiian", "value": 3}, {"name": "Other Race", "value": 26}, {"name": "Two or More Races", "value": 72}], "HU100.2000": "2536", "POP100.2000": "4882", "sex_by_age": [{"male": 118.0, "name": "Under 5 years", "female": 134.0}, {"male": 146.0, "name": "5 to 9 years", "female": 113.0}, {"male": 140.0, "name": "10 to 14 years", "female": 154.0}, {"male": 93.0, "name": "15 to 17 years", "female": 66.0}, {"male": 51.0, "name": "18 and 19 years", "female": 41.0}, {"male": 13.0, "name": "20 years", "female": 14.0}, {"male": 19.0, "name": "21 years", "female": 21.0}, {"male": 76.0, "name": "22 to 24 years", "female": 78.0}, {"male": 127.0, "name": "25 to 29 years", "female": 104.0}, {"male": 115.0, "name": "30 to 34 years", "female": 102.0}, {"male": 107.0, "name": "35 to 39 years", "female": 108.0}, {"male": 117.0, "name": "40 to 44 years", "female": 115.0}, {"male": 181.0, "name": "45 to 49 years", "female": 171.0}, {"male": 198.0, "name": "50 to 54 years", "female": 234.0}, {"male": 206.0, "name": "55 to 59 years", "female": 219.0}, {"male": 65.0, "name": "60 to 61 years", "female": 80.0}, {"male": 94.0, "name": "62 to 64 years", "female": 104.0}, {"male": 69.0, "name": "65 and 66 years", "female": 66.0}, {"male": 98.0, "name": "67 to 69 years", "female": 98.0}, {"male": 148.0, "name": "70 to 74 years", "female": 144.0}, {"male": 81.0, "name": "75 to 79 years", "female": 117.0}, {"male": 64.0, "name": "80 to 84 years", "female": 73.0}, {"male": 51.0, "name": "85 years and over", "female": 79.0}], "age_by_sex": [{"name": "Male", "value": 47.200000000000003}, {"name": "Female", "value": 49.899999999999999}], "GEOID": "56017", "NECTA": ""}, "Albany County": {"CNECTA": "", "COUNTY": "001", "HU100": "17939", "NAME": "Albany County", "P001001.2000": "32014", "CSA": "999", "P001001": "36299", "POP100": "36299", "SUMLEV": "050", "STATE": "56", "CBSA": "29660", "race": [{"name": "White", "value": 32720}, {"name": "Black", "value": 422}, {"name": "American Indian or Alaska", "value": 259}, {"name": "Asian", "value": 1021}, {"name": "Native Hawaiian", "value": 21}, {"name": "Other Race", "value": 885}, {"name": "Two or More Races", "value": 971}], "HU100.2000": "15215", "POP100.2000": "32014", "sex_by_age": [{"male": 1057.0, "name": "Under 5 years", "female": 983.0}, {"male": 833.0, "name": "5 to 9 years", "female": 767.0}, {"male": 766.0, "name": "10 to 14 years", "female": 677.0}, {"male": 485.0, "name": "15 to 17 years", "female": 469.0}, {"male": 1364.0, "name": "18 and 19 years", "female": 1404.0}, {"male": 975.0, "name": "20 years", "female": 966.0}, {"male": 957.0, "name": "21 years", "female": 854.0}, {"male": 2251.0, "name": "22 to 24 years", "female": 1709.0}, {"male": 2126.0, "name": "25 to 29 years", "female": 1605.0}, {"male": 1208.0, "name": "30 to 34 years", "female": 1032.0}, {"male": 921.0, "name": "35 to 39 years", "female": 804.0}, {"male": 820.0, "name": "40 to 44 years", "female": 784.0}, {"male": 825.0, "name": "45 to 49 years", "female": 875.0}, {"male": 1018.0, "name": "50 to 54 years", "female": 1000.0}, {"male": 977.0, "name": "55 to 59 years", "female": 990.0}, {"male": 379.0, "name": "60 to 61 years", "female": 357.0}, {"male": 451.0, "name": "62 to 64 years", "female": 444.0}, {"male": 235.0, "name": "65 and 66 years", "female": 217.0}, {"male": 315.0, "name": "67 to 69 years", "female": 288.0}, {"male": 373.0, "name": "70 to 74 years", "female": 366.0}, {"male": 230.0, "name": "75 to 79 years", "female": 310.0}, {"male": 173.0, "name": "80 to 84 years", "female": 235.0}, {"male": 158.0, "name": "85 years and over", "female": 266.0}], "age_by_sex": [{"name": "Male", "value": 26.399999999999999}, {"name": "Female", "value": 27.399999999999999}], "GEOID": "56001", "NECTA": ""}, "Sheridan County": {"CNECTA": "", "COUNTY": "033", "HU100": "13939", "NAME": "Sheridan County", "P001001.2000": "26560", "CSA": "999", "P001001": "29116", "POP100": "29116", "SUMLEV": "050", "STATE": "56", "CBSA": "43260", "race": [{"name": "White", "value": 27782}, {"name": "Black", "value": 107}, {"name": "American Indian or Alaska", "value": 359}, {"name": "Asian", "value": 192}, {"name": "Native Hawaiian", "value": 23}, {"name": "Other Race", "value": 209}, {"name": "Two or More Races", "value": 444}], "HU100.2000": "12577", "POP100.2000": "26560", "sex_by_age": [{"male": 932.0, "name": "Under 5 years", "female": 933.0}, {"male": 912.0, "name": "5 to 9 years", "female": 827.0}, {"male": 885.0, "name": "10 to 14 years", "female": 835.0}, {"male": 602.0, "name": "15 to 17 years", "female": 559.0}, {"male": 353.0, "name": "18 and 19 years", "female": 373.0}, {"male": 200.0, "name": "20 years", "female": 177.0}, {"male": 148.0, "name": "21 years", "female": 161.0}, {"male": 427.0, "name": "22 to 24 years", "female": 474.0}, {"male": 897.0, "name": "25 to 29 years", "female": 866.0}, {"male": 832.0, "name": "30 to 34 years", "female": 814.0}, {"male": 859.0, "name": "35 to 39 years", "female": 798.0}, {"male": 859.0, "name": "40 to 44 years", "female": 818.0}, {"male": 985.0, "name": "45 to 49 years", "female": 1064.0}, {"male": 1226.0, "name": "50 to 54 years", "female": 1224.0}, {"male": 1259.0, "name": "55 to 59 years", "female": 1254.0}, {"male": 481.0, "name": "60 to 61 years", "female": 420.0}, {"male": 584.0, "name": "62 to 64 years", "female": 530.0}, {"male": 306.0, "name": "65 and 66 years", "female": 340.0}, {"male": 419.0, "name": "67 to 69 years", "female": 381.0}, {"male": 545.0, "name": "70 to 74 years", "female": 488.0}, {"male": 339.0, "name": "75 to 79 years", "female": 415.0}, {"male": 284.0, "name": "80 to 84 years", "female": 400.0}, {"male": 231.0, "name": "85 years and over", "female": 400.0}], "age_by_sex": [{"name": "Male", "value": 41.200000000000003}, {"name": "Female", "value": 42.799999999999997}], "GEOID": "56033", "NECTA": ""}, "Carbon County": {"CNECTA": "", "COUNTY": "007", "HU100": "8576", "NAME": "Carbon County", "P001001.2000": "15639", "CSA": "999", "P001001": "15885", "POP100": "15885", "SUMLEV": "050", "STATE": "56", "CBSA": "99999", "race": [{"name": "White", "value": 14103}, {"name": "Black", "value": 116}, {"name": "American Indian or Alaska", "value": 160}, {"name": "Asian", "value": 109}, {"name": "Native Hawaiian", "value": 14}, {"name": "Other Race", "value": 1026}, {"name": "Two or More Races", "value": 357}], "HU100.2000": "8307", "POP100.2000": "15639", "sex_by_age": [{"male": 602.0, "name": "Under 5 years", "female": 531.0}, {"male": 548.0, "name": "5 to 9 years", "female": 505.0}, {"male": 524.0, "name": "10 to 14 years", "female": 463.0}, {"male": 318.0, "name": "15 to 17 years", "female": 260.0}, {"male": 157.0, "name": "18 and 19 years", "female": 150.0}, {"male": 92.0, "name": "20 years", "female": 54.0}, {"male": 86.0, "name": "21 years", "female": 80.0}, {"male": 351.0, "name": "22 to 24 years", "female": 250.0}, {"male": 643.0, "name": "25 to 29 years", "female": 510.0}, {"male": 615.0, "name": "30 to 34 years", "female": 464.0}, {"male": 528.0, "name": "35 to 39 years", "female": 428.0}, {"male": 553.0, "name": "40 to 44 years", "female": 415.0}, {"male": 665.0, "name": "45 to 49 years", "female": 560.0}, {"male": 684.0, "name": "50 to 54 years", "female": 579.0}, {"male": 629.0, "name": "55 to 59 years", "female": 618.0}, {"male": 250.0, "name": "60 to 61 years", "female": 204.0}, {"male": 289.0, "name": "62 to 64 years", "female": 236.0}, {"male": 173.0, "name": "65 and 66 years", "female": 151.0}, {"male": 200.0, "name": "67 to 69 years", "female": 199.0}, {"male": 259.0, "name": "70 to 74 years", "female": 248.0}, {"male": 175.0, "name": "75 to 79 years", "female": 191.0}, {"male": 122.0, "name": "80 to 84 years", "female": 127.0}, {"male": 90.0, "name": "85 years and over", "female": 109.0}], "age_by_sex": [{"name": "Male", "value": 38.299999999999997}, {"name": "Female", "value": 39.700000000000003}], "GEOID": "56007", "NECTA": ""}, "Laramie County": {"CNECTA": "", "COUNTY": "021", "HU100": "40462", "NAME": "Laramie County", "P001001.2000": "81607", "CSA": "999", "P001001": "91738", "POP100": "91738", "SUMLEV": "050", "STATE": "56", "CBSA": "16940", "race": [{"name": "White", "value": 81205}, {"name": "Black", "value": 2248}, {"name": "American Indian or Alaska", "value": 878}, {"name": "Asian", "value": 976}, {"name": "Native Hawaiian", "value": 142}, {"name": "Other Race", "value": 3478}, {"name": "Two or More Races", "value": 2811}], "HU100.2000": "34213", "POP100.2000": "81607", "sex_by_age": [{"male": 3425.0, "name": "Under 5 years", "female": 3302.0}, {"male": 3206.0, "name": "5 to 9 years", "female": 3028.0}, {"male": 3015.0, "name": "10 to 14 years", "female": 2871.0}, {"male": 1801.0, "name": "15 to 17 years", "female": 1753.0}, {"male": 1199.0, "name": "18 and 19 years", "female": 1205.0}, {"male": 742.0, "name": "20 years", "female": 565.0}, {"male": 671.0, "name": "21 years", "female": 590.0}, {"male": 2026.0, "name": "22 to 24 years", "female": 1918.0}, {"male": 3430.0, "name": "25 to 29 years", "female": 3186.0}, {"male": 2854.0, "name": "30 to 34 years", "female": 2885.0}, {"male": 2905.0, "name": "35 to 39 years", "female": 2787.0}, {"male": 2988.0, "name": "40 to 44 years", "female": 2711.0}, {"male": 3318.0, "name": "45 to 49 years", "female": 3358.0}, {"male": 3351.0, "name": "50 to 54 years", "female": 3527.0}, {"male": 3124.0, "name": "55 to 59 years", "female": 3168.0}, {"male": 1130.0, "name": "60 to 61 years", "female": 1187.0}, {"male": 1519.0, "name": "62 to 64 years", "female": 1488.0}, {"male": 786.0, "name": "65 and 66 years", "female": 785.0}, {"male": 1038.0, "name": "67 to 69 years", "female": 1093.0}, {"male": 1286.0, "name": "70 to 74 years", "female": 1453.0}, {"male": 930.0, "name": "75 to 79 years", "female": 1106.0}, {"male": 655.0, "name": "80 to 84 years", "female": 908.0}, {"male": 476.0, "name": "85 years and over", "female": 989.0}], "age_by_sex": [{"name": "Male", "value": 36.0}, {"name": "Female", "value": 38.0}], "GEOID": "56021", "NECTA": ""}, "Goshen County": {"CNECTA": "", "COUNTY": "015", "HU100": "5972", "NAME": "Goshen County", "P001001.2000": "12538", "CSA": "999", "P001001": "13249", "POP100": "13249", "SUMLEV": "050", "STATE": "56", "CBSA": "99999", "race": [{"name": "White", "value": 12526}, {"name": "Black", "value": 79}, {"name": "American Indian or Alaska", "value": 108}, {"name": "Asian", "value": 41}, {"name": "Native Hawaiian", "value": 12}, {"name": "Other Race", "value": 320}, {"name": "Two or More Races", "value": 163}], "HU100.2000": "5881", "POP100.2000": "12538", "sex_by_age": [{"male": 364.0, "name": "Under 5 years", "female": 336.0}, {"male": 371.0, "name": "5 to 9 years", "female": 329.0}, {"male": 429.0, "name": "10 to 14 years", "female": 369.0}, {"male": 247.0, "name": "15 to 17 years", "female": 256.0}, {"male": 245.0, "name": "18 and 19 years", "female": 237.0}, {"male": 129.0, "name": "20 years", "female": 109.0}, {"male": 100.0, "name": "21 years", "female": 71.0}, {"male": 250.0, "name": "22 to 24 years", "female": 195.0}, {"male": 379.0, "name": "25 to 29 years", "female": 304.0}, {"male": 374.0, "name": "30 to 34 years", "female": 305.0}, {"male": 392.0, "name": "35 to 39 years", "female": 315.0}, {"male": 416.0, "name": "40 to 44 years", "female": 333.0}, {"male": 472.0, "name": "45 to 49 years", "female": 419.0}, {"male": 585.0, "name": "50 to 54 years", "female": 540.0}, {"male": 526.0, "name": "55 to 59 years", "female": 434.0}, {"male": 206.0, "name": "60 to 61 years", "female": 186.0}, {"male": 266.0, "name": "62 to 64 years", "female": 260.0}, {"male": 151.0, "name": "65 and 66 years", "female": 156.0}, {"male": 213.0, "name": "67 to 69 years", "female": 236.0}, {"male": 333.0, "name": "70 to 74 years", "female": 280.0}, {"male": 193.0, "name": "75 to 79 years", "female": 235.0}, {"male": 127.0, "name": "80 to 84 years", "female": 182.0}, {"male": 138.0, "name": "85 years and over", "female": 256.0}], "age_by_sex": [{"name": "Male", "value": 42.0}, {"name": "Female", "value": 45.200000000000003}], "GEOID": "56015", "NECTA": ""}, "Niobrara County": {"CNECTA": "", "COUNTY": "027", "HU100": "1338", "NAME": "Niobrara County", "P001001.2000": "2407", "CSA": "999", "P001001": "2484", "POP100": "2484", "SUMLEV": "050", "STATE": "56", "CBSA": "99999", "race": [{"name": "White", "value": 2397}, {"name": "Black", "value": 5}, {"name": "American Indian or Alaska", "value": 21}, {"name": "Asian", "value": 9}, {"name": "Native Hawaiian", "value": 0}, {"name": "Other Race", "value": 13}, {"name": "Two or More Races", "value": 39}], "HU100.2000": "1338", "POP100.2000": "2407", "sex_by_age": [{"male": 46.0, "name": "Under 5 years", "female": 50.0}, {"male": 81.0, "name": "5 to 9 years", "female": 53.0}, {"male": 79.0, "name": "10 to 14 years", "female": 69.0}, {"male": 53.0, "name": "15 to 17 years", "female": 39.0}, {"male": 23.0, "name": "18 and 19 years", "female": 17.0}, {"male": 3.0, "name": "20 years", "female": 3.0}, {"male": 9.0, "name": "21 years", "female": 16.0}, {"male": 28.0, "name": "22 to 24 years", "female": 46.0}, {"male": 52.0, "name": "25 to 29 years", "female": 92.0}, {"male": 50.0, "name": "30 to 34 years", "female": 86.0}, {"male": 64.0, "name": "35 to 39 years", "female": 106.0}, {"male": 70.0, "name": "40 to 44 years", "female": 70.0}, {"male": 74.0, "name": "45 to 49 years", "female": 101.0}, {"male": 107.0, "name": "50 to 54 years", "female": 120.0}, {"male": 101.0, "name": "55 to 59 years", "female": 105.0}, {"male": 35.0, "name": "60 to 61 years", "female": 38.0}, {"male": 49.0, "name": "62 to 64 years", "female": 36.0}, {"male": 31.0, "name": "65 and 66 years", "female": 27.0}, {"male": 37.0, "name": "67 to 69 years", "female": 56.0}, {"male": 64.0, "name": "70 to 74 years", "female": 77.0}, {"male": 53.0, "name": "75 to 79 years", "female": 53.0}, {"male": 34.0, "name": "80 to 84 years", "female": 29.0}, {"male": 16.0, "name": "85 years and over", "female": 36.0}], "age_by_sex": [{"name": "Male", "value": 46.899999999999999}, {"name": "Female", "value": 45.700000000000003}], "GEOID": "56027", "NECTA": ""}, "Crook County": {"CNECTA": "", "COUNTY": "011", "HU100": "3595", "NAME": "Crook County", "P001001.2000": "5887", "CSA": "999", "P001001": "7083", "POP100": "7083", "SUMLEV": "050", "STATE": "56", "CBSA": "99999", "race": [{"name": "White", "value": 6884}, {"name": "Black", "value": 14}, {"name": "American Indian or Alaska", "value": 48}, {"name": "Asian", "value": 11}, {"name": "Native Hawaiian", "value": 0}, {"name": "Other Race", "value": 43}, {"name": "Two or More Races", "value": 83}], "HU100.2000": "2935", "POP100.2000": "5887", "sex_by_age": [{"male": 265.0, "name": "Under 5 years", "female": 235.0}, {"male": 245.0, "name": "5 to 9 years", "female": 210.0}, {"male": 222.0, "name": "10 to 14 years", "female": 212.0}, {"male": 167.0, "name": "15 to 17 years", "female": 133.0}, {"male": 90.0, "name": "18 and 19 years", "female": 60.0}, {"male": 29.0, "name": "20 years", "female": 30.0}, {"male": 28.0, "name": "21 years", "female": 23.0}, {"male": 110.0, "name": "22 to 24 years", "female": 85.0}, {"male": 185.0, "name": "25 to 29 years", "female": 195.0}, {"male": 195.0, "name": "30 to 34 years", "female": 181.0}, {"male": 187.0, "name": "35 to 39 years", "female": 180.0}, {"male": 213.0, "name": "40 to 44 years", "female": 193.0}, {"male": 278.0, "name": "45 to 49 years", "female": 287.0}, {"male": 287.0, "name": "50 to 54 years", "female": 307.0}, {"male": 309.0, "name": "55 to 59 years", "female": 282.0}, {"male": 110.0, "name": "60 to 61 years", "female": 114.0}, {"male": 150.0, "name": "62 to 64 years", "female": 136.0}, {"male": 97.0, "name": "65 and 66 years", "female": 91.0}, {"male": 123.0, "name": "67 to 69 years", "female": 121.0}, {"male": 152.0, "name": "70 to 74 years", "female": 121.0}, {"male": 109.0, "name": "75 to 79 years", "female": 94.0}, {"male": 55.0, "name": "80 to 84 years", "female": 73.0}, {"male": 42.0, "name": "85 years and over", "female": 72.0}], "age_by_sex": [{"name": "Male", "value": 42.5}, {"name": "Female", "value": 44.5}], "GEOID": "56011", "NECTA": ""}, "Uinta County": {"CNECTA": "", "COUNTY": "041", "HU100": "8713", "NAME": "Uinta County", "P001001.2000": "19742", "CSA": "999", "P001001": "21118", "POP100": "21118", "SUMLEV": "050", "STATE": "56", "CBSA": "21740", "race": [{"name": "White", "value": 19514}, {"name": "Black", "value": 55}, {"name": "American Indian or Alaska", "value": 168}, {"name": "Asian", "value": 61}, {"name": "Native Hawaiian", "value": 36}, {"name": "Other Race", "value": 860}, {"name": "Two or More Races", "value": 424}], "HU100.2000": "8011", "POP100.2000": "19742", "sex_by_age": [{"male": 915.0, "name": "Under 5 years", "female": 866.0}, {"male": 906.0, "name": "5 to 9 years", "female": 882.0}, {"male": 895.0, "name": "10 to 14 years", "female": 861.0}, {"male": 538.0, "name": "15 to 17 years", "female": 508.0}, {"male": 291.0, "name": "18 and 19 years", "female": 232.0}, {"male": 112.0, "name": "20 years", "female": 99.0}, {"male": 101.0, "name": "21 years", "female": 106.0}, {"male": 312.0, "name": "22 to 24 years", "female": 354.0}, {"male": 763.0, "name": "25 to 29 years", "female": 725.0}, {"male": 695.0, "name": "30 to 34 years", "female": 711.0}, {"male": 713.0, "name": "35 to 39 years", "female": 691.0}, {"male": 607.0, "name": "40 to 44 years", "female": 602.0}, {"male": 693.0, "name": "45 to 49 years", "female": 740.0}, {"male": 902.0, "name": "50 to 54 years", "female": 860.0}, {"male": 780.0, "name": "55 to 59 years", "female": 745.0}, {"male": 225.0, "name": "60 to 61 years", "female": 229.0}, {"male": 304.0, "name": "62 to 64 years", "female": 281.0}, {"male": 173.0, "name": "65 and 66 years", "female": 145.0}, {"male": 196.0, "name": "67 to 69 years", "female": 185.0}, {"male": 198.0, "name": "70 to 74 years", "female": 225.0}, {"male": 165.0, "name": "75 to 79 years", "female": 166.0}, {"male": 109.0, "name": "80 to 84 years", "female": 120.0}, {"male": 69.0, "name": "85 years and over", "female": 123.0}], "age_by_sex": [{"name": "Male", "value": 33.5}, {"name": "Female", "value": 34.200000000000003}], "GEOID": "56041", "NECTA": ""}, "Teton County": {"CNECTA": "", "COUNTY": "039", "HU100": "12813", "NAME": "Teton County", "P001001.2000": "18251", "CSA": "999", "P001001": "21294", "POP100": "21294", "SUMLEV": "050", "STATE": "56", "CBSA": "27220", "race": [{"name": "White", "value": 18821}, {"name": "Black", "value": 49}, {"name": "American Indian or Alaska", "value": 111}, {"name": "Asian", "value": 235}, {"name": "Native Hawaiian", "value": 15}, {"name": "Other Race", "value": 1715}, {"name": "Two or More Races", "value": 348}], "HU100.2000": "10267", "POP100.2000": "18251", "sex_by_age": [{"male": 660.0, "name": "Under 5 years", "female": 623.0}, {"male": 556.0, "name": "5 to 9 years", "female": 534.0}, {"male": 510.0, "name": "10 to 14 years", "female": 539.0}, {"male": 322.0, "name": "15 to 17 years", "female": 332.0}, {"male": 186.0, "name": "18 and 19 years", "female": 124.0}, {"male": 81.0, "name": "20 years", "female": 64.0}, {"male": 111.0, "name": "21 years", "female": 66.0}, {"male": 563.0, "name": "22 to 24 years", "female": 504.0}, {"male": 1224.0, "name": "25 to 29 years", "female": 1052.0}, {"male": 1058.0, "name": "30 to 34 years", "female": 896.0}, {"male": 1021.0, "name": "35 to 39 years", "female": 724.0}, {"male": 823.0, "name": "40 to 44 years", "female": 728.0}, {"male": 753.0, "name": "45 to 49 years", "female": 762.0}, {"male": 821.0, "name": "50 to 54 years", "female": 778.0}, {"male": 802.0, "name": "55 to 59 years", "female": 734.0}, {"male": 310.0, "name": "60 to 61 years", "female": 253.0}, {"male": 357.0, "name": "62 to 64 years", "female": 325.0}, {"male": 201.0, "name": "65 and 66 years", "female": 190.0}, {"male": 229.0, "name": "67 to 69 years", "female": 234.0}, {"male": 259.0, "name": "70 to 74 years", "female": 238.0}, {"male": 183.0, "name": "75 to 79 years", "female": 179.0}, {"male": 86.0, "name": "80 to 84 years", "female": 118.0}, {"male": 75.0, "name": "85 years and over", "female": 106.0}], "age_by_sex": [{"name": "Male", "value": 36.600000000000001}, {"name": "Female", "value": 37.299999999999997}], "GEOID": "56039", "NECTA": ""}, "Washakie County": {"CNECTA": "", "COUNTY": "043", "HU100": "3833", "NAME": "Washakie County", "P001001.2000": "8289", "CSA": "999", "P001001": "8533", "POP100": "8533", "SUMLEV": "050", "STATE": "56", "CBSA": "99999", "race": [{"name": "White", "value": 7795}, {"name": "Black", "value": 22}, {"name": "American Indian or Alaska", "value": 93}, {"name": "Asian", "value": 48}, {"name": "Native Hawaiian", "value": 1}, {"name": "Other Race", "value": 373}, {"name": "Two or More Races", "value": 201}], "HU100.2000": "3654", "POP100.2000": "8289", "sex_by_age": [{"male": 297.0, "name": "Under 5 years", "female": 303.0}, {"male": 301.0, "name": "5 to 9 years", "female": 312.0}, {"male": 302.0, "name": "10 to 14 years", "female": 281.0}, {"male": 220.0, "name": "15 to 17 years", "female": 156.0}, {"male": 88.0, "name": "18 and 19 years", "female": 87.0}, {"male": 38.0, "name": "20 years", "female": 32.0}, {"male": 29.0, "name": "21 years", "female": 29.0}, {"male": 110.0, "name": "22 to 24 years", "female": 101.0}, {"male": 240.0, "name": "25 to 29 years", "female": 240.0}, {"male": 243.0, "name": "30 to 34 years", "female": 253.0}, {"male": 227.0, "name": "35 to 39 years", "female": 205.0}, {"male": 247.0, "name": "40 to 44 years", "female": 242.0}, {"male": 280.0, "name": "45 to 49 years", "female": 316.0}, {"male": 318.0, "name": "50 to 54 years", "female": 340.0}, {"male": 319.0, "name": "55 to 59 years", "female": 313.0}, {"male": 114.0, "name": "60 to 61 years", "female": 113.0}, {"male": 160.0, "name": "62 to 64 years", "female": 169.0}, {"male": 108.0, "name": "65 and 66 years", "female": 108.0}, {"male": 134.0, "name": "67 to 69 years", "female": 115.0}, {"male": 175.0, "name": "70 to 74 years", "female": 176.0}, {"male": 122.0, "name": "75 to 79 years", "female": 161.0}, {"male": 113.0, "name": "80 to 84 years", "female": 109.0}, {"male": 70.0, "name": "85 years and over", "female": 117.0}], "age_by_sex": [{"name": "Male", "value": 40.600000000000001}, {"name": "Female", "value": 43.100000000000001}], "GEOID": "56043", "NECTA": ""}, "Fremont County": {"CNECTA": "", "COUNTY": "013", "HU100": "17796", "NAME": "Fremont County", "P001001.2000": "35804", "CSA": "999", "P001001": "40123", "POP100": "40123", "SUMLEV": "050", "STATE": "56", "CBSA": "40180", "race": [{"name": "White", "value": 29813}, {"name": "Black", "value": 101}, {"name": "American Indian or Alaska", "value": 8498}, {"name": "Asian", "value": 157}, {"name": "Native Hawaiian", "value": 10}, {"name": "Other Race", "value": 412}, {"name": "Two or More Races", "value": 1132}], "HU100.2000": "15541", "POP100.2000": "35804", "sex_by_age": [{"male": 1591.0, "name": "Under 5 years", "female": 1554.0}, {"male": 1441.0, "name": "5 to 9 years", "female": 1404.0}, {"male": 1375.0, "name": "10 to 14 years", "female": 1242.0}, {"male": 821.0, "name": "15 to 17 years", "female": 784.0}, {"male": 550.0, "name": "18 and 19 years", "female": 525.0}, {"male": 276.0, "name": "20 years", "female": 246.0}, {"male": 261.0, "name": "21 years", "female": 250.0}, {"male": 728.0, "name": "22 to 24 years", "female": 682.0}, {"male": 1264.0, "name": "25 to 29 years", "female": 1317.0}, {"male": 1167.0, "name": "30 to 34 years", "female": 1091.0}, {"male": 1119.0, "name": "35 to 39 years", "female": 1056.0}, {"male": 1184.0, "name": "40 to 44 years", "female": 1141.0}, {"male": 1306.0, "name": "45 to 49 years", "female": 1391.0}, {"male": 1514.0, "name": "50 to 54 years", "female": 1542.0}, {"male": 1492.0, "name": "55 to 59 years", "female": 1543.0}, {"male": 535.0, "name": "60 to 61 years", "female": 501.0}, {"male": 710.0, "name": "62 to 64 years", "female": 715.0}, {"male": 423.0, "name": "65 and 66 years", "female": 381.0}, {"male": 500.0, "name": "67 to 69 years", "female": 544.0}, {"male": 671.0, "name": "70 to 74 years", "female": 734.0}, {"male": 478.0, "name": "75 to 79 years", "female": 603.0}, {"male": 374.0, "name": "80 to 84 years", "female": 434.0}, {"male": 250.0, "name": "85 years and over", "female": 413.0}], "age_by_sex": [{"name": "Male", "value": 37.5}, {"name": "Female", "value": 39.5}], "GEOID": "56013", "NECTA": ""}, "Platte County": {"CNECTA": "", "COUNTY": "031", "HU100": "4667", "NAME": "Platte County", "P001001.2000": "8807", "CSA": "999", "P001001": "8667", "POP100": "8667", "SUMLEV": "050", "STATE": "56", "CBSA": "99999", "race": [{"name": "White", "value": 8268}, {"name": "Black", "value": 28}, {"name": "American Indian or Alaska", "value": 38}, {"name": "Asian", "value": 32}, {"name": "Native Hawaiian", "value": 5}, {"name": "Other Race", "value": 170}, {"name": "Two or More Races", "value": 126}], "HU100.2000": "4528", "POP100.2000": "8807", "sex_by_age": [{"male": 200.0, "name": "Under 5 years", "female": 227.0}, {"male": 228.0, "name": "5 to 9 years", "female": 242.0}, {"male": 250.0, "name": "10 to 14 years", "female": 253.0}, {"male": 177.0, "name": "15 to 17 years", "female": 188.0}, {"male": 95.0, "name": "18 and 19 years", "female": 76.0}, {"male": 37.0, "name": "20 years", "female": 32.0}, {"male": 46.0, "name": "21 years", "female": 36.0}, {"male": 123.0, "name": "22 to 24 years", "female": 90.0}, {"male": 202.0, "name": "25 to 29 years", "female": 196.0}, {"male": 206.0, "name": "30 to 34 years", "female": 182.0}, {"male": 206.0, "name": "35 to 39 years", "female": 236.0}, {"male": 245.0, "name": "40 to 44 years", "female": 256.0}, {"male": 310.0, "name": "45 to 49 years", "female": 334.0}, {"male": 364.0, "name": "50 to 54 years", "female": 376.0}, {"male": 380.0, "name": "55 to 59 years", "female": 383.0}, {"male": 162.0, "name": "60 to 61 years", "female": 121.0}, {"male": 211.0, "name": "62 to 64 years", "female": 200.0}, {"male": 129.0, "name": "65 and 66 years", "female": 128.0}, {"male": 178.0, "name": "67 to 69 years", "female": 162.0}, {"male": 200.0, "name": "70 to 74 years", "female": 230.0}, {"male": 173.0, "name": "75 to 79 years", "female": 163.0}, {"male": 112.0, "name": "80 to 84 years", "female": 111.0}, {"male": 69.0, "name": "85 years and over", "female": 142.0}], "age_by_sex": [{"name": "Male", "value": 47.200000000000003}, {"name": "Female", "value": 47.799999999999997}], "GEOID": "56031", "NECTA": ""}}