{"Polk County": {"CNECTA": "", "COUNTY": "053", "HU100": "30302", "NAME": "Polk County", "P001001.2000": "62380", "CSA": "999", "P001001": "75403", "POP100": "75403", "SUMLEV": "050", "STATE": "41", "CBSA": "41420", "race": [{"name": "White", "value": 64808}, {"name": "Black", "value": 424}, {"name": "American Indian or Alaska", "value": 1616}, {"name": "Asian", "value": 1435}, {"name": "Native Hawaiian", "value": 210}, {"name": "Other Race", "value": 4041}, {"name": "Two or More Races", "value": 2869}], "HU100.2000": "24461", "POP100.2000": "62380", "sex_by_age": [{"male": 2480.0, "name": "Under 5 years", "female": 2407.0}, {"male": 2540.0, "name": "5 to 9 years", "female": 2367.0}, {"male": 2706.0, "name": "10 to 14 years", "female": 2616.0}, {"male": 1649.0, "name": "15 to 17 years", "female": 1568.0}, {"male": 1353.0, "name": "18 and 19 years", "female": 1530.0}, {"male": 639.0, "name": "20 years", "female": 752.0}, {"male": 657.0, "name": "21 years", "female": 668.0}, {"male": 1644.0, "name": "22 to 24 years", "female": 1607.0}, {"male": 2257.0, "name": "25 to 29 years", "female": 2288.0}, {"male": 2039.0, "name": "30 to 34 years", "female": 2211.0}, {"male": 2100.0, "name": "35 to 39 years", "female": 2151.0}, {"male": 2221.0, "name": "40 to 44 years", "female": 2251.0}, {"male": 2353.0, "name": "45 to 49 years", "female": 2377.0}, {"male": 2379.0, "name": "50 to 54 years", "female": 2668.0}, {"male": 2434.0, "name": "55 to 59 years", "female": 2775.0}, {"male": 960.0, "name": "60 to 61 years", "female": 966.0}, {"male": 1267.0, "name": "62 to 64 years", "female": 1371.0}, {"male": 722.0, "name": "65 and 66 years", "female": 759.0}, {"male": 922.0, "name": "67 to 69 years", "female": 1019.0}, {"male": 1173.0, "name": "70 to 74 years", "female": 1284.0}, {"male": 919.0, "name": "75 to 79 years", "female": 1136.0}, {"male": 677.0, "name": "80 to 84 years", "female": 903.0}, {"male": 598.0, "name": "85 years and over", "female": 1040.0}], "age_by_sex": [{"name": "Male", "value": 35.899999999999999}, {"name": "Female", "value": 38.200000000000003}], "GEOID": "41053", "NECTA": ""}, "Yamhill County": {"CNECTA": "", "COUNTY": "071", "HU100": "37110", "NAME": "Yamhill County", "P001001.2000": "84992", "CSA": "999", "P001001": "99193", "POP100": "99193", "SUMLEV": "050", "STATE": "41", "CBSA": "38900", "race": [{"name": "White", "value": 84758}, {"name": "Black", "value": 872}, {"name": "American Indian or Alaska", "value": 1520}, {"name": "Asian", "value": 1474}, {"name": "Native Hawaiian", "value": 172}, {"name": "Other Race", "value": 7137}, {"name": "Two or More Races", "value": 3260}], "HU100.2000": "30270", "POP100.2000": "84992", "sex_by_age": [{"male": 3338.0, "name": "Under 5 years", "female": 3111.0}, {"male": 3525.0, "name": "5 to 9 years", "female": 3283.0}, {"male": 3623.0, "name": "10 to 14 years", "female": 3526.0}, {"male": 2284.0, "name": "15 to 17 years", "female": 2139.0}, {"male": 1714.0, "name": "18 and 19 years", "female": 1710.0}, {"male": 822.0, "name": "20 years", "female": 885.0}, {"male": 755.0, "name": "21 years", "female": 771.0}, {"male": 1898.0, "name": "22 to 24 years", "female": 1741.0}, {"male": 3168.0, "name": "25 to 29 years", "female": 2832.0}, {"male": 3212.0, "name": "30 to 34 years", "female": 3015.0}, {"male": 3311.0, "name": "35 to 39 years", "female": 2983.0}, {"male": 3369.0, "name": "40 to 44 years", "female": 3126.0}, {"male": 3475.0, "name": "45 to 49 years", "female": 3316.0}, {"male": 3467.0, "name": "50 to 54 years", "female": 3552.0}, {"male": 3169.0, "name": "55 to 59 years", "female": 3311.0}, {"male": 1097.0, "name": "60 to 61 years", "female": 1207.0}, {"male": 1604.0, "name": "62 to 64 years", "female": 1588.0}, {"male": 877.0, "name": "65 and 66 years", "female": 914.0}, {"male": 1162.0, "name": "67 to 69 years", "female": 1215.0}, {"male": 1330.0, "name": "70 to 74 years", "female": 1459.0}, {"male": 1042.0, "name": "75 to 79 years", "female": 1243.0}, {"male": 813.0, "name": "80 to 84 years", "female": 1121.0}, {"male": 732.0, "name": "85 years and over", "female": 1358.0}], "age_by_sex": [{"name": "Male", "value": 35.799999999999997}, {"name": "Female", "value": 37.899999999999999}], "GEOID": "41071", "NECTA": ""}, "Jefferson County": {"CNECTA": "", "COUNTY": "031", "HU100": "9815", "NAME": "Jefferson County", "P001001.2000": "19009", "CSA": "999", "P001001": "21720", "POP100": "21720", "SUMLEV": "050", "STATE": "41", "CBSA": "99999", "race": [{"name": "White", "value": 14996}, {"name": "Black", "value": 138}, {"name": "American Indian or Alaska", "value": 3667}, {"name": "Asian", "value": 93}, {"name": "Native Hawaiian", "value": 25}, {"name": "Other Race", "value": 1977}, {"name": "Two or More Races", "value": 824}], "HU100.2000": "8319", "POP100.2000": "19009", "sex_by_age": [{"male": 818.0, "name": "Under 5 years", "female": 733.0}, {"male": 733.0, "name": "5 to 9 years", "female": 709.0}, {"male": 784.0, "name": "10 to 14 years", "female": 756.0}, {"male": 494.0, "name": "15 to 17 years", "female": 463.0}, {"male": 301.0, "name": "18 and 19 years", "female": 277.0}, {"male": 137.0, "name": "20 years", "female": 120.0}, {"male": 117.0, "name": "21 years", "female": 115.0}, {"male": 402.0, "name": "22 to 24 years", "female": 330.0}, {"male": 654.0, "name": "25 to 29 years", "female": 569.0}, {"male": 634.0, "name": "30 to 34 years", "female": 542.0}, {"male": 687.0, "name": "35 to 39 years", "female": 600.0}, {"male": 752.0, "name": "40 to 44 years", "female": 662.0}, {"male": 825.0, "name": "45 to 49 years", "female": 748.0}, {"male": 753.0, "name": "50 to 54 years", "female": 722.0}, {"male": 766.0, "name": "55 to 59 years", "female": 719.0}, {"male": 299.0, "name": "60 to 61 years", "female": 298.0}, {"male": 432.0, "name": "62 to 64 years", "female": 438.0}, {"male": 253.0, "name": "65 and 66 years", "female": 226.0}, {"male": 332.0, "name": "67 to 69 years", "female": 369.0}, {"male": 493.0, "name": "70 to 74 years", "female": 413.0}, {"male": 303.0, "name": "75 to 79 years", "female": 272.0}, {"male": 183.0, "name": "80 to 84 years", "female": 210.0}, {"male": 104.0, "name": "85 years and over", "female": 173.0}], "age_by_sex": [{"name": "Male", "value": 39.100000000000001}, {"name": "Female", "value": 40.100000000000001}], "GEOID": "41031", "NECTA": ""}, "Josephine County": {"CNECTA": "", "COUNTY": "033", "HU100": "38001", "NAME": "Josephine County", "P001001.2000": "75726", "CSA": "999", "P001001": "82713", "POP100": "82713", "SUMLEV": "050", "STATE": "41", "CBSA": "24420", "race": [{"name": "White", "value": 76449}, {"name": "Black", "value": 347}, {"name": "American Indian or Alaska", "value": 1133}, {"name": "Asian", "value": 681}, {"name": "Native Hawaiian", "value": 145}, {"name": "Other Race", "value": 1282}, {"name": "Two or More Races", "value": 2676}], "HU100.2000": "33239", "POP100.2000": "75726", "sex_by_age": [{"male": 2130.0, "name": "Under 5 years", "female": 2068.0}, {"male": 2255.0, "name": "5 to 9 years", "female": 2173.0}, {"male": 2514.0, "name": "10 to 14 years", "female": 2472.0}, {"male": 1741.0, "name": "15 to 17 years", "female": 1530.0}, {"male": 1018.0, "name": "18 and 19 years", "female": 850.0}, {"male": 417.0, "name": "20 years", "female": 390.0}, {"male": 379.0, "name": "21 years", "female": 397.0}, {"male": 1161.0, "name": "22 to 24 years", "female": 1149.0}, {"male": 1974.0, "name": "25 to 29 years", "female": 1890.0}, {"male": 1989.0, "name": "30 to 34 years", "female": 1999.0}, {"male": 2003.0, "name": "35 to 39 years", "female": 2034.0}, {"male": 2174.0, "name": "40 to 44 years", "female": 2282.0}, {"male": 2647.0, "name": "45 to 49 years", "female": 2859.0}, {"male": 3015.0, "name": "50 to 54 years", "female": 3318.0}, {"male": 3097.0, "name": "55 to 59 years", "female": 3495.0}, {"male": 1381.0, "name": "60 to 61 years", "female": 1463.0}, {"male": 1910.0, "name": "62 to 64 years", "female": 2101.0}, {"male": 1122.0, "name": "65 and 66 years", "female": 1274.0}, {"male": 1563.0, "name": "67 to 69 years", "female": 1649.0}, {"male": 2088.0, "name": "70 to 74 years", "female": 2199.0}, {"male": 1558.0, "name": "75 to 79 years", "female": 1762.0}, {"male": 1134.0, "name": "80 to 84 years", "female": 1425.0}, {"male": 970.0, "name": "85 years and over", "female": 1694.0}], "age_by_sex": [{"name": "Male", "value": 45.700000000000003}, {"name": "Female", "value": 48.600000000000001}], "GEOID": "41033", "NECTA": ""}, "Hood River County": {"CNECTA": "", "COUNTY": "027", "HU100": "9271", "NAME": "Hood River County", "P001001.2000": "20411", "CSA": "999", "P001001": "22346", "POP100": "22346", "SUMLEV": "050", "STATE": "41", "CBSA": "26220", "race": [{"name": "White", "value": 18568}, {"name": "Black", "value": 101}, {"name": "American Indian or Alaska", "value": 181}, {"name": "Asian", "value": 314}, {"name": "Native Hawaiian", "value": 37}, {"name": "Other Race", "value": 2439}, {"name": "Two or More Races", "value": 706}], "HU100.2000": "7818", "POP100.2000": "20411", "sex_by_age": [{"male": 745.0, "name": "Under 5 years", "female": 742.0}, {"male": 854.0, "name": "5 to 9 years", "female": 777.0}, {"male": 864.0, "name": "10 to 14 years", "female": 824.0}, {"male": 491.0, "name": "15 to 17 years", "female": 510.0}, {"male": 295.0, "name": "18 and 19 years", "female": 259.0}, {"male": 114.0, "name": "20 years", "female": 103.0}, {"male": 119.0, "name": "21 years", "female": 110.0}, {"male": 397.0, "name": "22 to 24 years", "female": 317.0}, {"male": 688.0, "name": "25 to 29 years", "female": 653.0}, {"male": 720.0, "name": "30 to 34 years", "female": 711.0}, {"male": 753.0, "name": "35 to 39 years", "female": 729.0}, {"male": 790.0, "name": "40 to 44 years", "female": 840.0}, {"male": 874.0, "name": "45 to 49 years", "female": 831.0}, {"male": 864.0, "name": "50 to 54 years", "female": 865.0}, {"male": 807.0, "name": "55 to 59 years", "female": 770.0}, {"male": 268.0, "name": "60 to 61 years", "female": 217.0}, {"male": 319.0, "name": "62 to 64 years", "female": 319.0}, {"male": 175.0, "name": "65 and 66 years", "female": 180.0}, {"male": 228.0, "name": "67 to 69 years", "female": 240.0}, {"male": 263.0, "name": "70 to 74 years", "female": 297.0}, {"male": 241.0, "name": "75 to 79 years", "female": 286.0}, {"male": 161.0, "name": "80 to 84 years", "female": 254.0}, {"male": 143.0, "name": "85 years and over", "female": 339.0}], "age_by_sex": [{"name": "Male", "value": 37.0}, {"name": "Female", "value": 39.0}], "GEOID": "41027", "NECTA": ""}, "Klamath County": {"CNECTA": "", "COUNTY": "035", "HU100": "32774", "NAME": "Klamath County", "P001001.2000": "63775", "CSA": "999", "P001001": "66380", "POP100": "66380", "SUMLEV": "050", "STATE": "41", "CBSA": "28900", "race": [{"name": "White", "value": 57019}, {"name": "Black", "value": 432}, {"name": "American Indian or Alaska", "value": 2734}, {"name": "Asian", "value": 621}, {"name": "Native Hawaiian", "value": 75}, {"name": "Other Race", "value": 2751}, {"name": "Two or More Races", "value": 2748}], "HU100.2000": "28883", "POP100.2000": "63775", "sex_by_age": [{"male": 2015.0, "name": "Under 5 years", "female": 1985.0}, {"male": 2079.0, "name": "5 to 9 years", "female": 1885.0}, {"male": 2117.0, "name": "10 to 14 years", "female": 2062.0}, {"male": 1371.0, "name": "15 to 17 years", "female": 1289.0}, {"male": 1005.0, "name": "18 and 19 years", "female": 940.0}, {"male": 489.0, "name": "20 years", "female": 452.0}, {"male": 454.0, "name": "21 years", "female": 406.0}, {"male": 1250.0, "name": "22 to 24 years", "female": 1220.0}, {"male": 1824.0, "name": "25 to 29 years", "female": 1783.0}, {"male": 1751.0, "name": "30 to 34 years", "female": 1716.0}, {"male": 1882.0, "name": "35 to 39 years", "female": 1856.0}, {"male": 1935.0, "name": "40 to 44 years", "female": 1949.0}, {"male": 2219.0, "name": "45 to 49 years", "female": 2287.0}, {"male": 2349.0, "name": "50 to 54 years", "female": 2469.0}, {"male": 2532.0, "name": "55 to 59 years", "female": 2680.0}, {"male": 998.0, "name": "60 to 61 years", "female": 1022.0}, {"male": 1403.0, "name": "62 to 64 years", "female": 1355.0}, {"male": 803.0, "name": "65 and 66 years", "female": 738.0}, {"male": 1067.0, "name": "67 to 69 years", "female": 1077.0}, {"male": 1341.0, "name": "70 to 74 years", "female": 1394.0}, {"male": 1029.0, "name": "75 to 79 years", "female": 1129.0}, {"male": 662.0, "name": "80 to 84 years", "female": 814.0}, {"male": 476.0, "name": "85 years and over", "female": 821.0}], "age_by_sex": [{"name": "Male", "value": 40.700000000000003}, {"name": "Female", "value": 42.700000000000003}], "GEOID": "41035", "NECTA": ""}, "Baker County": {"CNECTA": "", "COUNTY": "001", "HU100": "8826", "NAME": "Baker County", "P001001.2000": "16741", "CSA": "999", "P001001": "16134", "POP100": "16134", "SUMLEV": "050", "STATE": "41", "CBSA": "99999", "race": [{"name": "White", "value": 15264}, {"name": "Black", "value": 57}, {"name": "American Indian or Alaska", "value": 181}, {"name": "Asian", "value": 78}, {"name": "Native Hawaiian", "value": 9}, {"name": "Other Race", "value": 164}, {"name": "Two or More Races", "value": 381}], "HU100.2000": "8402", "POP100.2000": "16741", "sex_by_age": [{"male": 414.0, "name": "Under 5 years", "female": 438.0}, {"male": 440.0, "name": "5 to 9 years", "female": 408.0}, {"male": 468.0, "name": "10 to 14 years", "female": 442.0}, {"male": 363.0, "name": "15 to 17 years", "female": 307.0}, {"male": 171.0, "name": "18 and 19 years", "female": 138.0}, {"male": 78.0, "name": "20 years", "female": 63.0}, {"male": 72.0, "name": "21 years", "female": 70.0}, {"male": 214.0, "name": "22 to 24 years", "female": 188.0}, {"male": 422.0, "name": "25 to 29 years", "female": 373.0}, {"male": 399.0, "name": "30 to 34 years", "female": 335.0}, {"male": 412.0, "name": "35 to 39 years", "female": 354.0}, {"male": 458.0, "name": "40 to 44 years", "female": 444.0}, {"male": 568.0, "name": "45 to 49 years", "female": 555.0}, {"male": 619.0, "name": "50 to 54 years", "female": 676.0}, {"male": 692.0, "name": "55 to 59 years", "female": 696.0}, {"male": 276.0, "name": "60 to 61 years", "female": 281.0}, {"male": 378.0, "name": "62 to 64 years", "female": 380.0}, {"male": 219.0, "name": "65 and 66 years", "female": 232.0}, {"male": 338.0, "name": "67 to 69 years", "female": 328.0}, {"male": 443.0, "name": "70 to 74 years", "female": 447.0}, {"male": 312.0, "name": "75 to 79 years", "female": 311.0}, {"male": 223.0, "name": "80 to 84 years", "female": 248.0}, {"male": 161.0, "name": "85 years and over", "female": 280.0}], "age_by_sex": [{"name": "Male", "value": 46.600000000000001}, {"name": "Female", "value": 49.100000000000001}], "GEOID": "41001", "NECTA": ""}, "Marion County": {"CNECTA": "", "COUNTY": "047", "HU100": "120948", "NAME": "Marion County", "P001001.2000": "284834", "CSA": "999", "P001001": "315335", "POP100": "315335", "SUMLEV": "050", "STATE": "41", "CBSA": "41420", "race": [{"name": "White", "value": 246656}, {"name": "Black", "value": 3371}, {"name": "American Indian or Alaska", "value": 4959}, {"name": "Asian", "value": 5995}, {"name": "Native Hawaiian", "value": 2329}, {"name": "Other Race", "value": 39819}, {"name": "Two or More Races", "value": 12206}], "HU100.2000": "108174", "POP100.2000": "284834", "sex_by_age": [{"male": 12176.0, "name": "Under 5 years", "female": 11404.0}, {"male": 11697.0, "name": "5 to 9 years", "female": 11254.0}, {"male": 11728.0, "name": "10 to 14 years", "female": 11137.0}, {"male": 7215.0, "name": "15 to 17 years", "female": 6770.0}, {"male": 4864.0, "name": "18 and 19 years", "female": 4622.0}, {"male": 2332.0, "name": "20 years", "female": 2152.0}, {"male": 2226.0, "name": "21 years", "female": 2059.0}, {"male": 6512.0, "name": "22 to 24 years", "female": 6069.0}, {"male": 11247.0, "name": "25 to 29 years", "female": 10535.0}, {"male": 11019.0, "name": "30 to 34 years", "female": 10193.0}, {"male": 10257.0, "name": "35 to 39 years", "female": 9747.0}, {"male": 10033.0, "name": "40 to 44 years", "female": 9466.0}, {"male": 10315.0, "name": "45 to 49 years", "female": 10021.0}, {"male": 10236.0, "name": "50 to 54 years", "female": 10579.0}, {"male": 9563.0, "name": "55 to 59 years", "female": 10303.0}, {"male": 3497.0, "name": "60 to 61 years", "female": 3790.0}, {"male": 4715.0, "name": "62 to 64 years", "female": 5053.0}, {"male": 2491.0, "name": "65 and 66 years", "female": 2791.0}, {"male": 3245.0, "name": "67 to 69 years", "female": 3792.0}, {"male": 4203.0, "name": "70 to 74 years", "female": 4858.0}, {"male": 3082.0, "name": "75 to 79 years", "female": 3984.0}, {"male": 2373.0, "name": "80 to 84 years", "female": 3510.0}, {"male": 2091.0, "name": "85 years and over", "female": 4129.0}], "age_by_sex": [{"name": "Male", "value": 33.799999999999997}, {"name": "Female", "value": 36.5}], "GEOID": "41047", "NECTA": ""}, "Linn County": {"CNECTA": "", "COUNTY": "043", "HU100": "48821", "NAME": "Linn County", "P001001.2000": "103069", "CSA": "102", "P001001": "116672", "POP100": "116672", "SUMLEV": "050", "STATE": "41", "CBSA": "10540", "race": [{"name": "White", "value": 105669}, {"name": "Black", "value": 534}, {"name": "American Indian or Alaska", "value": 1488}, {"name": "Asian", "value": 1111}, {"name": "Native Hawaiian", "value": 162}, {"name": "Other Race", "value": 3888}, {"name": "Two or More Races", "value": 3820}], "HU100.2000": "42521", "POP100.2000": "103069", "sex_by_age": [{"male": 4003.0, "name": "Under 5 years", "female": 3677.0}, {"male": 3966.0, "name": "5 to 9 years", "female": 3705.0}, {"male": 4074.0, "name": "10 to 14 years", "female": 4004.0}, {"male": 2395.0, "name": "15 to 17 years", "female": 2349.0}, {"male": 1565.0, "name": "18 and 19 years", "female": 1503.0}, {"male": 725.0, "name": "20 years", "female": 681.0}, {"male": 673.0, "name": "21 years", "female": 667.0}, {"male": 1976.0, "name": "22 to 24 years", "female": 2101.0}, {"male": 3658.0, "name": "25 to 29 years", "female": 3634.0}, {"male": 3498.0, "name": "30 to 34 years", "female": 3551.0}, {"male": 3577.0, "name": "35 to 39 years", "female": 3557.0}, {"male": 3559.0, "name": "40 to 44 years", "female": 3455.0}, {"male": 3927.0, "name": "45 to 49 years", "female": 4056.0}, {"male": 4095.0, "name": "50 to 54 years", "female": 4269.0}, {"male": 4191.0, "name": "55 to 59 years", "female": 4232.0}, {"male": 1492.0, "name": "60 to 61 years", "female": 1591.0}, {"male": 2094.0, "name": "62 to 64 years", "female": 2181.0}, {"male": 1210.0, "name": "65 and 66 years", "female": 1242.0}, {"male": 1574.0, "name": "67 to 69 years", "female": 1726.0}, {"male": 1967.0, "name": "70 to 74 years", "female": 2229.0}, {"male": 1382.0, "name": "75 to 79 years", "female": 1717.0}, {"male": 1104.0, "name": "80 to 84 years", "female": 1380.0}, {"male": 873.0, "name": "85 years and over", "female": 1587.0}], "age_by_sex": [{"name": "Male", "value": 38.200000000000003}, {"name": "Female", "value": 40.200000000000003}], "GEOID": "41043", "NECTA": ""}, "Umatilla County": {"CNECTA": "", "COUNTY": "059", "HU100": "29693", "NAME": "Umatilla County", "P001001.2000": "70548", "CSA": "999", "P001001": "75889", "POP100": "75889", "SUMLEV": "050", "STATE": "41", "CBSA": "37820", "race": [{"name": "White", "value": 59995}, {"name": "Black", "value": 638}, {"name": "American Indian or Alaska", "value": 2662}, {"name": "Asian", "value": 664}, {"name": "Native Hawaiian", "value": 101}, {"name": "Other Race", "value": 9485}, {"name": "Two or More Races", "value": 2344}], "HU100.2000": "27676", "POP100.2000": "70548", "sex_by_age": [{"male": 2916.0, "name": "Under 5 years", "female": 2729.0}, {"male": 2799.0, "name": "5 to 9 years", "female": 2800.0}, {"male": 2853.0, "name": "10 to 14 years", "female": 2701.0}, {"male": 1793.0, "name": "15 to 17 years", "female": 1609.0}, {"male": 1157.0, "name": "18 and 19 years", "female": 1041.0}, {"male": 568.0, "name": "20 years", "female": 476.0}, {"male": 569.0, "name": "21 years", "female": 409.0}, {"male": 1584.0, "name": "22 to 24 years", "female": 1246.0}, {"male": 2919.0, "name": "25 to 29 years", "female": 2268.0}, {"male": 2689.0, "name": "30 to 34 years", "female": 2148.0}, {"male": 2577.0, "name": "35 to 39 years", "female": 2259.0}, {"male": 2584.0, "name": "40 to 44 years", "female": 2214.0}, {"male": 2702.0, "name": "45 to 49 years", "female": 2338.0}, {"male": 2630.0, "name": "50 to 54 years", "female": 2478.0}, {"male": 2626.0, "name": "55 to 59 years", "female": 2431.0}, {"male": 863.0, "name": "60 to 61 years", "female": 827.0}, {"male": 1220.0, "name": "62 to 64 years", "female": 1209.0}, {"male": 651.0, "name": "65 and 66 years", "female": 667.0}, {"male": 845.0, "name": "67 to 69 years", "female": 843.0}, {"male": 1138.0, "name": "70 to 74 years", "female": 1102.0}, {"male": 764.0, "name": "75 to 79 years", "female": 914.0}, {"male": 593.0, "name": "80 to 84 years", "female": 815.0}, {"male": 488.0, "name": "85 years and over", "female": 837.0}], "age_by_sex": [{"name": "Male", "value": 34.799999999999997}, {"name": "Female", "value": 36.700000000000003}], "GEOID": "41059", "NECTA": ""}, "Lincoln County": {"CNECTA": "", "COUNTY": "041", "HU100": "30610", "NAME": "Lincoln County", "P001001.2000": "44479", "CSA": "999", "P001001": "46034", "POP100": "46034", "SUMLEV": "050", "STATE": "41", "CBSA": "99999", "race": [{"name": "White", "value": 40393}, {"name": "Black", "value": 193}, {"name": "American Indian or Alaska", "value": 1590}, {"name": "Asian", "value": 492}, {"name": "Native Hawaiian", "value": 59}, {"name": "Other Race", "value": 1586}, {"name": "Two or More Races", "value": 1721}], "HU100.2000": "26889", "POP100.2000": "44479", "sex_by_age": [{"male": 1155.0, "name": "Under 5 years", "female": 1092.0}, {"male": 1087.0, "name": "5 to 9 years", "female": 1019.0}, {"male": 1107.0, "name": "10 to 14 years", "female": 1055.0}, {"male": 788.0, "name": "15 to 17 years", "female": 650.0}, {"male": 528.0, "name": "18 and 19 years", "female": 429.0}, {"male": 252.0, "name": "20 years", "female": 210.0}, {"male": 246.0, "name": "21 years", "female": 196.0}, {"male": 636.0, "name": "22 to 24 years", "female": 580.0}, {"male": 1172.0, "name": "25 to 29 years", "female": 1155.0}, {"male": 1158.0, "name": "30 to 34 years", "female": 1129.0}, {"male": 1138.0, "name": "35 to 39 years", "female": 1038.0}, {"male": 1140.0, "name": "40 to 44 years", "female": 1247.0}, {"male": 1464.0, "name": "45 to 49 years", "female": 1600.0}, {"male": 1811.0, "name": "50 to 54 years", "female": 2074.0}, {"male": 2092.0, "name": "55 to 59 years", "female": 2441.0}, {"male": 839.0, "name": "60 to 61 years", "female": 968.0}, {"male": 1229.0, "name": "62 to 64 years", "female": 1337.0}, {"male": 649.0, "name": "65 and 66 years", "female": 736.0}, {"male": 934.0, "name": "67 to 69 years", "female": 1036.0}, {"male": 1197.0, "name": "70 to 74 years", "female": 1261.0}, {"male": 809.0, "name": "75 to 79 years", "female": 972.0}, {"male": 579.0, "name": "80 to 84 years", "female": 682.0}, {"male": 392.0, "name": "85 years and over", "female": 725.0}], "age_by_sex": [{"name": "Male", "value": 47.899999999999999}, {"name": "Female", "value": 51.100000000000001}], "GEOID": "41041", "NECTA": ""}, "Jackson County": {"CNECTA": "", "COUNTY": "029", "HU100": "90937", "NAME": "Jackson County", "P001001.2000": "181269", "CSA": "999", "P001001": "203206", "POP100": "203206", "SUMLEV": "050", "STATE": "41", "CBSA": "32780", "race": [{"name": "White", "value": 180172}, {"name": "Black", "value": 1372}, {"name": "American Indian or Alaska", "value": 2386}, {"name": "Asian", "value": 2364}, {"name": "Native Hawaiian", "value": 595}, {"name": "Other Race", "value": 9200}, {"name": "Two or More Races", "value": 7117}], "HU100.2000": "75737", "POP100.2000": "181269", "sex_by_age": [{"male": 6120.0, "name": "Under 5 years", "female": 5852.0}, {"male": 5974.0, "name": "5 to 9 years", "female": 5801.0}, {"male": 6393.0, "name": "10 to 14 years", "female": 6189.0}, {"male": 4006.0, "name": "15 to 17 years", "female": 3977.0}, {"male": 2622.0, "name": "18 and 19 years", "female": 2644.0}, {"male": 1283.0, "name": "20 years", "female": 1336.0}, {"male": 1215.0, "name": "21 years", "female": 1198.0}, {"male": 3522.0, "name": "22 to 24 years", "female": 3622.0}, {"male": 6056.0, "name": "25 to 29 years", "female": 5852.0}, {"male": 5678.0, "name": "30 to 34 years", "female": 5884.0}, {"male": 5621.0, "name": "35 to 39 years", "female": 5598.0}, {"male": 5911.0, "name": "40 to 44 years", "female": 5966.0}, {"male": 6685.0, "name": "45 to 49 years", "female": 6997.0}, {"male": 7231.0, "name": "50 to 54 years", "female": 7909.0}, {"male": 7561.0, "name": "55 to 59 years", "female": 8176.0}, {"male": 3021.0, "name": "60 to 61 years", "female": 3148.0}, {"male": 3980.0, "name": "62 to 64 years", "female": 4344.0}, {"male": 2291.0, "name": "65 and 66 years", "female": 2419.0}, {"male": 2987.0, "name": "67 to 69 years", "female": 3250.0}, {"male": 3820.0, "name": "70 to 74 years", "female": 4080.0}, {"male": 2893.0, "name": "75 to 79 years", "female": 3458.0}, {"male": 2185.0, "name": "80 to 84 years", "female": 3030.0}, {"male": 1947.0, "name": "85 years and over", "female": 3474.0}], "age_by_sex": [{"name": "Male", "value": 40.799999999999997}, {"name": "Female", "value": 43.5}], "GEOID": "41029", "NECTA": ""}, "Curry County": {"CNECTA": "", "COUNTY": "015", "HU100": "12613", "NAME": "Curry County", "P001001.2000": "21137", "CSA": "999", "P001001": "22364", "POP100": "22364", "SUMLEV": "050", "STATE": "41", "CBSA": "15060", "race": [{"name": "White", "value": 20574}, {"name": "Black", "value": 67}, {"name": "American Indian or Alaska", "value": 426}, {"name": "Asian", "value": 160}, {"name": "Native Hawaiian", "value": 21}, {"name": "Other Race", "value": 294}, {"name": "Two or More Races", "value": 822}], "HU100.2000": "11406", "POP100.2000": "21137", "sex_by_age": [{"male": 454.0, "name": "Under 5 years", "female": 397.0}, {"male": 459.0, "name": "5 to 9 years", "female": 434.0}, {"male": 556.0, "name": "10 to 14 years", "female": 490.0}, {"male": 391.0, "name": "15 to 17 years", "female": 330.0}, {"male": 199.0, "name": "18 and 19 years", "female": 190.0}, {"male": 95.0, "name": "20 years", "female": 76.0}, {"male": 93.0, "name": "21 years", "female": 61.0}, {"male": 238.0, "name": "22 to 24 years", "female": 257.0}, {"male": 466.0, "name": "25 to 29 years", "female": 431.0}, {"male": 387.0, "name": "30 to 34 years", "female": 408.0}, {"male": 452.0, "name": "35 to 39 years", "female": 465.0}, {"male": 490.0, "name": "40 to 44 years", "female": 577.0}, {"male": 752.0, "name": "45 to 49 years", "female": 751.0}, {"male": 884.0, "name": "50 to 54 years", "female": 959.0}, {"male": 1045.0, "name": "55 to 59 years", "female": 1056.0}, {"male": 435.0, "name": "60 to 61 years", "female": 468.0}, {"male": 638.0, "name": "62 to 64 years", "female": 719.0}, {"male": 392.0, "name": "65 and 66 years", "female": 423.0}, {"male": 573.0, "name": "67 to 69 years", "female": 584.0}, {"male": 778.0, "name": "70 to 74 years", "female": 811.0}, {"male": 542.0, "name": "75 to 79 years", "female": 548.0}, {"male": 415.0, "name": "80 to 84 years", "female": 422.0}, {"male": 307.0, "name": "85 years and over", "female": 466.0}], "age_by_sex": [{"name": "Male", "value": 52.799999999999997}, {"name": "Female", "value": 54.200000000000003}], "GEOID": "41015", "NECTA": ""}, "Tillamook County": {"CNECTA": "", "COUNTY": "057", "HU100": "18359", "NAME": "Tillamook County", "P001001.2000": "24262", "CSA": "999", "P001001": "25250", "POP100": "25250", "SUMLEV": "050", "STATE": "41", "CBSA": "99999", "race": [{"name": "White", "value": 23102}, {"name": "Black", "value": 85}, {"name": "American Indian or Alaska", "value": 260}, {"name": "Asian", "value": 227}, {"name": "Native Hawaiian", "value": 59}, {"name": "Other Race", "value": 904}, {"name": "Two or More Races", "value": 613}], "HU100.2000": "15906", "POP100.2000": "24262", "sex_by_age": [{"male": 696.0, "name": "Under 5 years", "female": 665.0}, {"male": 698.0, "name": "5 to 9 years", "female": 657.0}, {"male": 726.0, "name": "10 to 14 years", "female": 637.0}, {"male": 506.0, "name": "15 to 17 years", "female": 420.0}, {"male": 323.0, "name": "18 and 19 years", "female": 230.0}, {"male": 119.0, "name": "20 years", "female": 92.0}, {"male": 114.0, "name": "21 years", "female": 101.0}, {"male": 358.0, "name": "22 to 24 years", "female": 326.0}, {"male": 650.0, "name": "25 to 29 years", "female": 600.0}, {"male": 653.0, "name": "30 to 34 years", "female": 577.0}, {"male": 669.0, "name": "35 to 39 years", "female": 626.0}, {"male": 725.0, "name": "40 to 44 years", "female": 681.0}, {"male": 825.0, "name": "45 to 49 years", "female": 796.0}, {"male": 998.0, "name": "50 to 54 years", "female": 1070.0}, {"male": 1122.0, "name": "55 to 59 years", "female": 1181.0}, {"male": 445.0, "name": "60 to 61 years", "female": 421.0}, {"male": 612.0, "name": "62 to 64 years", "female": 658.0}, {"male": 318.0, "name": "65 and 66 years", "female": 407.0}, {"male": 527.0, "name": "67 to 69 years", "female": 498.0}, {"male": 642.0, "name": "70 to 74 years", "female": 652.0}, {"male": 465.0, "name": "75 to 79 years", "female": 496.0}, {"male": 336.0, "name": "80 to 84 years", "female": 394.0}, {"male": 213.0, "name": "85 years and over", "female": 325.0}], "age_by_sex": [{"name": "Male", "value": 46.0}, {"name": "Female", "value": 49.200000000000003}], "GEOID": "41057", "NECTA": ""}, "Wasco County": {"CNECTA": "", "COUNTY": "065", "HU100": "11487", "NAME": "Wasco County", "P001001.2000": "23791", "CSA": "999", "P001001": "25213", "POP100": "25213", "SUMLEV": "050", "STATE": "41", "CBSA": "45520", "race": [{"name": "White", "value": 21700}, {"name": "Black", "value": 106}, {"name": "American Indian or Alaska", "value": 1117}, {"name": "Asian", "value": 192}, {"name": "Native Hawaiian", "value": 145}, {"name": "Other Race", "value": 1311}, {"name": "Two or More Races", "value": 642}], "HU100.2000": "10651", "POP100.2000": "23791", "sex_by_age": [{"male": 816.0, "name": "Under 5 years", "female": 817.0}, {"male": 815.0, "name": "5 to 9 years", "female": 774.0}, {"male": 795.0, "name": "10 to 14 years", "female": 803.0}, {"male": 554.0, "name": "15 to 17 years", "female": 474.0}, {"male": 350.0, "name": "18 and 19 years", "female": 279.0}, {"male": 157.0, "name": "20 years", "female": 139.0}, {"male": 120.0, "name": "21 years", "female": 139.0}, {"male": 411.0, "name": "22 to 24 years", "female": 409.0}, {"male": 762.0, "name": "25 to 29 years", "female": 716.0}, {"male": 707.0, "name": "30 to 34 years", "female": 682.0}, {"male": 680.0, "name": "35 to 39 years", "female": 679.0}, {"male": 713.0, "name": "40 to 44 years", "female": 723.0}, {"male": 769.0, "name": "45 to 49 years", "female": 831.0}, {"male": 928.0, "name": "50 to 54 years", "female": 965.0}, {"male": 983.0, "name": "55 to 59 years", "female": 949.0}, {"male": 380.0, "name": "60 to 61 years", "female": 381.0}, {"male": 539.0, "name": "62 to 64 years", "female": 524.0}, {"male": 306.0, "name": "65 and 66 years", "female": 275.0}, {"male": 372.0, "name": "67 to 69 years", "female": 361.0}, {"male": 466.0, "name": "70 to 74 years", "female": 484.0}, {"male": 348.0, "name": "75 to 79 years", "female": 444.0}, {"male": 241.0, "name": "80 to 84 years", "female": 366.0}, {"male": 294.0, "name": "85 years and over", "female": 493.0}], "age_by_sex": [{"name": "Male", "value": 40.5}, {"name": "Female", "value": 43.200000000000003}], "GEOID": "41065", "NECTA": ""}, "Morrow County": {"CNECTA": "", "COUNTY": "049", "HU100": "4442", "NAME": "Morrow County", "P001001.2000": "10995", "CSA": "999", "P001001": "11173", "POP100": "11173", "SUMLEV": "050", "STATE": "41", "CBSA": "37820", "race": [{"name": "White", "value": 8680}, {"name": "Black", "value": 55}, {"name": "American Indian or Alaska", "value": 139}, {"name": "Asian", "value": 104}, {"name": "Native Hawaiian", "value": 14}, {"name": "Other Race", "value": 1892}, {"name": "Two or More Races", "value": 289}], "HU100.2000": "4276", "POP100.2000": "10995", "sex_by_age": [{"male": 415.0, "name": "Under 5 years", "female": 379.0}, {"male": 437.0, "name": "5 to 9 years", "female": 416.0}, {"male": 490.0, "name": "10 to 14 years", "female": 473.0}, {"male": 308.0, "name": "15 to 17 years", "female": 272.0}, {"male": 174.0, "name": "18 and 19 years", "female": 147.0}, {"male": 71.0, "name": "20 years", "female": 53.0}, {"male": 65.0, "name": "21 years", "female": 38.0}, {"male": 174.0, "name": "22 to 24 years", "female": 167.0}, {"male": 341.0, "name": "25 to 29 years", "female": 283.0}, {"male": 316.0, "name": "30 to 34 years", "female": 338.0}, {"male": 378.0, "name": "35 to 39 years", "female": 359.0}, {"male": 339.0, "name": "40 to 44 years", "female": 316.0}, {"male": 367.0, "name": "45 to 49 years", "female": 337.0}, {"male": 433.0, "name": "50 to 54 years", "female": 420.0}, {"male": 375.0, "name": "55 to 59 years", "female": 400.0}, {"male": 172.0, "name": "60 to 61 years", "female": 131.0}, {"male": 187.0, "name": "62 to 64 years", "female": 181.0}, {"male": 103.0, "name": "65 and 66 years", "female": 99.0}, {"male": 134.0, "name": "67 to 69 years", "female": 144.0}, {"male": 180.0, "name": "70 to 74 years", "female": 187.0}, {"male": 141.0, "name": "75 to 79 years", "female": 127.0}, {"male": 94.0, "name": "80 to 84 years", "female": 73.0}, {"male": 55.0, "name": "85 years and over", "female": 84.0}], "age_by_sex": [{"name": "Male", "value": 36.0}, {"name": "Female", "value": 37.100000000000001}], "GEOID": "41049", "NECTA": ""}, "Malheur County": {"CNECTA": "", "COUNTY": "045", "HU100": "11692", "NAME": "Malheur County", "P001001.2000": "31615", "CSA": "999", "P001001": "31313", "POP100": "31313", "SUMLEV": "050", "STATE": "41", "CBSA": "36620", "race": [{"name": "White", "value": 24272}, {"name": "Black", "value": 370}, {"name": "American Indian or Alaska", "value": 364}, {"name": "Asian", "value": 527}, {"name": "Native Hawaiian", "value": 30}, {"name": "Other Race", "value": 4849}, {"name": "Two or More Races", "value": 901}], "HU100.2000": "11233", "POP100.2000": "31615", "sex_by_age": [{"male": 1175.0, "name": "Under 5 years", "female": 1136.0}, {"male": 1133.0, "name": "5 to 9 years", "female": 1069.0}, {"male": 1068.0, "name": "10 to 14 years", "female": 1109.0}, {"male": 683.0, "name": "15 to 17 years", "female": 631.0}, {"male": 523.0, "name": "18 and 19 years", "female": 452.0}, {"male": 277.0, "name": "20 years", "female": 198.0}, {"male": 249.0, "name": "21 years", "female": 160.0}, {"male": 740.0, "name": "22 to 24 years", "female": 484.0}, {"male": 1242.0, "name": "25 to 29 years", "female": 853.0}, {"male": 1249.0, "name": "30 to 34 years", "female": 802.0}, {"male": 1152.0, "name": "35 to 39 years", "female": 758.0}, {"male": 1124.0, "name": "40 to 44 years", "female": 781.0}, {"male": 1123.0, "name": "45 to 49 years", "female": 878.0}, {"male": 1142.0, "name": "50 to 54 years", "female": 856.0}, {"male": 1000.0, "name": "55 to 59 years", "female": 928.0}, {"male": 356.0, "name": "60 to 61 years", "female": 325.0}, {"male": 500.0, "name": "62 to 64 years", "female": 463.0}, {"male": 281.0, "name": "65 and 66 years", "female": 300.0}, {"male": 413.0, "name": "67 to 69 years", "female": 397.0}, {"male": 530.0, "name": "70 to 74 years", "female": 569.0}, {"male": 406.0, "name": "75 to 79 years", "female": 441.0}, {"male": 280.0, "name": "80 to 84 years", "female": 350.0}, {"male": 280.0, "name": "85 years and over", "female": 447.0}], "age_by_sex": [{"name": "Male", "value": 35.600000000000001}, {"name": "Female", "value": 37.0}], "GEOID": "41045", "NECTA": ""}, "Clatsop County": {"CNECTA": "", "COUNTY": "007", "HU100": "21546", "NAME": "Clatsop County", "P001001.2000": "35630", "CSA": "999", "P001001": "37039", "POP100": "37039", "SUMLEV": "050", "STATE": "41", "CBSA": "11820", "race": [{"name": "White", "value": 33680}, {"name": "Black", "value": 195}, {"name": "American Indian or Alaska", "value": 362}, {"name": "Asian", "value": 457}, {"name": "Native Hawaiian", "value": 86}, {"name": "Other Race", "value": 1208}, {"name": "Two or More Races", "value": 1051}], "HU100.2000": "19685", "POP100.2000": "35630", "sex_by_age": [{"male": 1000.0, "name": "Under 5 years", "female": 1076.0}, {"male": 1031.0, "name": "5 to 9 years", "female": 1003.0}, {"male": 1050.0, "name": "10 to 14 years", "female": 1061.0}, {"male": 750.0, "name": "15 to 17 years", "female": 630.0}, {"male": 519.0, "name": "18 and 19 years", "female": 479.0}, {"male": 268.0, "name": "20 years", "female": 216.0}, {"male": 250.0, "name": "21 years", "female": 205.0}, {"male": 726.0, "name": "22 to 24 years", "female": 626.0}, {"male": 1130.0, "name": "25 to 29 years", "female": 1077.0}, {"male": 1080.0, "name": "30 to 34 years", "female": 964.0}, {"male": 1021.0, "name": "35 to 39 years", "female": 996.0}, {"male": 1031.0, "name": "40 to 44 years", "female": 1037.0}, {"male": 1300.0, "name": "45 to 49 years", "female": 1302.0}, {"male": 1418.0, "name": "50 to 54 years", "female": 1474.0}, {"male": 1575.0, "name": "55 to 59 years", "female": 1716.0}, {"male": 641.0, "name": "60 to 61 years", "female": 599.0}, {"male": 782.0, "name": "62 to 64 years", "female": 846.0}, {"male": 445.0, "name": "65 and 66 years", "female": 465.0}, {"male": 576.0, "name": "67 to 69 years", "female": 591.0}, {"male": 688.0, "name": "70 to 74 years", "female": 705.0}, {"male": 496.0, "name": "75 to 79 years", "female": 547.0}, {"male": 345.0, "name": "80 to 84 years", "female": 505.0}, {"male": 285.0, "name": "85 years and over", "female": 512.0}], "age_by_sex": [{"name": "Male", "value": 41.600000000000001}, {"name": "Female", "value": 44.700000000000003}], "GEOID": "41007", "NECTA": ""}, "Benton County": {"CNECTA": "", "COUNTY": "003", "HU100": "36245", "NAME": "Benton County", "P001001.2000": "78153", "CSA": "102", "P001001": "85579", "POP100": "85579", "SUMLEV": "050", "STATE": "41", "CBSA": "18700", "race": [{"name": "White", "value": 74506}, {"name": "Black", "value": 759}, {"name": "American Indian or Alaska", "value": 627}, {"name": "Asian", "value": 4429}, {"name": "Native Hawaiian", "value": 213}, {"name": "Other Race", "value": 1985}, {"name": "Two or More Races", "value": 3060}], "HU100.2000": "31980", "POP100.2000": "78153", "sex_by_age": [{"male": 1918.0, "name": "Under 5 years", "female": 1860.0}, {"male": 2026.0, "name": "5 to 9 years", "female": 2083.0}, {"male": 2286.0, "name": "10 to 14 years", "female": 2180.0}, {"male": 1458.0, "name": "15 to 17 years", "female": 1438.0}, {"male": 3022.0, "name": "18 and 19 years", "female": 2871.0}, {"male": 1782.0, "name": "20 years", "female": 1613.0}, {"male": 1800.0, "name": "21 years", "female": 1691.0}, {"male": 3847.0, "name": "22 to 24 years", "female": 3030.0}, {"male": 3191.0, "name": "25 to 29 years", "female": 2735.0}, {"male": 2291.0, "name": "30 to 34 years", "female": 2197.0}, {"male": 2094.0, "name": "35 to 39 years", "female": 2133.0}, {"male": 2164.0, "name": "40 to 44 years", "female": 2204.0}, {"male": 2420.0, "name": "45 to 49 years", "female": 2593.0}, {"male": 2692.0, "name": "50 to 54 years", "female": 3033.0}, {"male": 2904.0, "name": "55 to 59 years", "female": 3020.0}, {"male": 1055.0, "name": "60 to 61 years", "female": 989.0}, {"male": 1342.0, "name": "62 to 64 years", "female": 1337.0}, {"male": 709.0, "name": "65 and 66 years", "female": 742.0}, {"male": 820.0, "name": "67 to 69 years", "female": 925.0}, {"male": 1034.0, "name": "70 to 74 years", "female": 1154.0}, {"male": 831.0, "name": "75 to 79 years", "female": 992.0}, {"male": 609.0, "name": "80 to 84 years", "female": 853.0}, {"male": 573.0, "name": "85 years and over", "female": 1038.0}], "age_by_sex": [{"name": "Male", "value": 30.199999999999999}, {"name": "Female", "value": 34.200000000000003}], "GEOID": "41003", "NECTA": ""}, "Union County": {"CNECTA": "", "COUNTY": "061", "HU100": "11489", "NAME": "Union County", "P001001.2000": "24530", "CSA": "999", "P001001": "25748", "POP100": "25748", "SUMLEV": "050", "STATE": "41", "CBSA": "29260", "race": [{"name": "White", "value": 23968}, {"name": "Black", "value": 132}, {"name": "American Indian or Alaska", "value": 289}, {"name": "Asian", "value": 209}, {"name": "Native Hawaiian", "value": 227}, {"name": "Other Race", "value": 333}, {"name": "Two or More Races", "value": 590}], "HU100.2000": "10603", "POP100.2000": "24530", "sex_by_age": [{"male": 834.0, "name": "Under 5 years", "female": 796.0}, {"male": 842.0, "name": "5 to 9 years", "female": 777.0}, {"male": 766.0, "name": "10 to 14 years", "female": 774.0}, {"male": 558.0, "name": "15 to 17 years", "female": 450.0}, {"male": 467.0, "name": "18 and 19 years", "female": 453.0}, {"male": 186.0, "name": "20 years", "female": 225.0}, {"male": 173.0, "name": "21 years", "female": 222.0}, {"male": 558.0, "name": "22 to 24 years", "female": 565.0}, {"male": 828.0, "name": "25 to 29 years", "female": 783.0}, {"male": 709.0, "name": "30 to 34 years", "female": 643.0}, {"male": 598.0, "name": "35 to 39 years", "female": 669.0}, {"male": 676.0, "name": "40 to 44 years", "female": 637.0}, {"male": 731.0, "name": "45 to 49 years", "female": 887.0}, {"male": 888.0, "name": "50 to 54 years", "female": 992.0}, {"male": 1042.0, "name": "55 to 59 years", "female": 960.0}, {"male": 371.0, "name": "60 to 61 years", "female": 368.0}, {"male": 510.0, "name": "62 to 64 years", "female": 502.0}, {"male": 272.0, "name": "65 and 66 years", "female": 260.0}, {"male": 363.0, "name": "67 to 69 years", "female": 392.0}, {"male": 497.0, "name": "70 to 74 years", "female": 477.0}, {"male": 346.0, "name": "75 to 79 years", "female": 436.0}, {"male": 245.0, "name": "80 to 84 years", "female": 345.0}, {"male": 218.0, "name": "85 years and over", "female": 457.0}], "age_by_sex": [{"name": "Male", "value": 38.5}, {"name": "Female", "value": 41.399999999999999}], "GEOID": "41061", "NECTA": ""}, "Coos County": {"CNECTA": "", "COUNTY": "011", "HU100": "30593", "NAME": "Coos County", "P001001.2000": "62779", "CSA": "999", "P001001": "63043", "POP100": "63043", "SUMLEV": "050", "STATE": "41", "CBSA": "18300", "race": [{"name": "White", "value": 56618}, {"name": "Black", "value": 258}, {"name": "American Indian or Alaska", "value": 1589}, {"name": "Asian", "value": 660}, {"name": "Native Hawaiian", "value": 117}, {"name": "Other Race", "value": 1072}, {"name": "Two or More Races", "value": 2729}], "HU100.2000": "29247", "POP100.2000": "62779", "sex_by_age": [{"male": 1658.0, "name": "Under 5 years", "female": 1584.0}, {"male": 1611.0, "name": "5 to 9 years", "female": 1599.0}, {"male": 1656.0, "name": "10 to 14 years", "female": 1621.0}, {"male": 1112.0, "name": "15 to 17 years", "female": 1089.0}, {"male": 815.0, "name": "18 and 19 years", "female": 785.0}, {"male": 383.0, "name": "20 years", "female": 314.0}, {"male": 322.0, "name": "21 years", "female": 294.0}, {"male": 969.0, "name": "22 to 24 years", "female": 964.0}, {"male": 1692.0, "name": "25 to 29 years", "female": 1618.0}, {"male": 1605.0, "name": "30 to 34 years", "female": 1584.0}, {"male": 1564.0, "name": "35 to 39 years", "female": 1482.0}, {"male": 1653.0, "name": "40 to 44 years", "female": 1640.0}, {"male": 2133.0, "name": "45 to 49 years", "female": 2193.0}, {"male": 2510.0, "name": "50 to 54 years", "female": 2656.0}, {"male": 2581.0, "name": "55 to 59 years", "female": 2810.0}, {"male": 1008.0, "name": "60 to 61 years", "female": 1086.0}, {"male": 1458.0, "name": "62 to 64 years", "female": 1508.0}, {"male": 812.0, "name": "65 and 66 years", "female": 890.0}, {"male": 1204.0, "name": "67 to 69 years", "female": 1280.0}, {"male": 1653.0, "name": "70 to 74 years", "female": 1714.0}, {"male": 1208.0, "name": "75 to 79 years", "female": 1279.0}, {"male": 826.0, "name": "80 to 84 years", "female": 1010.0}, {"male": 653.0, "name": "85 years and over", "female": 957.0}], "age_by_sex": [{"name": "Male", "value": 46.299999999999997}, {"name": "Female", "value": 48.299999999999997}], "GEOID": "41011", "NECTA": ""}, "Lake County": {"CNECTA": "", "COUNTY": "037", "HU100": "4439", "NAME": "Lake County", "P001001.2000": "7422", "CSA": "999", "P001001": "7895", "POP100": "7895", "SUMLEV": "050", "STATE": "41", "CBSA": "99999", "race": [{"name": "White", "value": 7130}, {"name": "Black", "value": 39}, {"name": "American Indian or Alaska", "value": 165}, {"name": "Asian", "value": 53}, {"name": "Native Hawaiian", "value": 5}, {"name": "Other Race", "value": 241}, {"name": "Two or More Races", "value": 262}], "HU100.2000": "3999", "POP100.2000": "7422", "sex_by_age": [{"male": 176.0, "name": "Under 5 years", "female": 190.0}, {"male": 200.0, "name": "5 to 9 years", "female": 181.0}, {"male": 216.0, "name": "10 to 14 years", "female": 211.0}, {"male": 177.0, "name": "15 to 17 years", "female": 174.0}, {"male": 71.0, "name": "18 and 19 years", "female": 56.0}, {"male": 34.0, "name": "20 years", "female": 25.0}, {"male": 29.0, "name": "21 years", "female": 27.0}, {"male": 127.0, "name": "22 to 24 years", "female": 87.0}, {"male": 191.0, "name": "25 to 29 years", "female": 167.0}, {"male": 226.0, "name": "30 to 34 years", "female": 171.0}, {"male": 244.0, "name": "35 to 39 years", "female": 197.0}, {"male": 283.0, "name": "40 to 44 years", "female": 232.0}, {"male": 318.0, "name": "45 to 49 years", "female": 258.0}, {"male": 336.0, "name": "50 to 54 years", "female": 341.0}, {"male": 370.0, "name": "55 to 59 years", "female": 315.0}, {"male": 144.0, "name": "60 to 61 years", "female": 125.0}, {"male": 193.0, "name": "62 to 64 years", "female": 191.0}, {"male": 122.0, "name": "65 and 66 years", "female": 91.0}, {"male": 172.0, "name": "67 to 69 years", "female": 161.0}, {"male": 209.0, "name": "70 to 74 years", "female": 177.0}, {"male": 155.0, "name": "75 to 79 years", "female": 156.0}, {"male": 92.0, "name": "80 to 84 years", "female": 108.0}, {"male": 78.0, "name": "85 years and over", "female": 91.0}], "age_by_sex": [{"name": "Male", "value": 46.799999999999997}, {"name": "Female", "value": 48.100000000000001}], "GEOID": "41037", "NECTA": ""}, "Washington County": {"CNECTA": "", "COUNTY": "067", "HU100": "212450", "NAME": "Washington County", "P001001.2000": "445342", "CSA": "999", "P001001": "529710", "POP100": "529710", "SUMLEV": "050", "STATE": "41", "CBSA": "38900", "race": [{"name": "White", "value": 405642}, {"name": "Black", "value": 9616}, {"name": "American Indian or Alaska", "value": 3937}, {"name": "Asian", "value": 45755}, {"name": "Native Hawaiian", "value": 2433}, {"name": "Other Race", "value": 39797}, {"name": "Two or More Races", "value": 22530}], "HU100.2000": "178913", "POP100.2000": "445342", "sex_by_age": [{"male": 19574.0, "name": "Under 5 years", "female": 18674.0}, {"male": 19640.0, "name": "5 to 9 years", "female": 18656.0}, {"male": 19219.0, "name": "10 to 14 years", "female": 18067.0}, {"male": 11241.0, "name": "15 to 17 years", "female": 10767.0}, {"male": 6221.0, "name": "18 and 19 years", "female": 5944.0}, {"male": 2894.0, "name": "20 years", "female": 2764.0}, {"male": 2798.0, "name": "21 years", "female": 2807.0}, {"male": 10019.0, "name": "22 to 24 years", "female": 10353.0}, {"male": 20306.0, "name": "25 to 29 years", "female": 20737.0}, {"male": 20984.0, "name": "30 to 34 years", "female": 20998.0}, {"male": 21036.0, "name": "35 to 39 years", "female": 20616.0}, {"male": 19953.0, "name": "40 to 44 years", "female": 19465.0}, {"male": 18923.0, "name": "45 to 49 years", "female": 19330.0}, {"male": 17701.0, "name": "50 to 54 years", "female": 18648.0}, {"male": 15482.0, "name": "55 to 59 years", "female": 16756.0}, {"male": 5172.0, "name": "60 to 61 years", "female": 5966.0}, {"male": 6990.0, "name": "62 to 64 years", "female": 7900.0}, {"male": 3618.0, "name": "65 and 66 years", "female": 4106.0}, {"male": 4394.0, "name": "67 to 69 years", "female": 5108.0}, {"male": 5106.0, "name": "70 to 74 years", "female": 6393.0}, {"male": 3707.0, "name": "75 to 79 years", "female": 4987.0}, {"male": 2892.0, "name": "80 to 84 years", "female": 4483.0}, {"male": 2654.0, "name": "85 years and over", "female": 5661.0}], "age_by_sex": [{"name": "Male", "value": 34.399999999999999}, {"name": "Female", "value": 36.200000000000003}], "GEOID": "41067", "NECTA": ""}, "Douglas County": {"CNECTA": "", "COUNTY": "019", "HU100": "48915", "NAME": "Douglas County", "P001001.2000": "100399", "CSA": "999", "P001001": "107667", "POP100": "107667", "SUMLEV": "050", "STATE": "41", "CBSA": "40700", "race": [{"name": "White", "value": 99471}, {"name": "Black", "value": 317}, {"name": "American Indian or Alaska", "value": 1953}, {"name": "Asian", "value": 1040}, {"name": "Native Hawaiian", "value": 122}, {"name": "Other Race", "value": 1279}, {"name": "Two or More Races", "value": 3485}], "HU100.2000": "43284", "POP100.2000": "100399", "sex_by_age": [{"male": 2911.0, "name": "Under 5 years", "female": 2737.0}, {"male": 2954.0, "name": "5 to 9 years", "female": 2870.0}, {"male": 3260.0, "name": "10 to 14 years", "female": 3091.0}, {"male": 2232.0, "name": "15 to 17 years", "female": 2039.0}, {"male": 1369.0, "name": "18 and 19 years", "female": 1184.0}, {"male": 608.0, "name": "20 years", "female": 591.0}, {"male": 550.0, "name": "21 years", "female": 488.0}, {"male": 1716.0, "name": "22 to 24 years", "female": 1611.0}, {"male": 2625.0, "name": "25 to 29 years", "female": 2713.0}, {"male": 2742.0, "name": "30 to 34 years", "female": 2728.0}, {"male": 2681.0, "name": "35 to 39 years", "female": 2700.0}, {"male": 2871.0, "name": "40 to 44 years", "female": 3025.0}, {"male": 3496.0, "name": "45 to 49 years", "female": 3700.0}, {"male": 4168.0, "name": "50 to 54 years", "female": 4297.0}, {"male": 4252.0, "name": "55 to 59 years", "female": 4533.0}, {"male": 1664.0, "name": "60 to 61 years", "female": 1755.0}, {"male": 2496.0, "name": "62 to 64 years", "female": 2440.0}, {"male": 1388.0, "name": "65 and 66 years", "female": 1468.0}, {"male": 2006.0, "name": "67 to 69 years", "female": 1923.0}, {"male": 2645.0, "name": "70 to 74 years", "female": 2766.0}, {"male": 1989.0, "name": "75 to 79 years", "female": 2280.0}, {"male": 1430.0, "name": "80 to 84 years", "female": 1685.0}, {"male": 1098.0, "name": "85 years and over", "female": 1892.0}], "age_by_sex": [{"name": "Male", "value": 45.100000000000001}, {"name": "Female", "value": 47.100000000000001}], "GEOID": "41019", "NECTA": ""}, "Clackamas County": {"CNECTA": "", "COUNTY": "005", "HU100": "156945", "NAME": "Clackamas County", "P001001.2000": "338391", "CSA": "999", "P001001": "375992", "POP100": "375992", "SUMLEV": "050", "STATE": "41", "CBSA": "38900", "race": [{"name": "White", "value": 331571}, {"name": "Black", "value": 3082}, {"name": "American Indian or Alaska", "value": 3122}, {"name": "Asian", "value": 13729}, {"name": "Native Hawaiian", "value": 867}, {"name": "Other Race", "value": 11756}, {"name": "Two or More Races", "value": 11865}], "HU100.2000": "136954", "POP100.2000": "338391", "sex_by_age": [{"male": 11160.0, "name": "Under 5 years", "female": 10317.0}, {"male": 12253.0, "name": "5 to 9 years", "female": 11785.0}, {"male": 13795.0, "name": "10 to 14 years", "female": 13081.0}, {"male": 8661.0, "name": "15 to 17 years", "female": 8179.0}, {"male": 4802.0, "name": "18 and 19 years", "female": 4372.0}, {"male": 2043.0, "name": "20 years", "female": 1956.0}, {"male": 2014.0, "name": "21 years", "female": 1756.0}, {"male": 6105.0, "name": "22 to 24 years", "female": 5900.0}, {"male": 10509.0, "name": "25 to 29 years", "female": 10306.0}, {"male": 10951.0, "name": "30 to 34 years", "female": 11035.0}, {"male": 11717.0, "name": "35 to 39 years", "female": 12068.0}, {"male": 12830.0, "name": "40 to 44 years", "female": 13234.0}, {"male": 14351.0, "name": "45 to 49 years", "female": 14953.0}, {"male": 14978.0, "name": "50 to 54 years", "female": 15590.0}, {"male": 14226.0, "name": "55 to 59 years", "female": 15031.0}, {"male": 5143.0, "name": "60 to 61 years", "female": 5427.0}, {"male": 6900.0, "name": "62 to 64 years", "female": 7333.0}, {"male": 3772.0, "name": "65 and 66 years", "female": 3853.0}, {"male": 4598.0, "name": "67 to 69 years", "female": 5004.0}, {"male": 5274.0, "name": "70 to 74 years", "female": 5950.0}, {"male": 3633.0, "name": "75 to 79 years", "female": 4577.0}, {"male": 2691.0, "name": "80 to 84 years", "female": 4031.0}, {"male": 2519.0, "name": "85 years and over", "female": 5329.0}], "age_by_sex": [{"name": "Male", "value": 39.399999999999999}, {"name": "Female", "value": 41.799999999999997}], "GEOID": "41005", "NECTA": ""}, "Sherman County": {"CNECTA": "", "COUNTY": "055", "HU100": "918", "NAME": "Sherman County", "P001001.2000": "1934", "CSA": "999", "P001001": "1765", "POP100": "1765", "SUMLEV": "050", "STATE": "41", "CBSA": "99999", "race": [{"name": "White", "value": 1648}, {"name": "Black", "value": 4}, {"name": "American Indian or Alaska", "value": 29}, {"name": "Asian", "value": 3}, {"name": "Native Hawaiian", "value": 1}, {"name": "Other Race", "value": 48}, {"name": "Two or More Races", "value": 32}], "HU100.2000": "935", "POP100.2000": "1934", "sex_by_age": [{"male": 44.0, "name": "Under 5 years", "female": 49.0}, {"male": 47.0, "name": "5 to 9 years", "female": 47.0}, {"male": 51.0, "name": "10 to 14 years", "female": 48.0}, {"male": 39.0, "name": "15 to 17 years", "female": 24.0}, {"male": 12.0, "name": "18 and 19 years", "female": 20.0}, {"male": 6.0, "name": "20 years", "female": 6.0}, {"male": 4.0, "name": "21 years", "female": 4.0}, {"male": 32.0, "name": "22 to 24 years", "female": 28.0}, {"male": 39.0, "name": "25 to 29 years", "female": 48.0}, {"male": 49.0, "name": "30 to 34 years", "female": 41.0}, {"male": 53.0, "name": "35 to 39 years", "female": 32.0}, {"male": 37.0, "name": "40 to 44 years", "female": 41.0}, {"male": 66.0, "name": "45 to 49 years", "female": 79.0}, {"male": 93.0, "name": "50 to 54 years", "female": 77.0}, {"male": 62.0, "name": "55 to 59 years", "female": 63.0}, {"male": 35.0, "name": "60 to 61 years", "female": 25.0}, {"male": 40.0, "name": "62 to 64 years", "female": 40.0}, {"male": 20.0, "name": "65 and 66 years", "female": 24.0}, {"male": 32.0, "name": "67 to 69 years", "female": 35.0}, {"male": 41.0, "name": "70 to 74 years", "female": 51.0}, {"male": 41.0, "name": "75 to 79 years", "female": 34.0}, {"male": 28.0, "name": "80 to 84 years", "female": 33.0}, {"male": 25.0, "name": "85 years and over", "female": 20.0}], "age_by_sex": [{"name": "Male", "value": 47.799999999999997}, {"name": "Female", "value": 48.5}], "GEOID": "41055", "NECTA": ""}, "Crook County": {"CNECTA": "", "COUNTY": "013", "HU100": "10202", "NAME": "Crook County", "P001001.2000": "19182", "CSA": "140", "P001001": "20978", "POP100": "20978", "SUMLEV": "050", "STATE": "41", "CBSA": "39260", "race": [{"name": "White", "value": 19441}, {"name": "Black", "value": 35}, {"name": "American Indian or Alaska", "value": 302}, {"name": "Asian", "value": 97}, {"name": "Native Hawaiian", "value": 11}, {"name": "Other Race", "value": 670}, {"name": "Two or More Races", "value": 422}], "HU100.2000": "8264", "POP100.2000": "19182", "sex_by_age": [{"male": 577.0, "name": "Under 5 years", "female": 554.0}, {"male": 636.0, "name": "5 to 9 years", "female": 613.0}, {"male": 711.0, "name": "10 to 14 years", "female": 686.0}, {"male": 424.0, "name": "15 to 17 years", "female": 399.0}, {"male": 220.0, "name": "18 and 19 years", "female": 187.0}, {"male": 102.0, "name": "20 years", "female": 89.0}, {"male": 91.0, "name": "21 years", "female": 90.0}, {"male": 262.0, "name": "22 to 24 years", "female": 248.0}, {"male": 477.0, "name": "25 to 29 years", "female": 487.0}, {"male": 566.0, "name": "30 to 34 years", "female": 602.0}, {"male": 561.0, "name": "35 to 39 years", "female": 579.0}, {"male": 581.0, "name": "40 to 44 years", "female": 586.0}, {"male": 677.0, "name": "45 to 49 years", "female": 750.0}, {"male": 823.0, "name": "50 to 54 years", "female": 827.0}, {"male": 779.0, "name": "55 to 59 years", "female": 863.0}, {"male": 337.0, "name": "60 to 61 years", "female": 382.0}, {"male": 503.0, "name": "62 to 64 years", "female": 506.0}, {"male": 299.0, "name": "65 and 66 years", "female": 310.0}, {"male": 462.0, "name": "67 to 69 years", "female": 396.0}, {"male": 567.0, "name": "70 to 74 years", "female": 498.0}, {"male": 328.0, "name": "75 to 79 years", "female": 375.0}, {"male": 240.0, "name": "80 to 84 years", "female": 265.0}, {"male": 175.0, "name": "85 years and over", "female": 288.0}], "age_by_sex": [{"name": "Male", "value": 44.899999999999999}, {"name": "Female", "value": 46.299999999999997}], "GEOID": "41013", "NECTA": ""}, "Gilliam County": {"CNECTA": "", "COUNTY": "021", "HU100": "1156", "NAME": "Gilliam County", "P001001.2000": "1915", "CSA": "999", "P001001": "1871", "POP100": "1871", "SUMLEV": "050", "STATE": "41", "CBSA": "99999", "race": [{"name": "White", "value": 1781}, {"name": "Black", "value": 3}, {"name": "American Indian or Alaska", "value": 19}, {"name": "Asian", "value": 3}, {"name": "Native Hawaiian", "value": 13}, {"name": "Other Race", "value": 26}, {"name": "Two or More Races", "value": 26}], "HU100.2000": "1043", "POP100.2000": "1915", "sex_by_age": [{"male": 54.0, "name": "Under 5 years", "female": 40.0}, {"male": 42.0, "name": "5 to 9 years", "female": 43.0}, {"male": 59.0, "name": "10 to 14 years", "female": 38.0}, {"male": 47.0, "name": "15 to 17 years", "female": 30.0}, {"male": 16.0, "name": "18 and 19 years", "female": 9.0}, {"male": 8.0, "name": "20 years", "female": 4.0}, {"male": 4.0, "name": "21 years", "female": 7.0}, {"male": 24.0, "name": "22 to 24 years", "female": 16.0}, {"male": 40.0, "name": "25 to 29 years", "female": 34.0}, {"male": 52.0, "name": "30 to 34 years", "female": 44.0}, {"male": 45.0, "name": "35 to 39 years", "female": 37.0}, {"male": 56.0, "name": "40 to 44 years", "female": 49.0}, {"male": 73.0, "name": "45 to 49 years", "female": 76.0}, {"male": 100.0, "name": "50 to 54 years", "female": 81.0}, {"male": 78.0, "name": "55 to 59 years", "female": 97.0}, {"male": 44.0, "name": "60 to 61 years", "female": 24.0}, {"male": 42.0, "name": "62 to 64 years", "female": 43.0}, {"male": 26.0, "name": "65 and 66 years", "female": 29.0}, {"male": 30.0, "name": "67 to 69 years", "female": 37.0}, {"male": 45.0, "name": "70 to 74 years", "female": 52.0}, {"male": 33.0, "name": "75 to 79 years", "female": 33.0}, {"male": 25.0, "name": "80 to 84 years", "female": 32.0}, {"male": 22.0, "name": "85 years and over", "female": 51.0}], "age_by_sex": [{"name": "Male", "value": 47.600000000000001}, {"name": "Female", "value": 51.600000000000001}], "GEOID": "41021", "NECTA": ""}, "Harney County": {"CNECTA": "", "COUNTY": "025", "HU100": "3835", "NAME": "Harney County", "P001001.2000": "7609", "CSA": "999", "P001001": "7422", "POP100": "7422", "SUMLEV": "050", "STATE": "41", "CBSA": "99999", "race": [{"name": "White", "value": 6819}, {"name": "Black", "value": 19}, {"name": "American Indian or Alaska", "value": 232}, {"name": "Asian", "value": 35}, {"name": "Native Hawaiian", "value": 1}, {"name": "Other Race", "value": 95}, {"name": "Two or More Races", "value": 221}], "HU100.2000": "3533", "POP100.2000": "7609", "sex_by_age": [{"male": 220.0, "name": "Under 5 years", "female": 183.0}, {"male": 237.0, "name": "5 to 9 years", "female": 210.0}, {"male": 235.0, "name": "10 to 14 years", "female": 223.0}, {"male": 197.0, "name": "15 to 17 years", "female": 159.0}, {"male": 101.0, "name": "18 and 19 years", "female": 75.0}, {"male": 38.0, "name": "20 years", "female": 25.0}, {"male": 30.0, "name": "21 years", "female": 28.0}, {"male": 104.0, "name": "22 to 24 years", "female": 94.0}, {"male": 155.0, "name": "25 to 29 years", "female": 196.0}, {"male": 208.0, "name": "30 to 34 years", "female": 190.0}, {"male": 190.0, "name": "35 to 39 years", "female": 198.0}, {"male": 181.0, "name": "40 to 44 years", "female": 217.0}, {"male": 263.0, "name": "45 to 49 years", "female": 271.0}, {"male": 320.0, "name": "50 to 54 years", "female": 294.0}, {"male": 315.0, "name": "55 to 59 years", "female": 293.0}, {"male": 123.0, "name": "60 to 61 years", "female": 113.0}, {"male": 165.0, "name": "62 to 64 years", "female": 169.0}, {"male": 97.0, "name": "65 and 66 years", "female": 84.0}, {"male": 154.0, "name": "67 to 69 years", "female": 127.0}, {"male": 179.0, "name": "70 to 74 years", "female": 161.0}, {"male": 128.0, "name": "75 to 79 years", "female": 140.0}, {"male": 74.0, "name": "80 to 84 years", "female": 90.0}, {"male": 64.0, "name": "85 years and over", "female": 104.0}], "age_by_sex": [{"name": "Male", "value": 44.799999999999997}, {"name": "Female", "value": 45.5}], "GEOID": "41025", "NECTA": ""}, "Deschutes County": {"CNECTA": "", "COUNTY": "017", "HU100": "80139", "NAME": "Deschutes County", "P001001.2000": "115367", "CSA": "140", "P001001": "157733", "POP100": "157733", "SUMLEV": "050", "STATE": "41", "CBSA": "13460", "race": [{"name": "White", "value": 145374}, {"name": "Black", "value": 568}, {"name": "American Indian or Alaska", "value": 1449}, {"name": "Asian", "value": 1476}, {"name": "Native Hawaiian", "value": 210}, {"name": "Other Race", "value": 4663}, {"name": "Two or More Races", "value": 3993}], "HU100.2000": "54583", "POP100.2000": "115367", "sex_by_age": [{"male": 4909.0, "name": "Under 5 years", "female": 4706.0}, {"male": 5133.0, "name": "5 to 9 years", "female": 4911.0}, {"male": 5298.0, "name": "10 to 14 years", "female": 5048.0}, {"male": 3199.0, "name": "15 to 17 years", "female": 3017.0}, {"male": 1778.0, "name": "18 and 19 years", "female": 1661.0}, {"male": 820.0, "name": "20 years", "female": 778.0}, {"male": 806.0, "name": "21 years", "female": 800.0}, {"male": 2617.0, "name": "22 to 24 years", "female": 2483.0}, {"male": 4975.0, "name": "25 to 29 years", "female": 4893.0}, {"male": 5048.0, "name": "30 to 34 years", "female": 5012.0}, {"male": 5376.0, "name": "35 to 39 years", "female": 5195.0}, {"male": 5249.0, "name": "40 to 44 years", "female": 5409.0}, {"male": 5334.0, "name": "45 to 49 years", "female": 5756.0}, {"male": 5610.0, "name": "50 to 54 years", "female": 6100.0}, {"male": 5437.0, "name": "55 to 59 years", "female": 6114.0}, {"male": 2278.0, "name": "60 to 61 years", "female": 2288.0}, {"male": 3027.0, "name": "62 to 64 years", "female": 3177.0}, {"male": 1728.0, "name": "65 and 66 years", "female": 1769.0}, {"male": 2274.0, "name": "67 to 69 years", "female": 2292.0}, {"male": 2863.0, "name": "70 to 74 years", "female": 2777.0}, {"male": 1809.0, "name": "75 to 79 years", "female": 2071.0}, {"male": 1373.0, "name": "80 to 84 years", "female": 1624.0}, {"male": 1030.0, "name": "85 years and over", "female": 1881.0}], "age_by_sex": [{"name": "Male", "value": 39.200000000000003}, {"name": "Female", "value": 41.200000000000003}], "GEOID": "41017", "NECTA": ""}, "Columbia County": {"CNECTA": "", "COUNTY": "009", "HU100": "20698", "NAME": "Columbia County", "P001001.2000": "43560", "CSA": "999", "P001001": "49351", "POP100": "49351", "SUMLEV": "050", "STATE": "41", "CBSA": "38900", "race": [{"name": "White", "value": 45651}, {"name": "Black", "value": 207}, {"name": "American Indian or Alaska", "value": 656}, {"name": "Asian", "value": 457}, {"name": "Native Hawaiian", "value": 95}, {"name": "Other Race", "value": 590}, {"name": "Two or More Races", "value": 1695}], "HU100.2000": "17572", "POP100.2000": "43560", "sex_by_age": [{"male": 1447.0, "name": "Under 5 years", "female": 1353.0}, {"male": 1593.0, "name": "5 to 9 years", "female": 1535.0}, {"male": 1886.0, "name": "10 to 14 years", "female": 1688.0}, {"male": 1119.0, "name": "15 to 17 years", "female": 998.0}, {"male": 646.0, "name": "18 and 19 years", "female": 577.0}, {"male": 278.0, "name": "20 years", "female": 241.0}, {"male": 256.0, "name": "21 years", "female": 242.0}, {"male": 689.0, "name": "22 to 24 years", "female": 681.0}, {"male": 1193.0, "name": "25 to 29 years", "female": 1227.0}, {"male": 1440.0, "name": "30 to 34 years", "female": 1514.0}, {"male": 1515.0, "name": "35 to 39 years", "female": 1569.0}, {"male": 1754.0, "name": "40 to 44 years", "female": 1753.0}, {"male": 1894.0, "name": "45 to 49 years", "female": 1882.0}, {"male": 2048.0, "name": "50 to 54 years", "female": 2067.0}, {"male": 2003.0, "name": "55 to 59 years", "female": 1937.0}, {"male": 712.0, "name": "60 to 61 years", "female": 719.0}, {"male": 981.0, "name": "62 to 64 years", "female": 1031.0}, {"male": 543.0, "name": "65 and 66 years", "female": 509.0}, {"male": 745.0, "name": "67 to 69 years", "female": 690.0}, {"male": 789.0, "name": "70 to 74 years", "female": 787.0}, {"male": 562.0, "name": "75 to 79 years", "female": 615.0}, {"male": 341.0, "name": "80 to 84 years", "female": 482.0}, {"male": 288.0, "name": "85 years and over", "female": 532.0}], "age_by_sex": [{"name": "Male", "value": 40.799999999999997}, {"name": "Female", "value": 41.799999999999997}], "GEOID": "41009", "NECTA": ""}, "Wheeler County": {"CNECTA": "", "COUNTY": "069", "HU100": "895", "NAME": "Wheeler County", "P001001.2000": "1547", "CSA": "999", "P001001": "1441", "POP100": "1441", "SUMLEV": "050", "STATE": "41", "CBSA": "99999", "race": [{"name": "White", "value": 1332}, {"name": "Black", "value": 0}, {"name": "American Indian or Alaska", "value": 18}, {"name": "Asian", "value": 8}, {"name": "Native Hawaiian", "value": 2}, {"name": "Other Race", "value": 37}, {"name": "Two or More Races", "value": 44}], "HU100.2000": "842", "POP100.2000": "1547", "sex_by_age": [{"male": 39.0, "name": "Under 5 years", "female": 30.0}, {"male": 33.0, "name": "5 to 9 years", "female": 26.0}, {"male": 37.0, "name": "10 to 14 years", "female": 41.0}, {"male": 28.0, "name": "15 to 17 years", "female": 25.0}, {"male": 24.0, "name": "18 and 19 years", "female": 4.0}, {"male": 7.0, "name": "20 years", "female": 3.0}, {"male": 4.0, "name": "21 years", "female": 5.0}, {"male": 11.0, "name": "22 to 24 years", "female": 11.0}, {"male": 34.0, "name": "25 to 29 years", "female": 30.0}, {"male": 34.0, "name": "30 to 34 years", "female": 23.0}, {"male": 27.0, "name": "35 to 39 years", "female": 32.0}, {"male": 22.0, "name": "40 to 44 years", "female": 37.0}, {"male": 41.0, "name": "45 to 49 years", "female": 53.0}, {"male": 53.0, "name": "50 to 54 years", "female": 53.0}, {"male": 70.0, "name": "55 to 59 years", "female": 72.0}, {"male": 17.0, "name": "60 to 61 years", "female": 21.0}, {"male": 31.0, "name": "62 to 64 years", "female": 43.0}, {"male": 35.0, "name": "65 and 66 years", "female": 25.0}, {"male": 42.0, "name": "67 to 69 years", "female": 35.0}, {"male": 46.0, "name": "70 to 74 years", "female": 55.0}, {"male": 37.0, "name": "75 to 79 years", "female": 45.0}, {"male": 29.0, "name": "80 to 84 years", "female": 27.0}, {"male": 17.0, "name": "85 years and over", "female": 27.0}], "age_by_sex": [{"name": "Male", "value": 51.700000000000003}, {"name": "Female", "value": 53.700000000000003}], "GEOID": "41069", "NECTA": ""}, "Grant County": {"CNECTA": "", "COUNTY": "023", "HU100": "4344", "NAME": "Grant County", "P001001.2000": "7935", "CSA": "999", "P001001": "7445", "POP100": "7445", "SUMLEV": "050", "STATE": "41", "CBSA": "99999", "race": [{"name": "White", "value": 7070}, {"name": "Black", "value": 14}, {"name": "American Indian or Alaska", "value": 91}, {"name": "Asian", "value": 24}, {"name": "Native Hawaiian", "value": 8}, {"name": "Other Race", "value": 67}, {"name": "Two or More Races", "value": 171}], "HU100.2000": "4004", "POP100.2000": "7935", "sex_by_age": [{"male": 162.0, "name": "Under 5 years", "female": 176.0}, {"male": 181.0, "name": "5 to 9 years", "female": 184.0}, {"male": 215.0, "name": "10 to 14 years", "female": 230.0}, {"male": 157.0, "name": "15 to 17 years", "female": 125.0}, {"male": 83.0, "name": "18 and 19 years", "female": 61.0}, {"male": 25.0, "name": "20 years", "female": 21.0}, {"male": 28.0, "name": "21 years", "female": 21.0}, {"male": 85.0, "name": "22 to 24 years", "female": 90.0}, {"male": 153.0, "name": "25 to 29 years", "female": 162.0}, {"male": 165.0, "name": "30 to 34 years", "female": 161.0}, {"male": 181.0, "name": "35 to 39 years", "female": 185.0}, {"male": 165.0, "name": "40 to 44 years", "female": 204.0}, {"male": 252.0, "name": "45 to 49 years", "female": 252.0}, {"male": 278.0, "name": "50 to 54 years", "female": 332.0}, {"male": 354.0, "name": "55 to 59 years", "female": 340.0}, {"male": 156.0, "name": "60 to 61 years", "female": 134.0}, {"male": 181.0, "name": "62 to 64 years", "female": 186.0}, {"male": 125.0, "name": "65 and 66 years", "female": 104.0}, {"male": 179.0, "name": "67 to 69 years", "female": 154.0}, {"male": 220.0, "name": "70 to 74 years", "female": 204.0}, {"male": 161.0, "name": "75 to 79 years", "female": 161.0}, {"male": 97.0, "name": "80 to 84 years", "female": 115.0}, {"male": 96.0, "name": "85 years and over", "female": 144.0}], "age_by_sex": [{"name": "Male", "value": 50.0}, {"name": "Female", "value": 50.0}], "GEOID": "41023", "NECTA": ""}, "Wallowa County": {"CNECTA": "", "COUNTY": "063", "HU100": "4108", "NAME": "Wallowa County", "P001001.2000": "7226", "CSA": "999", "P001001": "7008", "POP100": "7008", "SUMLEV": "050", "STATE": "41", "CBSA": "99999", "race": [{"name": "White", "value": 6731}, {"name": "Black", "value": 26}, {"name": "American Indian or Alaska", "value": 45}, {"name": "Asian", "value": 24}, {"name": "Native Hawaiian", "value": 7}, {"name": "Other Race", "value": 37}, {"name": "Two or More Races", "value": 138}], "HU100.2000": "3900", "POP100.2000": "7226", "sex_by_age": [{"male": 183.0, "name": "Under 5 years", "female": 188.0}, {"male": 182.0, "name": "5 to 9 years", "female": 202.0}, {"male": 174.0, "name": "10 to 14 years", "female": 180.0}, {"male": 109.0, "name": "15 to 17 years", "female": 101.0}, {"male": 62.0, "name": "18 and 19 years", "female": 51.0}, {"male": 27.0, "name": "20 years", "female": 22.0}, {"male": 16.0, "name": "21 years", "female": 19.0}, {"male": 83.0, "name": "22 to 24 years", "female": 101.0}, {"male": 151.0, "name": "25 to 29 years", "female": 160.0}, {"male": 164.0, "name": "30 to 34 years", "female": 163.0}, {"male": 144.0, "name": "35 to 39 years", "female": 140.0}, {"male": 160.0, "name": "40 to 44 years", "female": 178.0}, {"male": 200.0, "name": "45 to 49 years", "female": 281.0}, {"male": 296.0, "name": "50 to 54 years", "female": 313.0}, {"male": 350.0, "name": "55 to 59 years", "female": 357.0}, {"male": 131.0, "name": "60 to 61 years", "female": 126.0}, {"male": 200.0, "name": "62 to 64 years", "female": 168.0}, {"male": 99.0, "name": "65 and 66 years", "female": 112.0}, {"male": 147.0, "name": "67 to 69 years", "female": 141.0}, {"male": 213.0, "name": "70 to 74 years", "female": 170.0}, {"male": 143.0, "name": "75 to 79 years", "female": 140.0}, {"male": 108.0, "name": "80 to 84 years", "female": 124.0}, {"male": 97.0, "name": "85 years and over", "female": 132.0}], "age_by_sex": [{"name": "Male", "value": 51.0}, {"name": "Female", "value": 50.0}], "GEOID": "41063", "NECTA": ""}, "Lane County": {"CNECTA": "", "COUNTY": "039", "HU100": "156112", "NAME": "Lane County", "P001001.2000": "322959", "CSA": "999", "P001001": "351715", "POP100": "351715", "SUMLEV": "050", "STATE": "41", "CBSA": "21660", "race": [{"name": "White", "value": 310685}, {"name": "Black", "value": 3369}, {"name": "American Indian or Alaska", "value": 4070}, {"name": "Asian", "value": 8322}, {"name": "Native Hawaiian", "value": 769}, {"name": "Other Race", "value": 9837}, {"name": "Two or More Races", "value": 14663}], "HU100.2000": "138946", "POP100.2000": "322959", "sex_by_age": [{"male": 9414.0, "name": "Under 5 years", "female": 8967.0}, {"male": 9599.0, "name": "5 to 9 years", "female": 9177.0}, {"male": 10374.0, "name": "10 to 14 years", "female": 9758.0}, {"male": 6393.0, "name": "15 to 17 years", "female": 6007.0}, {"male": 6452.0, "name": "18 and 19 years", "female": 6680.0}, {"male": 4056.0, "name": "20 years", "female": 3686.0}, {"male": 3582.0, "name": "21 years", "female": 3399.0}, {"male": 8405.0, "name": "22 to 24 years", "female": 7988.0}, {"male": 12196.0, "name": "25 to 29 years", "female": 11930.0}, {"male": 11175.0, "name": "30 to 34 years", "female": 10725.0}, {"male": 10271.0, "name": "35 to 39 years", "female": 9924.0}, {"male": 10301.0, "name": "40 to 44 years", "female": 10251.0}, {"male": 11116.0, "name": "45 to 49 years", "female": 11782.0}, {"male": 12052.0, "name": "50 to 54 years", "female": 13200.0}, {"male": 12774.0, "name": "55 to 59 years", "female": 14041.0}, {"male": 4971.0, "name": "60 to 61 years", "female": 5068.0}, {"male": 6476.0, "name": "62 to 64 years", "female": 6744.0}, {"male": 3429.0, "name": "65 and 66 years", "female": 3691.0}, {"male": 4466.0, "name": "67 to 69 years", "female": 4896.0}, {"male": 5631.0, "name": "70 to 74 years", "female": 6245.0}, {"male": 4066.0, "name": "75 to 79 years", "female": 4827.0}, {"male": 3111.0, "name": "80 to 84 years", "female": 4493.0}, {"male": 2734.0, "name": "85 years and over", "female": 5192.0}], "age_by_sex": [{"name": "Male", "value": 37.399999999999999}, {"name": "Female", "value": 40.5}], "GEOID": "41039", "NECTA": ""}, "Multnomah County": {"CNECTA": "", "COUNTY": "051", "HU100": "324832", "NAME": "Multnomah County", "P001001.2000": "660486", "CSA": "999", "P001001": "735334", "POP100": "735334", "SUMLEV": "050", "STATE": "41", "CBSA": "38900", "race": [{"name": "White", "value": 562421}, {"name": "Black", "value": 41401}, {"name": "American Indian or Alaska", "value": 7825}, {"name": "Asian", "value": 47950}, {"name": "Native Hawaiian", "value": 4029}, {"name": "Other Race", "value": 37865}, {"name": "Two or More Races", "value": 33843}], "HU100.2000": "288561", "POP100.2000": "660486", "sex_by_age": [{"male": 23682.0, "name": "Under 5 years", "female": 22616.0}, {"male": 21428.0, "name": "5 to 9 years", "female": 20622.0}, {"male": 19964.0, "name": "10 to 14 years", "female": 19113.0}, {"male": 11806.0, "name": "15 to 17 years", "female": 11452.0}, {"male": 9096.0, "name": "18 and 19 years", "female": 9082.0}, {"male": 4653.0, "name": "20 years", "female": 4912.0}, {"male": 4864.0, "name": "21 years", "female": 5161.0}, {"male": 16428.0, "name": "22 to 24 years", "female": 17398.0}, {"male": 34251.0, "name": "25 to 29 years", "female": 35379.0}, {"male": 33552.0, "name": "30 to 34 years", "female": 32936.0}, {"male": 30860.0, "name": "35 to 39 years", "female": 28791.0}, {"male": 27476.0, "name": "40 to 44 years", "female": 25423.0}, {"male": 25123.0, "name": "45 to 49 years", "female": 24302.0}, {"male": 24698.0, "name": "50 to 54 years", "female": 25076.0}, {"male": 24148.0, "name": "55 to 59 years", "female": 24705.0}, {"male": 8454.0, "name": "60 to 61 years", "female": 8597.0}, {"male": 10630.0, "name": "62 to 64 years", "female": 11233.0}, {"male": 5307.0, "name": "65 and 66 years", "female": 5727.0}, {"male": 6341.0, "name": "67 to 69 years", "female": 7261.0}, {"male": 7368.0, "name": "70 to 74 years", "female": 9012.0}, {"male": 5344.0, "name": "75 to 79 years", "female": 7413.0}, {"male": 4251.0, "name": "80 to 84 years", "female": 6857.0}, {"male": 3921.0, "name": "85 years and over", "female": 8621.0}], "age_by_sex": [{"name": "Male", "value": 35.299999999999997}, {"name": "Female", "value": 36.200000000000003}], "GEOID": "41051", "NECTA": ""}}