{"Rockingham County": {"CNECTA": "", "COUNTY": "015", "HU100": "126709", "NAME": "Rockingham County", "P001001.2000": "277359", "CSA": "148", "P001001": "295223", "POP100": "295223", "SUMLEV": "050", "STATE": "33", "CBSA": "14460", "race": [{"name": "White", "value": 281966}, {"name": "Black", "value": 1996}, {"name": "American Indian or Alaska", "value": 486}, {"name": "Asian", "value": 4943}, {"name": "Native Hawaiian", "value": 100}, {"name": "Other Race", "value": 1678}, {"name": "Two or More Races", "value": 4054}], "HU100.2000": "113023", "POP100.2000": "277359", "sex_by_age": [{"male": 7541.0, "name": "Under 5 years", "female": 7442.0}, {"male": 9376.0, "name": "5 to 9 years", "female": 8957.0}, {"male": 10623.0, "name": "10 to 14 years", "female": 10076.0}, {"male": 6856.0, "name": "15 to 17 years", "female": 6567.0}, {"male": 3426.0, "name": "18 and 19 years", "female": 2961.0}, {"male": 1505.0, "name": "20 years", "female": 1219.0}, {"male": 1551.0, "name": "21 years", "female": 1301.0}, {"male": 4994.0, "name": "22 to 24 years", "female": 4576.0}, {"male": 7381.0, "name": "25 to 29 years", "female": 7190.0}, {"male": 7198.0, "name": "30 to 34 years", "female": 7488.0}, {"male": 9172.0, "name": "35 to 39 years", "female": 9800.0}, {"male": 11794.0, "name": "40 to 44 years", "female": 12320.0}, {"male": 13959.0, "name": "45 to 49 years", "female": 14412.0}, {"male": 13607.0, "name": "50 to 54 years", "female": 13539.0}, {"male": 10965.0, "name": "55 to 59 years", "female": 11221.0}, {"male": 3949.0, "name": "60 to 61 years", "female": 3983.0}, {"male": 5266.0, "name": "62 to 64 years", "female": 5584.0}, {"male": 2725.0, "name": "65 and 66 years", "female": 2817.0}, {"male": 3471.0, "name": "67 to 69 years", "female": 3684.0}, {"male": 4012.0, "name": "70 to 74 years", "female": 4507.0}, {"male": 3029.0, "name": "75 to 79 years", "female": 3641.0}, {"male": 1958.0, "name": "80 to 84 years", "female": 2943.0}, {"male": 1528.0, "name": "85 years and over", "female": 3109.0}], "age_by_sex": [{"name": "Male", "value": 41.399999999999999}, {"name": "Female", "value": 43.0}], "GEOID": "33015", "NECTA": ""}, "Grafton County": {"CNECTA": "", "COUNTY": "009", "HU100": "51120", "NAME": "Grafton County", "P001001.2000": "81743", "CSA": "180", "P001001": "89118", "POP100": "89118", "SUMLEV": "050", "STATE": "33", "CBSA": "30100", "race": [{"name": "White", "value": 83386}, {"name": "Black", "value": 828}, {"name": "American Indian or Alaska", "value": 329}, {"name": "Asian", "value": 2633}, {"name": "Native Hawaiian", "value": 16}, {"name": "Other Race", "value": 366}, {"name": "Two or More Races", "value": 1560}], "HU100.2000": "43729", "POP100.2000": "81743", "sex_by_age": [{"male": 2101.0, "name": "Under 5 years", "female": 1995.0}, {"male": 2157.0, "name": "5 to 9 years", "female": 2123.0}, {"male": 2476.0, "name": "10 to 14 years", "female": 2347.0}, {"male": 1643.0, "name": "15 to 17 years", "female": 1542.0}, {"male": 2120.0, "name": "18 and 19 years", "female": 1969.0}, {"male": 1222.0, "name": "20 years", "female": 1152.0}, {"male": 1207.0, "name": "21 years", "female": 1102.0}, {"male": 2077.0, "name": "22 to 24 years", "female": 1866.0}, {"male": 2537.0, "name": "25 to 29 years", "female": 2448.0}, {"male": 2214.0, "name": "30 to 34 years", "female": 2249.0}, {"male": 2301.0, "name": "35 to 39 years", "female": 2436.0}, {"male": 2627.0, "name": "40 to 44 years", "female": 2786.0}, {"male": 3234.0, "name": "45 to 49 years", "female": 3392.0}, {"male": 3520.0, "name": "50 to 54 years", "female": 3727.0}, {"male": 3377.0, "name": "55 to 59 years", "female": 3437.0}, {"male": 1218.0, "name": "60 to 61 years", "female": 1273.0}, {"male": 1707.0, "name": "62 to 64 years", "female": 1725.0}, {"male": 944.0, "name": "65 and 66 years", "female": 962.0}, {"male": 1246.0, "name": "67 to 69 years", "female": 1247.0}, {"male": 1506.0, "name": "70 to 74 years", "female": 1532.0}, {"male": 1142.0, "name": "75 to 79 years", "female": 1296.0}, {"male": 795.0, "name": "80 to 84 years", "female": 1092.0}, {"male": 700.0, "name": "85 years and over", "female": 1349.0}], "age_by_sex": [{"name": "Male", "value": 40.0}, {"name": "Female", "value": 42.399999999999999}], "GEOID": "33009", "NECTA": ""}, "Carroll County": {"CNECTA": "", "COUNTY": "003", "HU100": "39813", "NAME": "Carroll County", "P001001.2000": "43666", "CSA": "999", "P001001": "47818", "POP100": "47818", "SUMLEV": "050", "STATE": "33", "CBSA": "99999", "race": [{"name": "White", "value": 46627}, {"name": "Black", "value": 139}, {"name": "American Indian or Alaska", "value": 132}, {"name": "Asian", "value": 305}, {"name": "Native Hawaiian", "value": 7}, {"name": "Other Race", "value": 75}, {"name": "Two or More Races", "value": 533}], "HU100.2000": "34750", "POP100.2000": "43666", "sex_by_age": [{"male": 1042.0, "name": "Under 5 years", "female": 928.0}, {"male": 1156.0, "name": "5 to 9 years", "female": 1161.0}, {"male": 1471.0, "name": "10 to 14 years", "female": 1350.0}, {"male": 945.0, "name": "15 to 17 years", "female": 864.0}, {"male": 488.0, "name": "18 and 19 years", "female": 393.0}, {"male": 189.0, "name": "20 years", "female": 179.0}, {"male": 157.0, "name": "21 years", "female": 182.0}, {"male": 587.0, "name": "22 to 24 years", "female": 555.0}, {"male": 1009.0, "name": "25 to 29 years", "female": 982.0}, {"male": 949.0, "name": "30 to 34 years", "female": 987.0}, {"male": 1224.0, "name": "35 to 39 years", "female": 1300.0}, {"male": 1572.0, "name": "40 to 44 years", "female": 1648.0}, {"male": 1939.0, "name": "45 to 49 years", "female": 2068.0}, {"male": 2127.0, "name": "50 to 54 years", "female": 2213.0}, {"male": 2057.0, "name": "55 to 59 years", "female": 2148.0}, {"male": 791.0, "name": "60 to 61 years", "female": 825.0}, {"male": 1251.0, "name": "62 to 64 years", "female": 1243.0}, {"male": 688.0, "name": "65 and 66 years", "female": 652.0}, {"male": 960.0, "name": "67 to 69 years", "female": 902.0}, {"male": 1121.0, "name": "70 to 74 years", "female": 1168.0}, {"male": 902.0, "name": "75 to 79 years", "female": 911.0}, {"male": 585.0, "name": "80 to 84 years", "female": 755.0}, {"male": 476.0, "name": "85 years and over", "female": 718.0}], "age_by_sex": [{"name": "Male", "value": 47.799999999999997}, {"name": "Female", "value": 48.799999999999997}], "GEOID": "33003", "NECTA": ""}, "Strafford County": {"CNECTA": "", "COUNTY": "017", "HU100": "51697", "NAME": "Strafford County", "P001001.2000": "112233", "CSA": "148", "P001001": "123143", "POP100": "123143", "SUMLEV": "050", "STATE": "33", "CBSA": "14460", "race": [{"name": "White", "value": 115545}, {"name": "Black", "value": 1242}, {"name": "American Indian or Alaska", "value": 275}, {"name": "Asian", "value": 3191}, {"name": "Native Hawaiian", "value": 44}, {"name": "Other Race", "value": 556}, {"name": "Two or More Races", "value": 2290}], "HU100.2000": "45539", "POP100.2000": "112233", "sex_by_age": [{"male": 3579.0, "name": "Under 5 years", "female": 3238.0}, {"male": 3555.0, "name": "5 to 9 years", "female": 3469.0}, {"male": 3666.0, "name": "10 to 14 years", "female": 3490.0}, {"male": 2313.0, "name": "15 to 17 years", "female": 2110.0}, {"male": 2748.0, "name": "18 and 19 years", "female": 3509.0}, {"male": 1557.0, "name": "20 years", "female": 1718.0}, {"male": 1471.0, "name": "21 years", "female": 1787.0}, {"male": 3026.0, "name": "22 to 24 years", "female": 2914.0}, {"male": 3844.0, "name": "25 to 29 years", "female": 3825.0}, {"male": 3542.0, "name": "30 to 34 years", "female": 3573.0}, {"male": 3733.0, "name": "35 to 39 years", "female": 3817.0}, {"male": 4163.0, "name": "40 to 44 years", "female": 4298.0}, {"male": 4773.0, "name": "45 to 49 years", "female": 4965.0}, {"male": 4751.0, "name": "50 to 54 years", "female": 4868.0}, {"male": 3822.0, "name": "55 to 59 years", "female": 3912.0}, {"male": 1329.0, "name": "60 to 61 years", "female": 1428.0}, {"male": 1784.0, "name": "62 to 64 years", "female": 1921.0}, {"male": 978.0, "name": "65 and 66 years", "female": 993.0}, {"male": 1245.0, "name": "67 to 69 years", "female": 1402.0}, {"male": 1438.0, "name": "70 to 74 years", "female": 1730.0}, {"male": 1251.0, "name": "75 to 79 years", "female": 1526.0}, {"male": 815.0, "name": "80 to 84 years", "female": 1249.0}, {"male": 629.0, "name": "85 years and over", "female": 1389.0}], "age_by_sex": [{"name": "Male", "value": 36.0}, {"name": "Female", "value": 37.700000000000003}], "GEOID": "33017", "NECTA": ""}, "Hillsborough County": {"CNECTA": "", "COUNTY": "011", "HU100": "166053", "NAME": "Hillsborough County", "P001001.2000": "380841", "CSA": "148", "P001001": "400721", "POP100": "400721", "SUMLEV": "050", "STATE": "33", "CBSA": "31700", "race": [{"name": "White", "value": 362153}, {"name": "Black", "value": 8298}, {"name": "American Indian or Alaska", "value": 961}, {"name": "Asian", "value": 12954}, {"name": "Native Hawaiian", "value": 140}, {"name": "Other Race", "value": 8276}, {"name": "Two or More Races", "value": 7939}], "HU100.2000": "149961", "POP100.2000": "380841", "sex_by_age": [{"male": 12059.0, "name": "Under 5 years", "female": 11765.0}, {"male": 13078.0, "name": "5 to 9 years", "female": 12510.0}, {"male": 13880.0, "name": "10 to 14 years", "female": 13265.0}, {"male": 9064.0, "name": "15 to 17 years", "female": 8461.0}, {"male": 5334.0, "name": "18 and 19 years", "female": 4857.0}, {"male": 2435.0, "name": "20 years", "female": 2281.0}, {"male": 2361.0, "name": "21 years", "female": 2431.0}, {"male": 7476.0, "name": "22 to 24 years", "female": 7269.0}, {"male": 12379.0, "name": "25 to 29 years", "female": 12278.0}, {"male": 12140.0, "name": "30 to 34 years", "female": 12301.0}, {"male": 13399.0, "name": "35 to 39 years", "female": 13482.0}, {"male": 15286.0, "name": "40 to 44 years", "female": 15412.0}, {"male": 17640.0, "name": "45 to 49 years", "female": 17627.0}, {"male": 16634.0, "name": "50 to 54 years", "female": 16575.0}, {"male": 13520.0, "name": "55 to 59 years", "female": 13554.0}, {"male": 4645.0, "name": "60 to 61 years", "female": 4830.0}, {"male": 6367.0, "name": "62 to 64 years", "female": 6599.0}, {"male": 3238.0, "name": "65 and 66 years", "female": 3392.0}, {"male": 3970.0, "name": "67 to 69 years", "female": 4445.0}, {"male": 4868.0, "name": "70 to 74 years", "female": 5647.0}, {"male": 3584.0, "name": "75 to 79 years", "female": 4741.0}, {"male": 2665.0, "name": "80 to 84 years", "female": 4129.0}, {"male": 2140.0, "name": "85 years and over", "female": 4708.0}], "age_by_sex": [{"name": "Male", "value": 38.5}, {"name": "Female", "value": 40.100000000000001}], "GEOID": "33011", "NECTA": ""}, "Belknap County": {"CNECTA": "", "COUNTY": "001", "HU100": "37386", "NAME": "Belknap County", "P001001.2000": "56325", "CSA": "148", "P001001": "60088", "POP100": "60088", "SUMLEV": "050", "STATE": "33", "CBSA": "29060", "race": [{"name": "White", "value": 58059}, {"name": "Black", "value": 279}, {"name": "American Indian or Alaska", "value": 126}, {"name": "Asian", "value": 699}, {"name": "Native Hawaiian", "value": 11}, {"name": "Other Race", "value": 140}, {"name": "Two or More Races", "value": 774}], "HU100.2000": "32121", "POP100.2000": "56325", "sex_by_age": [{"male": 1499.0, "name": "Under 5 years", "female": 1548.0}, {"male": 1678.0, "name": "5 to 9 years", "female": 1618.0}, {"male": 1897.0, "name": "10 to 14 years", "female": 1791.0}, {"male": 1279.0, "name": "15 to 17 years", "female": 1171.0}, {"male": 680.0, "name": "18 and 19 years", "female": 612.0}, {"male": 322.0, "name": "20 years", "female": 241.0}, {"male": 239.0, "name": "21 years", "female": 220.0}, {"male": 837.0, "name": "22 to 24 years", "female": 856.0}, {"male": 1516.0, "name": "25 to 29 years", "female": 1623.0}, {"male": 1489.0, "name": "30 to 34 years", "female": 1561.0}, {"male": 1712.0, "name": "35 to 39 years", "female": 1836.0}, {"male": 2022.0, "name": "40 to 44 years", "female": 2093.0}, {"male": 2421.0, "name": "45 to 49 years", "female": 2508.0}, {"male": 2528.0, "name": "50 to 54 years", "female": 2692.0}, {"male": 2473.0, "name": "55 to 59 years", "female": 2486.0}, {"male": 904.0, "name": "60 to 61 years", "female": 951.0}, {"male": 1317.0, "name": "62 to 64 years", "female": 1411.0}, {"male": 739.0, "name": "65 and 66 years", "female": 696.0}, {"male": 913.0, "name": "67 to 69 years", "female": 911.0}, {"male": 1073.0, "name": "70 to 74 years", "female": 1125.0}, {"male": 813.0, "name": "75 to 79 years", "female": 907.0}, {"male": 621.0, "name": "80 to 84 years", "female": 815.0}, {"male": 508.0, "name": "85 years and over", "female": 936.0}], "age_by_sex": [{"name": "Male", "value": 44.0}, {"name": "Female", "value": 45.299999999999997}], "GEOID": "33001", "NECTA": ""}, "Cheshire County": {"CNECTA": "", "COUNTY": "005", "HU100": "34773", "NAME": "Cheshire County", "P001001.2000": "73825", "CSA": "999", "P001001": "77117", "POP100": "77117", "SUMLEV": "050", "STATE": "33", "CBSA": "28300", "race": [{"name": "White", "value": 74239}, {"name": "Black", "value": 390}, {"name": "American Indian or Alaska", "value": 193}, {"name": "Asian", "value": 921}, {"name": "Native Hawaiian", "value": 19}, {"name": "Other Race", "value": 275}, {"name": "Two or More Races", "value": 1080}], "HU100.2000": "31876", "POP100.2000": "73825", "sex_by_age": [{"male": 1889.0, "name": "Under 5 years", "female": 1820.0}, {"male": 2153.0, "name": "5 to 9 years", "female": 2033.0}, {"male": 2162.0, "name": "10 to 14 years", "female": 2135.0}, {"male": 1494.0, "name": "15 to 17 years", "female": 1426.0}, {"male": 1658.0, "name": "18 and 19 years", "female": 1927.0}, {"male": 933.0, "name": "20 years", "female": 1009.0}, {"male": 906.0, "name": "21 years", "female": 957.0}, {"male": 1667.0, "name": "22 to 24 years", "female": 1607.0}, {"male": 2064.0, "name": "25 to 29 years", "female": 2009.0}, {"male": 1854.0, "name": "30 to 34 years", "female": 1945.0}, {"male": 2075.0, "name": "35 to 39 years", "female": 2163.0}, {"male": 2470.0, "name": "40 to 44 years", "female": 2516.0}, {"male": 2843.0, "name": "45 to 49 years", "female": 3038.0}, {"male": 2985.0, "name": "50 to 54 years", "female": 3174.0}, {"male": 2912.0, "name": "55 to 59 years", "female": 2930.0}, {"male": 1051.0, "name": "60 to 61 years", "female": 1040.0}, {"male": 1401.0, "name": "62 to 64 years", "female": 1529.0}, {"male": 750.0, "name": "65 and 66 years", "female": 735.0}, {"male": 981.0, "name": "67 to 69 years", "female": 1098.0}, {"male": 1203.0, "name": "70 to 74 years", "female": 1319.0}, {"male": 976.0, "name": "75 to 79 years", "female": 1105.0}, {"male": 681.0, "name": "80 to 84 years", "female": 982.0}, {"male": 493.0, "name": "85 years and over", "female": 1019.0}], "age_by_sex": [{"name": "Male", "value": 39.899999999999999}, {"name": "Female", "value": 41.399999999999999}], "GEOID": "33005", "NECTA": ""}, "Coos County": {"CNECTA": "", "COUNTY": "007", "HU100": "21321", "NAME": "Coos County", "P001001.2000": "33111", "CSA": "999", "P001001": "33055", "POP100": "33055", "SUMLEV": "050", "STATE": "33", "CBSA": "13620", "race": [{"name": "White", "value": 32045}, {"name": "Black", "value": 148}, {"name": "American Indian or Alaska", "value": 128}, {"name": "Asian", "value": 165}, {"name": "Native Hawaiian", "value": 1}, {"name": "Other Race", "value": 95}, {"name": "Two or More Races", "value": 473}], "HU100.2000": "19623", "POP100.2000": "33111", "sex_by_age": [{"male": 777.0, "name": "Under 5 years", "female": 686.0}, {"male": 818.0, "name": "5 to 9 years", "female": 814.0}, {"male": 989.0, "name": "10 to 14 years", "female": 856.0}, {"male": 697.0, "name": "15 to 17 years", "female": 615.0}, {"male": 373.0, "name": "18 and 19 years", "female": 311.0}, {"male": 185.0, "name": "20 years", "female": 128.0}, {"male": 161.0, "name": "21 years", "female": 123.0}, {"male": 500.0, "name": "22 to 24 years", "female": 446.0}, {"male": 853.0, "name": "25 to 29 years", "female": 713.0}, {"male": 841.0, "name": "30 to 34 years", "female": 802.0}, {"male": 1002.0, "name": "35 to 39 years", "female": 888.0}, {"male": 1188.0, "name": "40 to 44 years", "female": 1018.0}, {"male": 1318.0, "name": "45 to 49 years", "female": 1357.0}, {"male": 1540.0, "name": "50 to 54 years", "female": 1370.0}, {"male": 1397.0, "name": "55 to 59 years", "female": 1425.0}, {"male": 542.0, "name": "60 to 61 years", "female": 496.0}, {"male": 748.0, "name": "62 to 64 years", "female": 679.0}, {"male": 397.0, "name": "65 and 66 years", "female": 390.0}, {"male": 555.0, "name": "67 to 69 years", "female": 525.0}, {"male": 701.0, "name": "70 to 74 years", "female": 723.0}, {"male": 487.0, "name": "75 to 79 years", "female": 635.0}, {"male": 425.0, "name": "80 to 84 years", "female": 597.0}, {"male": 308.0, "name": "85 years and over", "female": 656.0}], "age_by_sex": [{"name": "Male", "value": 45.100000000000001}, {"name": "Female", "value": 47.700000000000003}], "GEOID": "33007", "NECTA": ""}, "Sullivan County": {"CNECTA": "", "COUNTY": "019", "HU100": "22341", "NAME": "Sullivan County", "P001001.2000": "40458", "CSA": "180", "P001001": "43742", "POP100": "43742", "SUMLEV": "050", "STATE": "33", "CBSA": "17200", "race": [{"name": "White", "value": 42421}, {"name": "Black", "value": 185}, {"name": "American Indian or Alaska", "value": 129}, {"name": "Asian", "value": 271}, {"name": "Native Hawaiian", "value": 5}, {"name": "Other Race", "value": 117}, {"name": "Two or More Races", "value": 614}], "HU100.2000": "20158", "POP100.2000": "40458", "sex_by_age": [{"male": 1221.0, "name": "Under 5 years", "female": 1114.0}, {"male": 1235.0, "name": "5 to 9 years", "female": 1264.0}, {"male": 1448.0, "name": "10 to 14 years", "female": 1252.0}, {"male": 838.0, "name": "15 to 17 years", "female": 830.0}, {"male": 467.0, "name": "18 and 19 years", "female": 442.0}, {"male": 242.0, "name": "20 years", "female": 173.0}, {"male": 197.0, "name": "21 years", "female": 182.0}, {"male": 629.0, "name": "22 to 24 years", "female": 677.0}, {"male": 1120.0, "name": "25 to 29 years", "female": 1125.0}, {"male": 1105.0, "name": "30 to 34 years", "female": 1177.0}, {"male": 1369.0, "name": "35 to 39 years", "female": 1300.0}, {"male": 1570.0, "name": "40 to 44 years", "female": 1545.0}, {"male": 1763.0, "name": "45 to 49 years", "female": 1801.0}, {"male": 1892.0, "name": "50 to 54 years", "female": 1891.0}, {"male": 1755.0, "name": "55 to 59 years", "female": 1763.0}, {"male": 638.0, "name": "60 to 61 years", "female": 700.0}, {"male": 904.0, "name": "62 to 64 years", "female": 896.0}, {"male": 474.0, "name": "65 and 66 years", "female": 512.0}, {"male": 658.0, "name": "67 to 69 years", "female": 704.0}, {"male": 776.0, "name": "70 to 74 years", "female": 847.0}, {"male": 588.0, "name": "75 to 79 years", "female": 686.0}, {"male": 419.0, "name": "80 to 84 years", "female": 599.0}, {"male": 313.0, "name": "85 years and over", "female": 641.0}], "age_by_sex": [{"name": "Male", "value": 43.0}, {"name": "Female", "value": 44.899999999999999}], "GEOID": "33019", "NECTA": ""}, "Merrimack County": {"CNECTA": "", "COUNTY": "013", "HU100": "63541", "NAME": "Merrimack County", "P001001.2000": "136225", "CSA": "148", "P001001": "146445", "POP100": "146445", "SUMLEV": "050", "STATE": "33", "CBSA": "18180", "race": [{"name": "White", "value": 139609}, {"name": "Black", "value": 1530}, {"name": "American Indian or Alaska", "value": 391}, {"name": "Asian", "value": 2325}, {"name": "Native Hawaiian", "value": 41}, {"name": "Other Race", "value": 484}, {"name": "Two or More Races", "value": 2065}], "HU100.2000": "56244", "POP100.2000": "136225", "sex_by_age": [{"male": 3878.0, "name": "Under 5 years", "female": 3684.0}, {"male": 4338.0, "name": "5 to 9 years", "female": 4263.0}, {"male": 4982.0, "name": "10 to 14 years", "female": 4464.0}, {"male": 3211.0, "name": "15 to 17 years", "female": 3126.0}, {"male": 2134.0, "name": "18 and 19 years", "female": 2159.0}, {"male": 962.0, "name": "20 years", "female": 939.0}, {"male": 895.0, "name": "21 years", "female": 926.0}, {"male": 2608.0, "name": "22 to 24 years", "female": 2432.0}, {"male": 4235.0, "name": "25 to 29 years", "female": 3990.0}, {"male": 3969.0, "name": "30 to 34 years", "female": 3967.0}, {"male": 4569.0, "name": "35 to 39 years", "female": 4574.0}, {"male": 5330.0, "name": "40 to 44 years", "female": 5368.0}, {"male": 6177.0, "name": "45 to 49 years", "female": 6329.0}, {"male": 6280.0, "name": "50 to 54 years", "female": 6484.0}, {"male": 5481.0, "name": "55 to 59 years", "female": 5654.0}, {"male": 1902.0, "name": "60 to 61 years", "female": 1992.0}, {"male": 2539.0, "name": "62 to 64 years", "female": 2596.0}, {"male": 1247.0, "name": "65 and 66 years", "female": 1345.0}, {"male": 1747.0, "name": "67 to 69 years", "female": 1838.0}, {"male": 2000.0, "name": "70 to 74 years", "female": 2290.0}, {"male": 1539.0, "name": "75 to 79 years", "female": 2015.0}, {"male": 1094.0, "name": "80 to 84 years", "female": 1752.0}, {"male": 956.0, "name": "85 years and over", "female": 2185.0}], "age_by_sex": [{"name": "Male", "value": 40.200000000000003}, {"name": "Female", "value": 42.5}], "GEOID": "33013", "NECTA": ""}}