{"Sussex County": {"CNECTA": "", "COUNTY": "005", "HU100": "123036", "NAME": "Sussex County", "P001001.2000": "156638", "CSA": "999", "P001001": "197145", "POP100": "197145", "SUMLEV": "050", "STATE": "10", "CBSA": "42580", "race": [{"name": "White", "value": 155663}, {"name": "Black", "value": 25115}, {"name": "American Indian or Alaska", "value": 1564}, {"name": "Asian", "value": 1943}, {"name": "Native Hawaiian", "value": 150}, {"name": "Other Race", "value": 8169}, {"name": "Two or More Races", "value": 4541}], "HU100.2000": "93070", "POP100.2000": "156638", "sex_by_age": [{"male": 5843.0, "name": "Under 5 years", "female": 5644.0}, {"male": 5693.0, "name": "5 to 9 years", "female": 5384.0}, {"male": 5399.0, "name": "10 to 14 years", "female": 5290.0}, {"male": 3580.0, "name": "15 to 17 years", "female": 3474.0}, {"male": 2218.0, "name": "18 and 19 years", "female": 1975.0}, {"male": 1093.0, "name": "20 years", "female": 940.0}, {"male": 970.0, "name": "21 years", "female": 914.0}, {"male": 3150.0, "name": "22 to 24 years", "female": 3106.0}, {"male": 5534.0, "name": "25 to 29 years", "female": 5270.0}, {"male": 4990.0, "name": "30 to 34 years", "female": 4862.0}, {"male": 5136.0, "name": "35 to 39 years", "female": 5264.0}, {"male": 5851.0, "name": "40 to 44 years", "female": 5968.0}, {"male": 6839.0, "name": "45 to 49 years", "female": 7131.0}, {"male": 6918.0, "name": "50 to 54 years", "female": 7502.0}, {"male": 6718.0, "name": "55 to 59 years", "female": 7680.0}, {"male": 2887.0, "name": "60 to 61 years", "female": 3217.0}, {"male": 4539.0, "name": "62 to 64 years", "female": 5093.0}, {"male": 2726.0, "name": "65 and 66 years", "female": 3014.0}, {"male": 3902.0, "name": "67 to 69 years", "female": 4279.0}, {"male": 4977.0, "name": "70 to 74 years", "female": 5361.0}, {"male": 3615.0, "name": "75 to 79 years", "female": 3951.0}, {"male": 2293.0, "name": "80 to 84 years", "female": 2810.0}, {"male": 1362.0, "name": "85 years and over", "female": 2783.0}], "age_by_sex": [{"name": "Male", "value": 44.0}, {"name": "Female", "value": 46.700000000000003}], "GEOID": "10005", "NECTA": ""}, "New Castle County": {"CNECTA": "", "COUNTY": "003", "HU100": "217511", "NAME": "New Castle County", "P001001.2000": "500265", "CSA": "428", "P001001": "538479", "POP100": "538479", "SUMLEV": "050", "STATE": "10", "CBSA": "37980", "race": [{"name": "White", "value": 352955}, {"name": "Black", "value": 127786}, {"name": "American Indian or Alaska", "value": 1574}, {"name": "Asian", "value": 23300}, {"name": "Native Hawaiian", "value": 159}, {"name": "Other Race", "value": 19115}, {"name": "Two or More Races", "value": 13590}], "HU100.2000": "199521", "POP100.2000": "500265", "sex_by_age": [{"male": 16866.0, "name": "Under 5 years", "female": 16383.0}, {"male": 17360.0, "name": "5 to 9 years", "female": 16763.0}, {"male": 17854.0, "name": "10 to 14 years", "female": 17186.0}, {"male": 11644.0, "name": "15 to 17 years", "female": 11023.0}, {"male": 9012.0, "name": "18 and 19 years", "female": 9287.0}, {"male": 4582.0, "name": "20 years", "female": 4784.0}, {"male": 4293.0, "name": "21 years", "female": 4543.0}, {"male": 11267.0, "name": "22 to 24 years", "female": 10988.0}, {"male": 18101.0, "name": "25 to 29 years", "female": 18204.0}, {"male": 16967.0, "name": "30 to 34 years", "female": 17472.0}, {"male": 17315.0, "name": "35 to 39 years", "female": 17790.0}, {"male": 18356.0, "name": "40 to 44 years", "female": 19837.0}, {"male": 20122.0, "name": "45 to 49 years", "female": 21436.0}, {"male": 19528.0, "name": "50 to 54 years", "female": 20901.0}, {"male": 16073.0, "name": "55 to 59 years", "female": 17917.0}, {"male": 5642.0, "name": "60 to 61 years", "female": 6317.0}, {"male": 7662.0, "name": "62 to 64 years", "female": 8782.0}, {"male": 4087.0, "name": "65 and 66 years", "female": 4685.0}, {"male": 5389.0, "name": "67 to 69 years", "female": 6483.0}, {"male": 6660.0, "name": "70 to 74 years", "female": 8191.0}, {"male": 5133.0, "name": "75 to 79 years", "female": 6972.0}, {"male": 3766.0, "name": "80 to 84 years", "female": 5660.0}, {"male": 2992.0, "name": "85 years and over", "female": 6204.0}], "age_by_sex": [{"name": "Male", "value": 35.700000000000003}, {"name": "Female", "value": 38.600000000000001}], "GEOID": "10003", "NECTA": ""}, "Kent County": {"CNECTA": "", "COUNTY": "001", "HU100": "65338", "NAME": "Kent County", "P001001.2000": "126697", "CSA": "999", "P001001": "162310", "POP100": "162310", "SUMLEV": "050", "STATE": "10", "CBSA": "20100", "race": [{"name": "White", "value": 109999}, {"name": "Black", "value": 38913}, {"name": "American Indian or Alaska", "value": 1043}, {"name": "Asian", "value": 3306}, {"name": "Native Hawaiian", "value": 91}, {"name": "Other Race", "value": 3235}, {"name": "Two or More Races", "value": 5723}], "HU100.2000": "50481", "POP100.2000": "126697", "sex_by_age": [{"male": 5706.0, "name": "Under 5 years", "female": 5444.0}, {"male": 5724.0, "name": "5 to 9 years", "female": 5562.0}, {"male": 5700.0, "name": "10 to 14 years", "female": 5419.0}, {"male": 3466.0, "name": "15 to 17 years", "female": 3358.0}, {"male": 2732.0, "name": "18 and 19 years", "female": 2814.0}, {"male": 1297.0, "name": "20 years", "female": 1345.0}, {"male": 1296.0, "name": "21 years", "female": 1356.0}, {"male": 3545.0, "name": "22 to 24 years", "female": 3398.0}, {"male": 5084.0, "name": "25 to 29 years", "female": 5410.0}, {"male": 4452.0, "name": "30 to 34 years", "female": 5071.0}, {"male": 4608.0, "name": "35 to 39 years", "female": 5216.0}, {"male": 5183.0, "name": "40 to 44 years", "female": 5563.0}, {"male": 5803.0, "name": "45 to 49 years", "female": 6225.0}, {"male": 5267.0, "name": "50 to 54 years", "female": 5882.0}, {"male": 4356.0, "name": "55 to 59 years", "female": 5072.0}, {"male": 1686.0, "name": "60 to 61 years", "female": 1939.0}, {"male": 2500.0, "name": "62 to 64 years", "female": 2849.0}, {"male": 1419.0, "name": "65 and 66 years", "female": 1640.0}, {"male": 1923.0, "name": "67 to 69 years", "female": 2262.0}, {"male": 2502.0, "name": "70 to 74 years", "female": 2953.0}, {"male": 1908.0, "name": "75 to 79 years", "female": 2306.0}, {"male": 1118.0, "name": "80 to 84 years", "female": 1548.0}, {"male": 760.0, "name": "85 years and over", "female": 1643.0}], "age_by_sex": [{"name": "Male", "value": 35.0}, {"name": "Female", "value": 38.0}], "GEOID": "10001", "NECTA": ""}}