{"Tolland County": {"CNECTA": "", "COUNTY": "013", "HU100": "57963", "NAME": "Tolland County", "P001001.2000": "136364", "CSA": "278", "P001001": "152691", "POP100": "152691", "SUMLEV": "050", "STATE": "09", "CBSA": "25540", "race": [{"name": "White", "value": 137125}, {"name": "Black", "value": 5011}, {"name": "American Indian or Alaska", "value": 264}, {"name": "Asian", "value": 5134}, {"name": "Native Hawaiian", "value": 36}, {"name": "Other Race", "value": 2367}, {"name": "Two or More Races", "value": 2754}], "HU100.2000": "51570", "POP100.2000": "136364", "sex_by_age": [{"male": 3570.0, "name": "Under 5 years", "female": 3429.0}, {"male": 4365.0, "name": "5 to 9 years", "female": 4070.0}, {"male": 4923.0, "name": "10 to 14 years", "female": 4704.0}, {"male": 2976.0, "name": "15 to 17 years", "female": 2847.0}, {"male": 4039.0, "name": "18 and 19 years", "female": 4018.0}, {"male": 2462.0, "name": "20 years", "female": 2353.0}, {"male": 2379.0, "name": "21 years", "female": 2218.0}, {"male": 3972.0, "name": "22 to 24 years", "female": 3191.0}, {"male": 4310.0, "name": "25 to 29 years", "female": 3670.0}, {"male": 3959.0, "name": "30 to 34 years", "female": 3572.0}, {"male": 4508.0, "name": "35 to 39 years", "female": 4305.0}, {"male": 5423.0, "name": "40 to 44 years", "female": 5427.0}, {"male": 6427.0, "name": "45 to 49 years", "female": 6181.0}, {"male": 6330.0, "name": "50 to 54 years", "female": 6243.0}, {"male": 5129.0, "name": "55 to 59 years", "female": 5112.0}, {"male": 1720.0, "name": "60 to 61 years", "female": 1789.0}, {"male": 2397.0, "name": "62 to 64 years", "female": 2453.0}, {"male": 1356.0, "name": "65 and 66 years", "female": 1285.0}, {"male": 1770.0, "name": "67 to 69 years", "female": 1805.0}, {"male": 1922.0, "name": "70 to 74 years", "female": 2111.0}, {"male": 1345.0, "name": "75 to 79 years", "female": 1661.0}, {"male": 1034.0, "name": "80 to 84 years", "female": 1430.0}, {"male": 847.0, "name": "85 years and over", "female": 1654.0}], "age_by_sex": [{"name": "Male", "value": 37.0}, {"name": "Female", "value": 39.399999999999999}], "GEOID": "09013", "NECTA": ""}, "Fairfield County": {"CNECTA": "", "COUNTY": "001", "HU100": "361221", "NAME": "Fairfield County", "P001001.2000": "882567", "CSA": "408", "P001001": "916829", "POP100": "916829", "SUMLEV": "050", "STATE": "09", "CBSA": "14860", "race": [{"name": "White", "value": 685900}, {"name": "Black", "value": 99317}, {"name": "American Indian or Alaska", "value": 2384}, {"name": "Asian", "value": 42284}, {"name": "Native Hawaiian", "value": 442}, {"name": "Other Race", "value": 62474}, {"name": "Two or More Races", "value": 24028}], "HU100.2000": "339466", "POP100.2000": "882567", "sex_by_age": [{"male": 29226.0, "name": "Under 5 years", "female": 27673.0}, {"male": 32165.0, "name": "5 to 9 years", "female": 30742.0}, {"male": 34212.0, "name": "10 to 14 years", "female": 32394.0}, {"male": 20687.0, "name": "15 to 17 years", "female": 19920.0}, {"male": 11129.0, "name": "18 and 19 years", "female": 10456.0}, {"male": 5127.0, "name": "20 years", "female": 4896.0}, {"male": 4827.0, "name": "21 years", "female": 4753.0}, {"male": 15930.0, "name": "22 to 24 years", "female": 14983.0}, {"male": 26445.0, "name": "25 to 29 years", "female": 25806.0}, {"male": 26507.0, "name": "30 to 34 years", "female": 27305.0}, {"male": 29184.0, "name": "35 to 39 years", "female": 30937.0}, {"male": 34249.0, "name": "40 to 44 years", "female": 36876.0}, {"male": 37237.0, "name": "45 to 49 years", "female": 40125.0}, {"male": 35084.0, "name": "50 to 54 years", "female": 36840.0}, {"male": 28621.0, "name": "55 to 59 years", "female": 29993.0}, {"male": 9504.0, "name": "60 to 61 years", "female": 10447.0}, {"male": 13465.0, "name": "62 to 64 years", "female": 15009.0}, {"male": 7387.0, "name": "65 and 66 years", "female": 8206.0}, {"male": 9553.0, "name": "67 to 69 years", "female": 11159.0}, {"male": 11466.0, "name": "70 to 74 years", "female": 14570.0}, {"male": 9505.0, "name": "75 to 79 years", "female": 12642.0}, {"male": 7516.0, "name": "80 to 84 years", "female": 11609.0}, {"male": 6575.0, "name": "85 years and over", "female": 13887.0}], "age_by_sex": [{"name": "Male", "value": 38.0}, {"name": "Female", "value": 40.799999999999997}], "GEOID": "09001", "NECTA": ""}, "New London County": {"CNECTA": "", "COUNTY": "011", "HU100": "120994", "NAME": "New London County", "P001001.2000": "259088", "CSA": "999", "P001001": "274055", "POP100": "274055", "SUMLEV": "050", "STATE": "09", "CBSA": "35980", "race": [{"name": "White", "value": 225213}, {"name": "Black", "value": 16025}, {"name": "American Indian or Alaska", "value": 2505}, {"name": "Asian", "value": 11383}, {"name": "Native Hawaiian", "value": 180}, {"name": "Other Race", "value": 8722}, {"name": "Two or More Races", "value": 10027}], "HU100.2000": "110674", "POP100.2000": "259088", "sex_by_age": [{"male": 7814.0, "name": "Under 5 years", "female": 7199.0}, {"male": 8235.0, "name": "5 to 9 years", "female": 7921.0}, {"male": 8688.0, "name": "10 to 14 years", "female": 8499.0}, {"male": 5677.0, "name": "15 to 17 years", "female": 5566.0}, {"male": 4087.0, "name": "18 and 19 years", "female": 3352.0}, {"male": 2263.0, "name": "20 years", "female": 1711.0}, {"male": 2283.0, "name": "21 years", "female": 1662.0}, {"male": 6524.0, "name": "22 to 24 years", "female": 4953.0}, {"male": 9032.0, "name": "25 to 29 years", "female": 7978.0}, {"male": 7954.0, "name": "30 to 34 years", "female": 7676.0}, {"male": 8243.0, "name": "35 to 39 years", "female": 8239.0}, {"male": 9613.0, "name": "40 to 44 years", "female": 10128.0}, {"male": 11121.0, "name": "45 to 49 years", "female": 11342.0}, {"male": 11085.0, "name": "50 to 54 years", "female": 11214.0}, {"male": 9491.0, "name": "55 to 59 years", "female": 9584.0}, {"male": 3297.0, "name": "60 to 61 years", "female": 3400.0}, {"male": 4490.0, "name": "62 to 64 years", "female": 4739.0}, {"male": 2545.0, "name": "65 and 66 years", "female": 2700.0}, {"male": 3326.0, "name": "67 to 69 years", "female": 3529.0}, {"male": 3743.0, "name": "70 to 74 years", "female": 4522.0}, {"male": 3045.0, "name": "75 to 79 years", "female": 3908.0}, {"male": 2369.0, "name": "80 to 84 years", "female": 3467.0}, {"male": 1878.0, "name": "85 years and over", "female": 3963.0}], "age_by_sex": [{"name": "Male", "value": 38.799999999999997}, {"name": "Female", "value": 42.0}], "GEOID": "09011", "NECTA": ""}, "Litchfield County": {"CNECTA": "", "COUNTY": "005", "HU100": "87550", "NAME": "Litchfield County", "P001001.2000": "182193", "CSA": "408", "P001001": "189927", "POP100": "189927", "SUMLEV": "050", "STATE": "09", "CBSA": "45860", "race": [{"name": "White", "value": 178268}, {"name": "Black", "value": 2558}, {"name": "American Indian or Alaska", "value": 404}, {"name": "Asian", "value": 2908}, {"name": "Native Hawaiian", "value": 45}, {"name": "Other Race", "value": 2708}, {"name": "Two or More Races", "value": 3036}], "HU100.2000": "79267", "POP100.2000": "182193", "sex_by_age": [{"male": 4791.0, "name": "Under 5 years", "female": 4287.0}, {"male": 5684.0, "name": "5 to 9 years", "female": 5372.0}, {"male": 6428.0, "name": "10 to 14 years", "female": 6153.0}, {"male": 4269.0, "name": "15 to 17 years", "female": 3968.0}, {"male": 2147.0, "name": "18 and 19 years", "female": 1813.0}, {"male": 904.0, "name": "20 years", "female": 780.0}, {"male": 868.0, "name": "21 years", "female": 797.0}, {"male": 2779.0, "name": "22 to 24 years", "female": 2680.0}, {"male": 4427.0, "name": "25 to 29 years", "female": 4262.0}, {"male": 4335.0, "name": "30 to 34 years", "female": 4525.0}, {"male": 5293.0, "name": "35 to 39 years", "female": 5604.0}, {"male": 7165.0, "name": "40 to 44 years", "female": 7392.0}, {"male": 8312.0, "name": "45 to 49 years", "female": 8664.0}, {"male": 8638.0, "name": "50 to 54 years", "female": 8927.0}, {"male": 7601.0, "name": "55 to 59 years", "female": 7657.0}, {"male": 2721.0, "name": "60 to 61 years", "female": 2730.0}, {"male": 3757.0, "name": "62 to 64 years", "female": 3855.0}, {"male": 1970.0, "name": "65 and 66 years", "female": 2110.0}, {"male": 2592.0, "name": "67 to 69 years", "female": 2741.0}, {"male": 3033.0, "name": "70 to 74 years", "female": 3498.0}, {"male": 2307.0, "name": "75 to 79 years", "female": 2897.0}, {"male": 1768.0, "name": "80 to 84 years", "female": 2586.0}, {"male": 1549.0, "name": "85 years and over", "female": 3291.0}], "age_by_sex": [{"name": "Male", "value": 43.399999999999999}, {"name": "Female", "value": 45.399999999999999}], "GEOID": "09005", "NECTA": ""}, "Hartford County": {"CNECTA": "", "COUNTY": "003", "HU100": "374249", "NAME": "Hartford County", "P001001.2000": "857183", "CSA": "278", "P001001": "894014", "POP100": "894014", "SUMLEV": "050", "STATE": "09", "CBSA": "25540", "race": [{"name": "White", "value": 647237}, {"name": "Black", "value": 119191}, {"name": "American Indian or Alaska", "value": 2387}, {"name": "Asian", "value": 37958}, {"name": "Native Hawaiian", "value": 289}, {"name": "Other Race", "value": 63058}, {"name": "Two or More Races", "value": 23894}], "HU100.2000": "353022", "POP100.2000": "857183", "sex_by_age": [{"male": 25613.0, "name": "Under 5 years", "female": 25075.0}, {"male": 28432.0, "name": "5 to 9 years", "female": 27024.0}, {"male": 30440.0, "name": "10 to 14 years", "female": 29294.0}, {"male": 19645.0, "name": "15 to 17 years", "female": 18520.0}, {"male": 12267.0, "name": "18 and 19 years", "female": 11252.0}, {"male": 5782.0, "name": "20 years", "female": 5385.0}, {"male": 5496.0, "name": "21 years", "female": 5268.0}, {"male": 17080.0, "name": "22 to 24 years", "female": 16691.0}, {"male": 28355.0, "name": "25 to 29 years", "female": 28335.0}, {"male": 26227.0, "name": "30 to 34 years", "female": 26768.0}, {"male": 27037.0, "name": "35 to 39 years", "female": 28349.0}, {"male": 30952.0, "name": "40 to 44 years", "female": 32458.0}, {"male": 34451.0, "name": "45 to 49 years", "female": 36795.0}, {"male": 33980.0, "name": "50 to 54 years", "female": 36028.0}, {"male": 28661.0, "name": "55 to 59 years", "female": 31127.0}, {"male": 9986.0, "name": "60 to 61 years", "female": 11241.0}, {"male": 14021.0, "name": "62 to 64 years", "female": 15860.0}, {"male": 7473.0, "name": "65 and 66 years", "female": 8384.0}, {"male": 9627.0, "name": "67 to 69 years", "female": 11349.0}, {"male": 11883.0, "name": "70 to 74 years", "female": 15037.0}, {"male": 9544.0, "name": "75 to 79 years", "female": 13707.0}, {"male": 7831.0, "name": "80 to 84 years", "female": 12547.0}, {"male": 7230.0, "name": "85 years and over", "female": 15507.0}], "age_by_sex": [{"name": "Male", "value": 38.200000000000003}, {"name": "Female", "value": 41.399999999999999}], "GEOID": "09003", "NECTA": ""}, "New Haven County": {"CNECTA": "", "COUNTY": "009", "HU100": "362004", "NAME": "New Haven County", "P001001.2000": "824008", "CSA": "408", "P001001": "862477", "POP100": "862477", "SUMLEV": "050", "STATE": "09", "CBSA": "35300", "race": [{"name": "White", "value": 644744}, {"name": "Black", "value": 109850}, {"name": "American Indian or Alaska", "value": 2497}, {"name": "Asian", "value": 30263}, {"name": "Native Hawaiian", "value": 334}, {"name": "Other Race", "value": 51981}, {"name": "Two or More Races", "value": 22808}], "HU100.2000": "340732", "POP100.2000": "824008", "sex_by_age": [{"male": 24930.0, "name": "Under 5 years", "female": 23733.0}, {"male": 26254.0, "name": "5 to 9 years", "female": 25505.0}, {"male": 28831.0, "name": "10 to 14 years", "female": 27526.0}, {"male": 18555.0, "name": "15 to 17 years", "female": 17640.0}, {"male": 13034.0, "name": "18 and 19 years", "female": 13019.0}, {"male": 6403.0, "name": "20 years", "female": 6332.0}, {"male": 5983.0, "name": "21 years", "female": 6064.0}, {"male": 17177.0, "name": "22 to 24 years", "female": 17680.0}, {"male": 27602.0, "name": "25 to 29 years", "female": 28378.0}, {"male": 25310.0, "name": "30 to 34 years", "female": 26601.0}, {"male": 25593.0, "name": "35 to 39 years", "female": 27272.0}, {"male": 29678.0, "name": "40 to 44 years", "female": 31464.0}, {"male": 32367.0, "name": "45 to 49 years", "female": 34158.0}, {"male": 32054.0, "name": "50 to 54 years", "female": 34044.0}, {"male": 27088.0, "name": "55 to 59 years", "female": 29351.0}, {"male": 9551.0, "name": "60 to 61 years", "female": 10706.0}, {"male": 13443.0, "name": "62 to 64 years", "female": 15179.0}, {"male": 7290.0, "name": "65 and 66 years", "female": 8102.0}, {"male": 9265.0, "name": "67 to 69 years", "female": 10963.0}, {"male": 11198.0, "name": "70 to 74 years", "female": 13916.0}, {"male": 9127.0, "name": "75 to 79 years", "female": 12603.0}, {"male": 7467.0, "name": "80 to 84 years", "female": 11928.0}, {"male": 6890.0, "name": "85 years and over", "female": 15223.0}], "age_by_sex": [{"name": "Male", "value": 37.799999999999997}, {"name": "Female", "value": 40.600000000000001}], "GEOID": "09009", "NECTA": ""}, "Windham County": {"CNECTA": "", "COUNTY": "015", "HU100": "49073", "NAME": "Windham County", "P001001.2000": "109091", "CSA": "278", "P001001": "118428", "POP100": "118428", "SUMLEV": "050", "STATE": "09", "CBSA": "48740", "race": [{"name": "White", "value": 106100}, {"name": "Black", "value": 2617}, {"name": "American Indian or Alaska", "value": 562}, {"name": "Asian", "value": 1388}, {"name": "Native Hawaiian", "value": 44}, {"name": "Other Race", "value": 5002}, {"name": "Two or More Races", "value": 2715}], "HU100.2000": "43959", "POP100.2000": "109091", "sex_by_age": [{"male": 3335.0, "name": "Under 5 years", "female": 3223.0}, {"male": 3663.0, "name": "5 to 9 years", "female": 3478.0}, {"male": 4016.0, "name": "10 to 14 years", "female": 3650.0}, {"male": 2683.0, "name": "15 to 17 years", "female": 2398.0}, {"male": 2129.0, "name": "18 and 19 years", "female": 2038.0}, {"male": 984.0, "name": "20 years", "female": 958.0}, {"male": 930.0, "name": "21 years", "female": 934.0}, {"male": 2420.0, "name": "22 to 24 years", "female": 2191.0}, {"male": 3514.0, "name": "25 to 29 years", "female": 3406.0}, {"male": 3520.0, "name": "30 to 34 years", "female": 3384.0}, {"male": 3857.0, "name": "35 to 39 years", "female": 3857.0}, {"male": 4227.0, "name": "40 to 44 years", "female": 4240.0}, {"male": 4862.0, "name": "45 to 49 years", "female": 4924.0}, {"male": 4770.0, "name": "50 to 54 years", "female": 4869.0}, {"male": 3971.0, "name": "55 to 59 years", "female": 4138.0}, {"male": 1379.0, "name": "60 to 61 years", "female": 1465.0}, {"male": 1872.0, "name": "62 to 64 years", "female": 1928.0}, {"male": 1103.0, "name": "65 and 66 years", "female": 1069.0}, {"male": 1218.0, "name": "67 to 69 years", "female": 1400.0}, {"male": 1560.0, "name": "70 to 74 years", "female": 1812.0}, {"male": 1140.0, "name": "75 to 79 years", "female": 1504.0}, {"male": 854.0, "name": "80 to 84 years", "female": 1263.0}, {"male": 691.0, "name": "85 years and over", "female": 1601.0}], "age_by_sex": [{"name": "Male", "value": 38.100000000000001}, {"name": "Female", "value": 40.399999999999999}], "GEOID": "09015", "NECTA": ""}, "Middlesex County": {"CNECTA": "", "COUNTY": "007", "HU100": "74837", "NAME": "Middlesex County", "P001001.2000": "155071", "CSA": "278", "P001001": "165676", "POP100": "165676", "SUMLEV": "050", "STATE": "09", "CBSA": "25540", "race": [{"name": "White", "value": 147823}, {"name": "Black", "value": 7727}, {"name": "American Indian or Alaska", "value": 253}, {"name": "Asian", "value": 4247}, {"name": "Native Hawaiian", "value": 58}, {"name": "Other Race", "value": 2154}, {"name": "Two or More Races", "value": 3414}], "HU100.2000": "67285", "POP100.2000": "155071", "sex_by_age": [{"male": 4196.0, "name": "Under 5 years", "female": 4012.0}, {"male": 4965.0, "name": "5 to 9 years", "female": 4696.0}, {"male": 5386.0, "name": "10 to 14 years", "female": 5121.0}, {"male": 3542.0, "name": "15 to 17 years", "female": 3180.0}, {"male": 2083.0, "name": "18 and 19 years", "female": 1898.0}, {"male": 940.0, "name": "20 years", "female": 859.0}, {"male": 978.0, "name": "21 years", "female": 895.0}, {"male": 2626.0, "name": "22 to 24 years", "female": 2547.0}, {"male": 4301.0, "name": "25 to 29 years", "female": 4324.0}, {"male": 4226.0, "name": "30 to 34 years", "female": 4363.0}, {"male": 4922.0, "name": "35 to 39 years", "female": 5201.0}, {"male": 6248.0, "name": "40 to 44 years", "female": 6497.0}, {"male": 6980.0, "name": "45 to 49 years", "female": 7326.0}, {"male": 7020.0, "name": "50 to 54 years", "female": 7199.0}, {"male": 6137.0, "name": "55 to 59 years", "female": 6496.0}, {"male": 2158.0, "name": "60 to 61 years", "female": 2262.0}, {"male": 3178.0, "name": "62 to 64 years", "female": 3293.0}, {"male": 1635.0, "name": "65 and 66 years", "female": 1819.0}, {"male": 2148.0, "name": "67 to 69 years", "female": 2402.0}, {"male": 2526.0, "name": "70 to 74 years", "female": 2866.0}, {"male": 1895.0, "name": "75 to 79 years", "female": 2422.0}, {"male": 1530.0, "name": "80 to 84 years", "female": 2266.0}, {"male": 1288.0, "name": "85 years and over", "female": 2824.0}], "age_by_sex": [{"name": "Male", "value": 41.899999999999999}, {"name": "Female", "value": 44.100000000000001}], "GEOID": "09007", "NECTA": ""}}