{"Sumter County": {"CNECTA": "", "COUNTY": "085", "HU100": "46011", "NAME": "Sumter County", "P001001.2000": "104646", "CSA": "999", "P001001": "107456", "POP100": "107456", "SUMLEV": "050", "STATE": "45", "CBSA": "44940", "race": [{"name": "White", "value": 51825}, {"name": "Black", "value": 50414}, {"name": "American Indian or Alaska", "value": 389}, {"name": "Asian", "value": 1188}, {"name": "Native Hawaiian", "value": 99}, {"name": "Other Race", "value": 1511}, {"name": "Two or More Races", "value": 2030}], "HU100.2000": "41751", "POP100.2000": "104646", "sex_by_age": [{"male": 3978.0, "name": "Under 5 years", "female": 3971.0}, {"male": 3750.0, "name": "5 to 9 years", "female": 3669.0}, {"male": 3833.0, "name": "10 to 14 years", "female": 3670.0}, {"male": 2267.0, "name": "15 to 17 years", "female": 2293.0}, {"male": 1752.0, "name": "18 and 19 years", "female": 1609.0}, {"male": 912.0, "name": "20 years", "female": 806.0}, {"male": 847.0, "name": "21 years", "female": 821.0}, {"male": 2530.0, "name": "22 to 24 years", "female": 2302.0}, {"male": 3826.0, "name": "25 to 29 years", "female": 3819.0}, {"male": 3199.0, "name": "30 to 34 years", "female": 3354.0}, {"male": 2959.0, "name": "35 to 39 years", "female": 3265.0}, {"male": 3218.0, "name": "40 to 44 years", "female": 3554.0}, {"male": 3599.0, "name": "45 to 49 years", "female": 3887.0}, {"male": 3666.0, "name": "50 to 54 years", "female": 4036.0}, {"male": 3057.0, "name": "55 to 59 years", "female": 3460.0}, {"male": 1077.0, "name": "60 to 61 years", "female": 1259.0}, {"male": 1516.0, "name": "62 to 64 years", "female": 1774.0}, {"male": 844.0, "name": "65 and 66 years", "female": 983.0}, {"male": 1174.0, "name": "67 to 69 years", "female": 1400.0}, {"male": 1508.0, "name": "70 to 74 years", "female": 1974.0}, {"male": 1092.0, "name": "75 to 79 years", "female": 1511.0}, {"male": 648.0, "name": "80 to 84 years", "female": 1072.0}, {"male": 480.0, "name": "85 years and over", "female": 1235.0}], "age_by_sex": [{"name": "Male", "value": 33.299999999999997}, {"name": "Female", "value": 37.5}], "GEOID": "45085", "NECTA": ""}, "Calhoun County": {"CNECTA": "", "COUNTY": "017", "HU100": "7340", "NAME": "Calhoun County", "P001001.2000": "15185", "CSA": "192", "P001001": "15175", "POP100": "15175", "SUMLEV": "050", "STATE": "45", "CBSA": "17900", "race": [{"name": "White", "value": 8177}, {"name": "Black", "value": 6459}, {"name": "American Indian or Alaska", "value": 52}, {"name": "Asian", "value": 32}, {"name": "Native Hawaiian", "value": 9}, {"name": "Other Race", "value": 267}, {"name": "Two or More Races", "value": 179}], "HU100.2000": "6864", "POP100.2000": "15185", "sex_by_age": [{"male": 459.0, "name": "Under 5 years", "female": 451.0}, {"male": 445.0, "name": "5 to 9 years", "female": 434.0}, {"male": 466.0, "name": "10 to 14 years", "female": 453.0}, {"male": 320.0, "name": "15 to 17 years", "female": 267.0}, {"male": 213.0, "name": "18 and 19 years", "female": 182.0}, {"male": 86.0, "name": "20 years", "female": 85.0}, {"male": 88.0, "name": "21 years", "female": 79.0}, {"male": 240.0, "name": "22 to 24 years", "female": 215.0}, {"male": 421.0, "name": "25 to 29 years", "female": 403.0}, {"male": 375.0, "name": "30 to 34 years", "female": 398.0}, {"male": 391.0, "name": "35 to 39 years", "female": 447.0}, {"male": 467.0, "name": "40 to 44 years", "female": 521.0}, {"male": 576.0, "name": "45 to 49 years", "female": 608.0}, {"male": 607.0, "name": "50 to 54 years", "female": 614.0}, {"male": 575.0, "name": "55 to 59 years", "female": 685.0}, {"male": 239.0, "name": "60 to 61 years", "female": 224.0}, {"male": 330.0, "name": "62 to 64 years", "female": 341.0}, {"male": 184.0, "name": "65 and 66 years", "female": 217.0}, {"male": 244.0, "name": "67 to 69 years", "female": 273.0}, {"male": 285.0, "name": "70 to 74 years", "female": 276.0}, {"male": 179.0, "name": "75 to 79 years", "female": 225.0}, {"male": 134.0, "name": "80 to 84 years", "female": 185.0}, {"male": 73.0, "name": "85 years and over", "female": 195.0}], "age_by_sex": [{"name": "Male", "value": 42.100000000000001}, {"name": "Female", "value": 44.600000000000001}], "GEOID": "45017", "NECTA": ""}, "Colleton County": {"CNECTA": "", "COUNTY": "029", "HU100": "19901", "NAME": "Colleton County", "P001001.2000": "38264", "CSA": "999", "P001001": "38892", "POP100": "38892", "SUMLEV": "050", "STATE": "45", "CBSA": "47500", "race": [{"name": "White", "value": 22173}, {"name": "Black", "value": 15178}, {"name": "American Indian or Alaska", "value": 322}, {"name": "Asian", "value": 126}, {"name": "Native Hawaiian", "value": 7}, {"name": "Other Race", "value": 499}, {"name": "Two or More Races", "value": 587}], "HU100.2000": "18129", "POP100.2000": "38264", "sex_by_age": [{"male": 1268.0, "name": "Under 5 years", "female": 1311.0}, {"male": 1269.0, "name": "5 to 9 years", "female": 1246.0}, {"male": 1362.0, "name": "10 to 14 years", "female": 1344.0}, {"male": 882.0, "name": "15 to 17 years", "female": 810.0}, {"male": 513.0, "name": "18 and 19 years", "female": 477.0}, {"male": 242.0, "name": "20 years", "female": 234.0}, {"male": 208.0, "name": "21 years", "female": 212.0}, {"male": 643.0, "name": "22 to 24 years", "female": 690.0}, {"male": 989.0, "name": "25 to 29 years", "female": 1122.0}, {"male": 984.0, "name": "30 to 34 years", "female": 1062.0}, {"male": 1078.0, "name": "35 to 39 years", "female": 1158.0}, {"male": 1179.0, "name": "40 to 44 years", "female": 1294.0}, {"male": 1385.0, "name": "45 to 49 years", "female": 1552.0}, {"male": 1375.0, "name": "50 to 54 years", "female": 1451.0}, {"male": 1362.0, "name": "55 to 59 years", "female": 1507.0}, {"male": 541.0, "name": "60 to 61 years", "female": 537.0}, {"male": 718.0, "name": "62 to 64 years", "female": 809.0}, {"male": 451.0, "name": "65 and 66 years", "female": 474.0}, {"male": 585.0, "name": "67 to 69 years", "female": 611.0}, {"male": 676.0, "name": "70 to 74 years", "female": 838.0}, {"male": 491.0, "name": "75 to 79 years", "female": 565.0}, {"male": 287.0, "name": "80 to 84 years", "female": 398.0}, {"male": 259.0, "name": "85 years and over", "female": 443.0}], "age_by_sex": [{"name": "Male", "value": 39.700000000000003}, {"name": "Female", "value": 41.600000000000001}], "GEOID": "45029", "NECTA": ""}, "Greenville County": {"CNECTA": "", "COUNTY": "045", "HU100": "195462", "NAME": "Greenville County", "P001001.2000": "379616", "CSA": "273", "P001001": "451225", "POP100": "451225", "SUMLEV": "050", "STATE": "45", "CBSA": "24860", "race": [{"name": "White", "value": 333084}, {"name": "Black", "value": 81497}, {"name": "American Indian or Alaska", "value": 1401}, {"name": "Asian", "value": 8849}, {"name": "Native Hawaiian", "value": 257}, {"name": "Other Race", "value": 17667}, {"name": "Two or More Races", "value": 8470}], "HU100.2000": "162803", "POP100.2000": "379616", "sex_by_age": [{"male": 15871.0, "name": "Under 5 years", "female": 15293.0}, {"male": 15172.0, "name": "5 to 9 years", "female": 14720.0}, {"male": 15366.0, "name": "10 to 14 years", "female": 14706.0}, {"male": 9277.0, "name": "15 to 17 years", "female": 8912.0}, {"male": 6255.0, "name": "18 and 19 years", "female": 6278.0}, {"male": 3125.0, "name": "20 years", "female": 3232.0}, {"male": 2991.0, "name": "21 years", "female": 3142.0}, {"male": 8548.0, "name": "22 to 24 years", "female": 8929.0}, {"male": 15025.0, "name": "25 to 29 years", "female": 15547.0}, {"male": 14908.0, "name": "30 to 34 years", "female": 15104.0}, {"male": 15371.0, "name": "35 to 39 years", "female": 15984.0}, {"male": 15651.0, "name": "40 to 44 years", "female": 15984.0}, {"male": 16265.0, "name": "45 to 49 years", "female": 16992.0}, {"male": 15500.0, "name": "50 to 54 years", "female": 16391.0}, {"male": 13452.0, "name": "55 to 59 years", "female": 14748.0}, {"male": 4903.0, "name": "60 to 61 years", "female": 5417.0}, {"male": 6786.0, "name": "62 to 64 years", "female": 7799.0}, {"male": 3829.0, "name": "65 and 66 years", "female": 4308.0}, {"male": 5088.0, "name": "67 to 69 years", "female": 5839.0}, {"male": 6089.0, "name": "70 to 74 years", "female": 7474.0}, {"male": 4348.0, "name": "75 to 79 years", "female": 5920.0}, {"male": 2846.0, "name": "80 to 84 years", "female": 4690.0}, {"male": 2125.0, "name": "85 years and over", "female": 5025.0}], "age_by_sex": [{"name": "Male", "value": 36.0}, {"name": "Female", "value": 38.299999999999997}], "GEOID": "45045", "NECTA": ""}, "Dillon County": {"CNECTA": "", "COUNTY": "033", "HU100": "13742", "NAME": "Dillon County", "P001001.2000": "30722", "CSA": "999", "P001001": "32062", "POP100": "32062", "SUMLEV": "050", "STATE": "45", "CBSA": "19900", "race": [{"name": "White", "value": 15399}, {"name": "Black", "value": 14782}, {"name": "American Indian or Alaska", "value": 790}, {"name": "Asian", "value": 78}, {"name": "Native Hawaiian", "value": 8}, {"name": "Other Race", "value": 481}, {"name": "Two or More Races", "value": 524}], "HU100.2000": "12679", "POP100.2000": "30722", "sex_by_age": [{"male": 1194.0, "name": "Under 5 years", "female": 1185.0}, {"male": 1229.0, "name": "5 to 9 years", "female": 1214.0}, {"male": 1077.0, "name": "10 to 14 years", "female": 1167.0}, {"male": 783.0, "name": "15 to 17 years", "female": 725.0}, {"male": 479.0, "name": "18 and 19 years", "female": 443.0}, {"male": 202.0, "name": "20 years", "female": 210.0}, {"male": 211.0, "name": "21 years", "female": 212.0}, {"male": 579.0, "name": "22 to 24 years", "female": 574.0}, {"male": 913.0, "name": "25 to 29 years", "female": 1039.0}, {"male": 918.0, "name": "30 to 34 years", "female": 1037.0}, {"male": 902.0, "name": "35 to 39 years", "female": 992.0}, {"male": 963.0, "name": "40 to 44 years", "female": 1054.0}, {"male": 1023.0, "name": "45 to 49 years", "female": 1234.0}, {"male": 1084.0, "name": "50 to 54 years", "female": 1232.0}, {"male": 1027.0, "name": "55 to 59 years", "female": 1146.0}, {"male": 379.0, "name": "60 to 61 years", "female": 417.0}, {"male": 464.0, "name": "62 to 64 years", "female": 595.0}, {"male": 273.0, "name": "65 and 66 years", "female": 308.0}, {"male": 347.0, "name": "67 to 69 years", "female": 446.0}, {"male": 456.0, "name": "70 to 74 years", "female": 570.0}, {"male": 271.0, "name": "75 to 79 years", "female": 457.0}, {"male": 179.0, "name": "80 to 84 years", "female": 356.0}, {"male": 131.0, "name": "85 years and over", "female": 365.0}], "age_by_sex": [{"name": "Male", "value": 34.799999999999997}, {"name": "Female", "value": 38.399999999999999}], "GEOID": "45033", "NECTA": ""}, "Hampton County": {"CNECTA": "", "COUNTY": "049", "HU100": "9140", "NAME": "Hampton County", "P001001.2000": "21386", "CSA": "999", "P001001": "21090", "POP100": "21090", "SUMLEV": "050", "STATE": "45", "CBSA": "99999", "race": [{"name": "White", "value": 8999}, {"name": "Black", "value": 11359}, {"name": "American Indian or Alaska", "value": 66}, {"name": "Asian", "value": 113}, {"name": "Native Hawaiian", "value": 8}, {"name": "Other Race", "value": 274}, {"name": "Two or More Races", "value": 271}], "HU100.2000": "8582", "POP100.2000": "21386", "sex_by_age": [{"male": 710.0, "name": "Under 5 years", "female": 637.0}, {"male": 670.0, "name": "5 to 9 years", "female": 656.0}, {"male": 764.0, "name": "10 to 14 years", "female": 709.0}, {"male": 475.0, "name": "15 to 17 years", "female": 470.0}, {"male": 312.0, "name": "18 and 19 years", "female": 267.0}, {"male": 139.0, "name": "20 years", "female": 121.0}, {"male": 136.0, "name": "21 years", "female": 121.0}, {"male": 392.0, "name": "22 to 24 years", "female": 320.0}, {"male": 720.0, "name": "25 to 29 years", "female": 589.0}, {"male": 762.0, "name": "30 to 34 years", "female": 577.0}, {"male": 805.0, "name": "35 to 39 years", "female": 630.0}, {"male": 791.0, "name": "40 to 44 years", "female": 689.0}, {"male": 797.0, "name": "45 to 49 years", "female": 731.0}, {"male": 803.0, "name": "50 to 54 years", "female": 772.0}, {"male": 659.0, "name": "55 to 59 years", "female": 761.0}, {"male": 280.0, "name": "60 to 61 years", "female": 252.0}, {"male": 355.0, "name": "62 to 64 years", "female": 389.0}, {"male": 207.0, "name": "65 and 66 years", "female": 218.0}, {"male": 273.0, "name": "67 to 69 years", "female": 285.0}, {"male": 311.0, "name": "70 to 74 years", "female": 361.0}, {"male": 220.0, "name": "75 to 79 years", "female": 310.0}, {"male": 138.0, "name": "80 to 84 years", "female": 201.0}, {"male": 88.0, "name": "85 years and over", "female": 217.0}], "age_by_sex": [{"name": "Male", "value": 37.0}, {"name": "Female", "value": 40.299999999999997}], "GEOID": "45049", "NECTA": ""}, "Lee County": {"CNECTA": "", "COUNTY": "061", "HU100": "7775", "NAME": "Lee County", "P001001.2000": "20119", "CSA": "999", "P001001": "19220", "POP100": "19220", "SUMLEV": "050", "STATE": "45", "CBSA": "99999", "race": [{"name": "White", "value": 6419}, {"name": "Black", "value": 12359}, {"name": "American Indian or Alaska", "value": 51}, {"name": "Asian", "value": 59}, {"name": "Native Hawaiian", "value": 3}, {"name": "Other Race", "value": 162}, {"name": "Two or More Races", "value": 167}], "HU100.2000": "7670", "POP100.2000": "20119", "sex_by_age": [{"male": 574.0, "name": "Under 5 years", "female": 542.0}, {"male": 611.0, "name": "5 to 9 years", "female": 598.0}, {"male": 571.0, "name": "10 to 14 years", "female": 589.0}, {"male": 403.0, "name": "15 to 17 years", "female": 375.0}, {"male": 307.0, "name": "18 and 19 years", "female": 249.0}, {"male": 219.0, "name": "20 years", "female": 96.0}, {"male": 196.0, "name": "21 years", "female": 113.0}, {"male": 454.0, "name": "22 to 24 years", "female": 298.0}, {"male": 817.0, "name": "25 to 29 years", "female": 531.0}, {"male": 707.0, "name": "30 to 34 years", "female": 495.0}, {"male": 607.0, "name": "35 to 39 years", "female": 515.0}, {"male": 589.0, "name": "40 to 44 years", "female": 556.0}, {"male": 746.0, "name": "45 to 49 years", "female": 708.0}, {"male": 811.0, "name": "50 to 54 years", "female": 743.0}, {"male": 678.0, "name": "55 to 59 years", "female": 733.0}, {"male": 245.0, "name": "60 to 61 years", "female": 253.0}, {"male": 343.0, "name": "62 to 64 years", "female": 352.0}, {"male": 182.0, "name": "65 and 66 years", "female": 202.0}, {"male": 213.0, "name": "67 to 69 years", "female": 237.0}, {"male": 264.0, "name": "70 to 74 years", "female": 355.0}, {"male": 200.0, "name": "75 to 79 years", "female": 284.0}, {"male": 127.0, "name": "80 to 84 years", "female": 230.0}, {"male": 86.0, "name": "85 years and over", "female": 216.0}], "age_by_sex": [{"name": "Male", "value": 36.0}, {"name": "Female", "value": 42.299999999999997}], "GEOID": "45061", "NECTA": ""}, "Anderson County": {"CNECTA": "", "COUNTY": "007", "HU100": "84774", "NAME": "Anderson County", "P001001.2000": "165740", "CSA": "273", "P001001": "187126", "POP100": "187126", "SUMLEV": "050", "STATE": "45", "CBSA": "11340", "race": [{"name": "White", "value": 149818}, {"name": "Black", "value": 30020}, {"name": "American Indian or Alaska", "value": 478}, {"name": "Asian", "value": 1405}, {"name": "Native Hawaiian", "value": 43}, {"name": "Other Race", "value": 2500}, {"name": "Two or More Races", "value": 2862}], "HU100.2000": "73213", "POP100.2000": "165740", "sex_by_age": [{"male": 6045.0, "name": "Under 5 years", "female": 6024.0}, {"male": 6199.0, "name": "5 to 9 years", "female": 6104.0}, {"male": 6686.0, "name": "10 to 14 years", "female": 6239.0}, {"male": 3844.0, "name": "15 to 17 years", "female": 3684.0}, {"male": 2472.0, "name": "18 and 19 years", "female": 2518.0}, {"male": 1182.0, "name": "20 years", "female": 1186.0}, {"male": 1064.0, "name": "21 years", "female": 1048.0}, {"male": 3047.0, "name": "22 to 24 years", "female": 3271.0}, {"male": 4957.0, "name": "25 to 29 years", "female": 5403.0}, {"male": 5324.0, "name": "30 to 34 years", "female": 5728.0}, {"male": 5958.0, "name": "35 to 39 years", "female": 6280.0}, {"male": 6213.0, "name": "40 to 44 years", "female": 6438.0}, {"male": 6825.0, "name": "45 to 49 years", "female": 7088.0}, {"male": 6670.0, "name": "50 to 54 years", "female": 7137.0}, {"male": 5848.0, "name": "55 to 59 years", "female": 6464.0}, {"male": 2328.0, "name": "60 to 61 years", "female": 2476.0}, {"male": 3335.0, "name": "62 to 64 years", "female": 3712.0}, {"male": 1841.0, "name": "65 and 66 years", "female": 2056.0}, {"male": 2529.0, "name": "67 to 69 years", "female": 2723.0}, {"male": 3154.0, "name": "70 to 74 years", "female": 3810.0}, {"male": 2329.0, "name": "75 to 79 years", "female": 2938.0}, {"male": 1420.0, "name": "80 to 84 years", "female": 2214.0}, {"male": 985.0, "name": "85 years and over", "female": 2330.0}], "age_by_sex": [{"name": "Male", "value": 38.700000000000003}, {"name": "Female", "value": 40.700000000000003}], "GEOID": "45007", "NECTA": ""}, "Edgefield County": {"CNECTA": "", "COUNTY": "037", "HU100": "10559", "NAME": "Edgefield County", "P001001.2000": "24595", "CSA": "999", "P001001": "26985", "POP100": "26985", "SUMLEV": "050", "STATE": "45", "CBSA": "12260", "race": [{"name": "White", "value": 15825}, {"name": "Black", "value": 10030}, {"name": "American Indian or Alaska", "value": 67}, {"name": "Asian", "value": 95}, {"name": "Native Hawaiian", "value": 11}, {"name": "Other Race", "value": 604}, {"name": "Two or More Races", "value": 353}], "HU100.2000": "9223", "POP100.2000": "24595", "sex_by_age": [{"male": 686.0, "name": "Under 5 years", "female": 722.0}, {"male": 834.0, "name": "5 to 9 years", "female": 747.0}, {"male": 863.0, "name": "10 to 14 years", "female": 829.0}, {"male": 579.0, "name": "15 to 17 years", "female": 511.0}, {"male": 426.0, "name": "18 and 19 years", "female": 306.0}, {"male": 177.0, "name": "20 years", "female": 136.0}, {"male": 211.0, "name": "21 years", "female": 109.0}, {"male": 570.0, "name": "22 to 24 years", "female": 363.0}, {"male": 992.0, "name": "25 to 29 years", "female": 651.0}, {"male": 1155.0, "name": "30 to 34 years", "female": 653.0}, {"male": 1111.0, "name": "35 to 39 years", "female": 751.0}, {"male": 1129.0, "name": "40 to 44 years", "female": 851.0}, {"male": 1172.0, "name": "45 to 49 years", "female": 971.0}, {"male": 1173.0, "name": "50 to 54 years", "female": 1005.0}, {"male": 995.0, "name": "55 to 59 years", "female": 977.0}, {"male": 407.0, "name": "60 to 61 years", "female": 361.0}, {"male": 523.0, "name": "62 to 64 years", "female": 515.0}, {"male": 257.0, "name": "65 and 66 years", "female": 266.0}, {"male": 374.0, "name": "67 to 69 years", "female": 353.0}, {"male": 432.0, "name": "70 to 74 years", "female": 474.0}, {"male": 253.0, "name": "75 to 79 years", "female": 350.0}, {"male": 148.0, "name": "80 to 84 years", "female": 233.0}, {"male": 101.0, "name": "85 years and over", "female": 283.0}], "age_by_sex": [{"name": "Male", "value": 38.5}, {"name": "Female", "value": 42.5}], "GEOID": "45037", "NECTA": ""}, "Jasper County": {"CNECTA": "", "COUNTY": "053", "HU100": "10299", "NAME": "Jasper County", "P001001.2000": "20678", "CSA": "999", "P001001": "24777", "POP100": "24777", "SUMLEV": "050", "STATE": "45", "CBSA": "25940", "race": [{"name": "White", "value": 10658}, {"name": "Black", "value": 11406}, {"name": "American Indian or Alaska", "value": 122}, {"name": "Asian", "value": 176}, {"name": "Native Hawaiian", "value": 13}, {"name": "Other Race", "value": 2050}, {"name": "Two or More Races", "value": 352}], "HU100.2000": "7928", "POP100.2000": "20678", "sex_by_age": [{"male": 967.0, "name": "Under 5 years", "female": 892.0}, {"male": 845.0, "name": "5 to 9 years", "female": 866.0}, {"male": 824.0, "name": "10 to 14 years", "female": 722.0}, {"male": 534.0, "name": "15 to 17 years", "female": 491.0}, {"male": 378.0, "name": "18 and 19 years", "female": 348.0}, {"male": 253.0, "name": "20 years", "female": 194.0}, {"male": 219.0, "name": "21 years", "female": 142.0}, {"male": 692.0, "name": "22 to 24 years", "female": 469.0}, {"male": 1129.0, "name": "25 to 29 years", "female": 824.0}, {"male": 995.0, "name": "30 to 34 years", "female": 737.0}, {"male": 890.0, "name": "35 to 39 years", "female": 713.0}, {"male": 861.0, "name": "40 to 44 years", "female": 753.0}, {"male": 905.0, "name": "45 to 49 years", "female": 888.0}, {"male": 911.0, "name": "50 to 54 years", "female": 838.0}, {"male": 688.0, "name": "55 to 59 years", "female": 740.0}, {"male": 270.0, "name": "60 to 61 years", "female": 297.0}, {"male": 331.0, "name": "62 to 64 years", "female": 402.0}, {"male": 196.0, "name": "65 and 66 years", "female": 221.0}, {"male": 243.0, "name": "67 to 69 years", "female": 288.0}, {"male": 331.0, "name": "70 to 74 years", "female": 392.0}, {"male": 217.0, "name": "75 to 79 years", "female": 241.0}, {"male": 139.0, "name": "80 to 84 years", "female": 188.0}, {"male": 87.0, "name": "85 years and over", "female": 226.0}], "age_by_sex": [{"name": "Male", "value": 32.899999999999999}, {"name": "Female", "value": 36.799999999999997}], "GEOID": "45053", "NECTA": ""}, "Charleston County": {"CNECTA": "", "COUNTY": "019", "HU100": "169984", "NAME": "Charleston County", "P001001.2000": "309969", "CSA": "999", "P001001": "350209", "POP100": "350209", "SUMLEV": "050", "STATE": "45", "CBSA": "16700", "race": [{"name": "White", "value": 224910}, {"name": "Black", "value": 104239}, {"name": "American Indian or Alaska", "value": 1068}, {"name": "Asian", "value": 4719}, {"name": "Native Hawaiian", "value": 299}, {"name": "Other Race", "value": 9477}, {"name": "Two or More Races", "value": 5497}], "HU100.2000": "141031", "POP100.2000": "309969", "sex_by_age": [{"male": 11626.0, "name": "Under 5 years", "female": 11260.0}, {"male": 10269.0, "name": "5 to 9 years", "female": 9808.0}, {"male": 9312.0, "name": "10 to 14 years", "female": 9107.0}, {"male": 5729.0, "name": "15 to 17 years", "female": 5547.0}, {"male": 5451.0, "name": "18 and 19 years", "female": 5801.0}, {"male": 3252.0, "name": "20 years", "female": 3117.0}, {"male": 3237.0, "name": "21 years", "female": 3038.0}, {"male": 9415.0, "name": "22 to 24 years", "female": 9851.0}, {"male": 15179.0, "name": "25 to 29 years", "female": 15558.0}, {"male": 12581.0, "name": "30 to 34 years", "female": 12138.0}, {"male": 10991.0, "name": "35 to 39 years", "female": 10637.0}, {"male": 10639.0, "name": "40 to 44 years", "female": 10904.0}, {"male": 11590.0, "name": "45 to 49 years", "female": 12399.0}, {"male": 11391.0, "name": "50 to 54 years", "female": 12602.0}, {"male": 10513.0, "name": "55 to 59 years", "female": 12059.0}, {"male": 3897.0, "name": "60 to 61 years", "female": 4475.0}, {"male": 5725.0, "name": "62 to 64 years", "female": 6390.0}, {"male": 3045.0, "name": "65 and 66 years", "female": 3298.0}, {"male": 3903.0, "name": "67 to 69 years", "female": 4604.0}, {"male": 4592.0, "name": "70 to 74 years", "female": 5568.0}, {"male": 3387.0, "name": "75 to 79 years", "female": 4471.0}, {"male": 2297.0, "name": "80 to 84 years", "female": 3714.0}, {"male": 1850.0, "name": "85 years and over", "female": 3992.0}], "age_by_sex": [{"name": "Male", "value": 34.5}, {"name": "Female", "value": 37.399999999999999}], "GEOID": "45019", "NECTA": ""}, "Dorchester County": {"CNECTA": "", "COUNTY": "035", "HU100": "55186", "NAME": "Dorchester County", "P001001.2000": "96413", "CSA": "999", "P001001": "136555", "POP100": "136555", "SUMLEV": "050", "STATE": "45", "CBSA": "16700", "race": [{"name": "White", "value": 92621}, {"name": "Black", "value": 35266}, {"name": "American Indian or Alaska", "value": 904}, {"name": "Asian", "value": 2052}, {"name": "Native Hawaiian", "value": 146}, {"name": "Other Race", "value": 1978}, {"name": "Two or More Races", "value": 3588}], "HU100.2000": "37237", "POP100.2000": "96413", "sex_by_age": [{"male": 4916.0, "name": "Under 5 years", "female": 4843.0}, {"male": 5150.0, "name": "5 to 9 years", "female": 5092.0}, {"male": 5346.0, "name": "10 to 14 years", "female": 5174.0}, {"male": 3369.0, "name": "15 to 17 years", "female": 3136.0}, {"male": 1807.0, "name": "18 and 19 years", "female": 1721.0}, {"male": 797.0, "name": "20 years", "female": 812.0}, {"male": 764.0, "name": "21 years", "female": 759.0}, {"male": 2432.0, "name": "22 to 24 years", "female": 2463.0}, {"male": 4659.0, "name": "25 to 29 years", "female": 4739.0}, {"male": 4388.0, "name": "30 to 34 years", "female": 4796.0}, {"male": 4571.0, "name": "35 to 39 years", "female": 5046.0}, {"male": 5037.0, "name": "40 to 44 years", "female": 5214.0}, {"male": 5228.0, "name": "45 to 49 years", "female": 5568.0}, {"male": 4647.0, "name": "50 to 54 years", "female": 4817.0}, {"male": 3762.0, "name": "55 to 59 years", "female": 4349.0}, {"male": 1493.0, "name": "60 to 61 years", "female": 1625.0}, {"male": 2002.0, "name": "62 to 64 years", "female": 2184.0}, {"male": 1079.0, "name": "65 and 66 years", "female": 1188.0}, {"male": 1304.0, "name": "67 to 69 years", "female": 1501.0}, {"male": 1633.0, "name": "70 to 74 years", "female": 1884.0}, {"male": 1052.0, "name": "75 to 79 years", "female": 1288.0}, {"male": 545.0, "name": "80 to 84 years", "female": 1010.0}, {"male": 400.0, "name": "85 years and over", "female": 965.0}], "age_by_sex": [{"name": "Male", "value": 34.5}, {"name": "Female", "value": 36.600000000000001}], "GEOID": "45035", "NECTA": ""}, "Bamberg County": {"CNECTA": "", "COUNTY": "009", "HU100": "7716", "NAME": "Bamberg County", "P001001.2000": "16658", "CSA": "999", "P001001": "15987", "POP100": "15987", "SUMLEV": "050", "STATE": "45", "CBSA": "99999", "race": [{"name": "White", "value": 5770}, {"name": "Black", "value": 9837}, {"name": "American Indian or Alaska", "value": 42}, {"name": "Asian", "value": 68}, {"name": "Native Hawaiian", "value": 3}, {"name": "Other Race", "value": 112}, {"name": "Two or More Races", "value": 155}], "HU100.2000": "7130", "POP100.2000": "16658", "sex_by_age": [{"male": 480.0, "name": "Under 5 years", "female": 462.0}, {"male": 447.0, "name": "5 to 9 years", "female": 472.0}, {"male": 539.0, "name": "10 to 14 years", "female": 476.0}, {"male": 349.0, "name": "15 to 17 years", "female": 348.0}, {"male": 454.0, "name": "18 and 19 years", "female": 418.0}, {"male": 204.0, "name": "20 years", "female": 218.0}, {"male": 162.0, "name": "21 years", "female": 162.0}, {"male": 310.0, "name": "22 to 24 years", "female": 284.0}, {"male": 375.0, "name": "25 to 29 years", "female": 406.0}, {"male": 363.0, "name": "30 to 34 years", "female": 411.0}, {"male": 349.0, "name": "35 to 39 years", "female": 433.0}, {"male": 430.0, "name": "40 to 44 years", "female": 486.0}, {"male": 520.0, "name": "45 to 49 years", "female": 561.0}, {"male": 516.0, "name": "50 to 54 years", "female": 573.0}, {"male": 529.0, "name": "55 to 59 years", "female": 616.0}, {"male": 215.0, "name": "60 to 61 years", "female": 255.0}, {"male": 291.0, "name": "62 to 64 years", "female": 308.0}, {"male": 168.0, "name": "65 and 66 years", "female": 199.0}, {"male": 216.0, "name": "67 to 69 years", "female": 244.0}, {"male": 260.0, "name": "70 to 74 years", "female": 321.0}, {"male": 189.0, "name": "75 to 79 years", "female": 296.0}, {"male": 139.0, "name": "80 to 84 years", "female": 203.0}, {"male": 100.0, "name": "85 years and over", "female": 230.0}], "age_by_sex": [{"name": "Male", "value": 37.0}, {"name": "Female", "value": 41.0}], "GEOID": "45009", "NECTA": ""}, "Darlington County": {"CNECTA": "", "COUNTY": "031", "HU100": "30297", "NAME": "Darlington County", "P001001.2000": "67394", "CSA": "999", "P001001": "68681", "POP100": "68681", "SUMLEV": "050", "STATE": "45", "CBSA": "22500", "race": [{"name": "White", "value": 38366}, {"name": "Black", "value": 28573}, {"name": "American Indian or Alaska", "value": 194}, {"name": "Asian", "value": 203}, {"name": "Native Hawaiian", "value": 8}, {"name": "Other Race", "value": 603}, {"name": "Two or More Races", "value": 734}], "HU100.2000": "28942", "POP100.2000": "67394", "sex_by_age": [{"male": 2226.0, "name": "Under 5 years", "female": 2133.0}, {"male": 2281.0, "name": "5 to 9 years", "female": 2271.0}, {"male": 2361.0, "name": "10 to 14 years", "female": 2366.0}, {"male": 1541.0, "name": "15 to 17 years", "female": 1479.0}, {"male": 1055.0, "name": "18 and 19 years", "female": 1008.0}, {"male": 458.0, "name": "20 years", "female": 473.0}, {"male": 434.0, "name": "21 years", "female": 416.0}, {"male": 1099.0, "name": "22 to 24 years", "female": 1133.0}, {"male": 1650.0, "name": "25 to 29 years", "female": 1964.0}, {"male": 1847.0, "name": "30 to 34 years", "female": 2131.0}, {"male": 2086.0, "name": "35 to 39 years", "female": 2310.0}, {"male": 2118.0, "name": "40 to 44 years", "female": 2281.0}, {"male": 2417.0, "name": "45 to 49 years", "female": 2595.0}, {"male": 2325.0, "name": "50 to 54 years", "female": 2785.0}, {"male": 2437.0, "name": "55 to 59 years", "female": 2690.0}, {"male": 880.0, "name": "60 to 61 years", "female": 986.0}, {"male": 1269.0, "name": "62 to 64 years", "female": 1383.0}, {"male": 618.0, "name": "65 and 66 years", "female": 783.0}, {"male": 911.0, "name": "67 to 69 years", "female": 1055.0}, {"male": 1082.0, "name": "70 to 74 years", "female": 1309.0}, {"male": 714.0, "name": "75 to 79 years", "female": 1009.0}, {"male": 411.0, "name": "80 to 84 years", "female": 766.0}, {"male": 335.0, "name": "85 years and over", "female": 800.0}], "age_by_sex": [{"name": "Male", "value": 38.200000000000003}, {"name": "Female", "value": 40.799999999999997}], "GEOID": "45031", "NECTA": ""}, "Fairfield County": {"CNECTA": "", "COUNTY": "039", "HU100": "11681", "NAME": "Fairfield County", "P001001.2000": "23454", "CSA": "192", "P001001": "23956", "POP100": "23956", "SUMLEV": "050", "STATE": "45", "CBSA": "17900", "race": [{"name": "White", "value": 9236}, {"name": "Black", "value": 14167}, {"name": "American Indian or Alaska", "value": 50}, {"name": "Asian", "value": 55}, {"name": "Native Hawaiian", "value": 2}, {"name": "Other Race", "value": 182}, {"name": "Two or More Races", "value": 264}], "HU100.2000": "10383", "POP100.2000": "23454", "sex_by_age": [{"male": 724.0, "name": "Under 5 years", "female": 712.0}, {"male": 762.0, "name": "5 to 9 years", "female": 694.0}, {"male": 751.0, "name": "10 to 14 years", "female": 765.0}, {"male": 507.0, "name": "15 to 17 years", "female": 516.0}, {"male": 285.0, "name": "18 and 19 years", "female": 308.0}, {"male": 136.0, "name": "20 years", "female": 167.0}, {"male": 144.0, "name": "21 years", "female": 146.0}, {"male": 377.0, "name": "22 to 24 years", "female": 403.0}, {"male": 588.0, "name": "25 to 29 years", "female": 663.0}, {"male": 597.0, "name": "30 to 34 years", "female": 640.0}, {"male": 637.0, "name": "35 to 39 years", "female": 722.0}, {"male": 759.0, "name": "40 to 44 years", "female": 807.0}, {"male": 884.0, "name": "45 to 49 years", "female": 978.0}, {"male": 945.0, "name": "50 to 54 years", "female": 1071.0}, {"male": 931.0, "name": "55 to 59 years", "female": 1003.0}, {"male": 377.0, "name": "60 to 61 years", "female": 395.0}, {"male": 521.0, "name": "62 to 64 years", "female": 476.0}, {"male": 210.0, "name": "65 and 66 years", "female": 276.0}, {"male": 361.0, "name": "67 to 69 years", "female": 343.0}, {"male": 404.0, "name": "70 to 74 years", "female": 471.0}, {"male": 284.0, "name": "75 to 79 years", "female": 387.0}, {"male": 173.0, "name": "80 to 84 years", "female": 274.0}, {"male": 116.0, "name": "85 years and over", "female": 266.0}], "age_by_sex": [{"name": "Male", "value": 41.600000000000001}, {"name": "Female", "value": 43.200000000000003}], "GEOID": "45039", "NECTA": ""}, "Marion County": {"CNECTA": "", "COUNTY": "067", "HU100": "14953", "NAME": "Marion County", "P001001.2000": "35466", "CSA": "999", "P001001": "33062", "POP100": "33062", "SUMLEV": "050", "STATE": "45", "CBSA": "99999", "race": [{"name": "White", "value": 13434}, {"name": "Black", "value": 18476}, {"name": "American Indian or Alaska", "value": 144}, {"name": "Asian", "value": 176}, {"name": "Native Hawaiian", "value": 2}, {"name": "Other Race", "value": 417}, {"name": "Two or More Races", "value": 413}], "HU100.2000": "15143", "POP100.2000": "35466", "sex_by_age": [{"male": 1113.0, "name": "Under 5 years", "female": 1136.0}, {"male": 1089.0, "name": "5 to 9 years", "female": 1072.0}, {"male": 1132.0, "name": "10 to 14 years", "female": 1055.0}, {"male": 732.0, "name": "15 to 17 years", "female": 742.0}, {"male": 435.0, "name": "18 and 19 years", "female": 454.0}, {"male": 210.0, "name": "20 years", "female": 223.0}, {"male": 192.0, "name": "21 years", "female": 191.0}, {"male": 471.0, "name": "22 to 24 years", "female": 600.0}, {"male": 845.0, "name": "25 to 29 years", "female": 1016.0}, {"male": 905.0, "name": "30 to 34 years", "female": 1049.0}, {"male": 860.0, "name": "35 to 39 years", "female": 1034.0}, {"male": 879.0, "name": "40 to 44 years", "female": 1123.0}, {"male": 1028.0, "name": "45 to 49 years", "female": 1212.0}, {"male": 1126.0, "name": "50 to 54 years", "female": 1367.0}, {"male": 1102.0, "name": "55 to 59 years", "female": 1446.0}, {"male": 478.0, "name": "60 to 61 years", "female": 532.0}, {"male": 612.0, "name": "62 to 64 years", "female": 749.0}, {"male": 312.0, "name": "65 and 66 years", "female": 390.0}, {"male": 403.0, "name": "67 to 69 years", "female": 520.0}, {"male": 525.0, "name": "70 to 74 years", "female": 677.0}, {"male": 352.0, "name": "75 to 79 years", "female": 520.0}, {"male": 184.0, "name": "80 to 84 years", "female": 449.0}, {"male": 131.0, "name": "85 years and over", "female": 389.0}], "age_by_sex": [{"name": "Male", "value": 37.600000000000001}, {"name": "Female", "value": 41.899999999999999}], "GEOID": "45067", "NECTA": ""}, "Lexington County": {"CNECTA": "", "COUNTY": "063", "HU100": "113957", "NAME": "Lexington County", "P001001.2000": "216014", "CSA": "192", "P001001": "262391", "POP100": "262391", "SUMLEV": "050", "STATE": "45", "CBSA": "17900", "race": [{"name": "White", "value": 208023}, {"name": "Black", "value": 37522}, {"name": "American Indian or Alaska", "value": 1134}, {"name": "Asian", "value": 3729}, {"name": "Native Hawaiian", "value": 130}, {"name": "Other Race", "value": 6984}, {"name": "Two or More Races", "value": 4869}], "HU100.2000": "90978", "POP100.2000": "216014", "sex_by_age": [{"male": 8827.0, "name": "Under 5 years", "female": 8645.0}, {"male": 9009.0, "name": "5 to 9 years", "female": 8675.0}, {"male": 9189.0, "name": "10 to 14 years", "female": 8798.0}, {"male": 5625.0, "name": "15 to 17 years", "female": 5394.0}, {"male": 3437.0, "name": "18 and 19 years", "female": 3125.0}, {"male": 1655.0, "name": "20 years", "female": 1641.0}, {"male": 1604.0, "name": "21 years", "female": 1590.0}, {"male": 4895.0, "name": "22 to 24 years", "female": 4928.0}, {"male": 8599.0, "name": "25 to 29 years", "female": 8971.0}, {"male": 8382.0, "name": "30 to 34 years", "female": 8368.0}, {"male": 8788.0, "name": "35 to 39 years", "female": 9235.0}, {"male": 9227.0, "name": "40 to 44 years", "female": 9307.0}, {"male": 9879.0, "name": "45 to 49 years", "female": 10363.0}, {"male": 9535.0, "name": "50 to 54 years", "female": 10069.0}, {"male": 8188.0, "name": "55 to 59 years", "female": 9026.0}, {"male": 3023.0, "name": "60 to 61 years", "female": 3364.0}, {"male": 4235.0, "name": "62 to 64 years", "female": 4684.0}, {"male": 2407.0, "name": "65 and 66 years", "female": 2417.0}, {"male": 3030.0, "name": "67 to 69 years", "female": 3439.0}, {"male": 3532.0, "name": "70 to 74 years", "female": 4022.0}, {"male": 2395.0, "name": "75 to 79 years", "female": 3198.0}, {"male": 1536.0, "name": "80 to 84 years", "female": 2411.0}, {"male": 1137.0, "name": "85 years and over", "female": 2587.0}], "age_by_sex": [{"name": "Male", "value": 36.700000000000003}, {"name": "Female", "value": 38.899999999999999}], "GEOID": "45063", "NECTA": ""}, "Allendale County": {"CNECTA": "", "COUNTY": "005", "HU100": "4486", "NAME": "Allendale County", "P001001.2000": "11211", "CSA": "999", "P001001": "10419", "POP100": "10419", "SUMLEV": "050", "STATE": "45", "CBSA": "99999", "race": [{"name": "White", "value": 2465}, {"name": "Black", "value": 7672}, {"name": "American Indian or Alaska", "value": 20}, {"name": "Asian", "value": 41}, {"name": "Native Hawaiian", "value": 2}, {"name": "Other Race", "value": 134}, {"name": "Two or More Races", "value": 85}], "HU100.2000": "4568", "POP100.2000": "11211", "sex_by_age": [{"male": 329.0, "name": "Under 5 years", "female": 287.0}, {"male": 332.0, "name": "5 to 9 years", "female": 306.0}, {"male": 366.0, "name": "10 to 14 years", "female": 273.0}, {"male": 202.0, "name": "15 to 17 years", "female": 231.0}, {"male": 159.0, "name": "18 and 19 years", "female": 128.0}, {"male": 51.0, "name": "20 years", "female": 68.0}, {"male": 69.0, "name": "21 years", "female": 62.0}, {"male": 270.0, "name": "22 to 24 years", "female": 163.0}, {"male": 472.0, "name": "25 to 29 years", "female": 249.0}, {"male": 429.0, "name": "30 to 34 years", "female": 268.0}, {"male": 360.0, "name": "35 to 39 years", "female": 311.0}, {"male": 419.0, "name": "40 to 44 years", "female": 295.0}, {"male": 402.0, "name": "45 to 49 years", "female": 322.0}, {"male": 399.0, "name": "50 to 54 years", "female": 361.0}, {"male": 380.0, "name": "55 to 59 years", "female": 402.0}, {"male": 139.0, "name": "60 to 61 years", "female": 148.0}, {"male": 173.0, "name": "62 to 64 years", "female": 219.0}, {"male": 109.0, "name": "65 and 66 years", "female": 129.0}, {"male": 127.0, "name": "67 to 69 years", "female": 110.0}, {"male": 138.0, "name": "70 to 74 years", "female": 176.0}, {"male": 84.0, "name": "75 to 79 years", "female": 147.0}, {"male": 71.0, "name": "80 to 84 years", "female": 107.0}, {"male": 60.0, "name": "85 years and over", "female": 117.0}], "age_by_sex": [{"name": "Male", "value": 36.399999999999999}, {"name": "Female", "value": 41.5}], "GEOID": "45005", "NECTA": ""}, "Marlboro County": {"CNECTA": "", "COUNTY": "069", "HU100": "12072", "NAME": "Marlboro County", "P001001.2000": "28818", "CSA": "999", "P001001": "28933", "POP100": "28933", "SUMLEV": "050", "STATE": "45", "CBSA": "13500", "race": [{"name": "White", "value": 11987}, {"name": "Black", "value": 14729}, {"name": "American Indian or Alaska", "value": 1308}, {"name": "Asian", "value": 75}, {"name": "Native Hawaiian", "value": 4}, {"name": "Other Race", "value": 306}, {"name": "Two or More Races", "value": 524}], "HU100.2000": "11894", "POP100.2000": "28818", "sex_by_age": [{"male": 829.0, "name": "Under 5 years", "female": 847.0}, {"male": 840.0, "name": "5 to 9 years", "female": 783.0}, {"male": 943.0, "name": "10 to 14 years", "female": 877.0}, {"male": 615.0, "name": "15 to 17 years", "female": 589.0}, {"male": 346.0, "name": "18 and 19 years", "female": 322.0}, {"male": 194.0, "name": "20 years", "female": 153.0}, {"male": 179.0, "name": "21 years", "female": 142.0}, {"male": 629.0, "name": "22 to 24 years", "female": 472.0}, {"male": 1289.0, "name": "25 to 29 years", "female": 718.0}, {"male": 1360.0, "name": "30 to 34 years", "female": 806.0}, {"male": 1217.0, "name": "35 to 39 years", "female": 821.0}, {"male": 1116.0, "name": "40 to 44 years", "female": 911.0}, {"male": 1222.0, "name": "45 to 49 years", "female": 1014.0}, {"male": 1085.0, "name": "50 to 54 years", "female": 1054.0}, {"male": 963.0, "name": "55 to 59 years", "female": 1011.0}, {"male": 337.0, "name": "60 to 61 years", "female": 389.0}, {"male": 510.0, "name": "62 to 64 years", "female": 571.0}, {"male": 298.0, "name": "65 and 66 years", "female": 292.0}, {"male": 359.0, "name": "67 to 69 years", "female": 392.0}, {"male": 398.0, "name": "70 to 74 years", "female": 504.0}, {"male": 251.0, "name": "75 to 79 years", "female": 396.0}, {"male": 162.0, "name": "80 to 84 years", "female": 321.0}, {"male": 118.0, "name": "85 years and over", "female": 288.0}], "age_by_sex": [{"name": "Male", "value": 36.700000000000003}, {"name": "Female", "value": 41.799999999999997}], "GEOID": "45069", "NECTA": ""}, "Chester County": {"CNECTA": "", "COUNTY": "023", "HU100": "14701", "NAME": "Chester County", "P001001.2000": "34068", "CSA": "172", "P001001": "33140", "POP100": "33140", "SUMLEV": "050", "STATE": "45", "CBSA": "16900", "race": [{"name": "White", "value": 19814}, {"name": "Black", "value": 12387}, {"name": "American Indian or Alaska", "value": 136}, {"name": "Asian", "value": 109}, {"name": "Native Hawaiian", "value": 5}, {"name": "Other Race", "value": 187}, {"name": "Two or More Races", "value": 502}], "HU100.2000": "14374", "POP100.2000": "34068", "sex_by_age": [{"male": 1108.0, "name": "Under 5 years", "female": 1093.0}, {"male": 1086.0, "name": "5 to 9 years", "female": 1007.0}, {"male": 1134.0, "name": "10 to 14 years", "female": 1040.0}, {"male": 762.0, "name": "15 to 17 years", "female": 698.0}, {"male": 438.0, "name": "18 and 19 years", "female": 435.0}, {"male": 194.0, "name": "20 years", "female": 223.0}, {"male": 207.0, "name": "21 years", "female": 207.0}, {"male": 545.0, "name": "22 to 24 years", "female": 570.0}, {"male": 854.0, "name": "25 to 29 years", "female": 968.0}, {"male": 834.0, "name": "30 to 34 years", "female": 941.0}, {"male": 1014.0, "name": "35 to 39 years", "female": 1073.0}, {"male": 1106.0, "name": "40 to 44 years", "female": 1172.0}, {"male": 1274.0, "name": "45 to 49 years", "female": 1263.0}, {"male": 1241.0, "name": "50 to 54 years", "female": 1327.0}, {"male": 1131.0, "name": "55 to 59 years", "female": 1257.0}, {"male": 438.0, "name": "60 to 61 years", "female": 443.0}, {"male": 604.0, "name": "62 to 64 years", "female": 618.0}, {"male": 329.0, "name": "65 and 66 years", "female": 360.0}, {"male": 447.0, "name": "67 to 69 years", "female": 515.0}, {"male": 521.0, "name": "70 to 74 years", "female": 625.0}, {"male": 357.0, "name": "75 to 79 years", "female": 526.0}, {"male": 227.0, "name": "80 to 84 years", "female": 371.0}, {"male": 167.0, "name": "85 years and over", "female": 390.0}], "age_by_sex": [{"name": "Male", "value": 39.399999999999999}, {"name": "Female", "value": 41.299999999999997}], "GEOID": "45023", "NECTA": ""}, "Williamsburg County": {"CNECTA": "", "COUNTY": "089", "HU100": "15359", "NAME": "Williamsburg County", "P001001.2000": "37217", "CSA": "999", "P001001": "34423", "POP100": "34423", "SUMLEV": "050", "STATE": "45", "CBSA": "99999", "race": [{"name": "White", "value": 10939}, {"name": "Black", "value": 22637}, {"name": "American Indian or Alaska", "value": 114}, {"name": "Asian", "value": 138}, {"name": "Native Hawaiian", "value": 3}, {"name": "Other Race", "value": 330}, {"name": "Two or More Races", "value": 262}], "HU100.2000": "15552", "POP100.2000": "37217", "sex_by_age": [{"male": 1025.0, "name": "Under 5 years", "female": 1026.0}, {"male": 1146.0, "name": "5 to 9 years", "female": 1075.0}, {"male": 1171.0, "name": "10 to 14 years", "female": 1123.0}, {"male": 780.0, "name": "15 to 17 years", "female": 776.0}, {"male": 493.0, "name": "18 and 19 years", "female": 421.0}, {"male": 223.0, "name": "20 years", "female": 213.0}, {"male": 211.0, "name": "21 years", "female": 188.0}, {"male": 589.0, "name": "22 to 24 years", "female": 554.0}, {"male": 1038.0, "name": "25 to 29 years", "female": 902.0}, {"male": 1065.0, "name": "30 to 34 years", "female": 979.0}, {"male": 1108.0, "name": "35 to 39 years", "female": 999.0}, {"male": 1056.0, "name": "40 to 44 years", "female": 1145.0}, {"male": 1210.0, "name": "45 to 49 years", "female": 1174.0}, {"male": 1217.0, "name": "50 to 54 years", "female": 1434.0}, {"male": 1251.0, "name": "55 to 59 years", "female": 1443.0}, {"male": 485.0, "name": "60 to 61 years", "female": 521.0}, {"male": 633.0, "name": "62 to 64 years", "female": 710.0}, {"male": 336.0, "name": "65 and 66 years", "female": 382.0}, {"male": 451.0, "name": "67 to 69 years", "female": 525.0}, {"male": 516.0, "name": "70 to 74 years", "female": 683.0}, {"male": 361.0, "name": "75 to 79 years", "female": 576.0}, {"male": 218.0, "name": "80 to 84 years", "female": 419.0}, {"male": 151.0, "name": "85 years and over", "female": 421.0}], "age_by_sex": [{"name": "Male", "value": 37.899999999999999}, {"name": "Female", "value": 42.600000000000001}], "GEOID": "45089", "NECTA": ""}, "Union County": {"CNECTA": "", "COUNTY": "087", "HU100": "14153", "NAME": "Union County", "P001001.2000": "29881", "CSA": "273", "P001001": "28961", "POP100": "28961", "SUMLEV": "050", "STATE": "45", "CBSA": "46420", "race": [{"name": "White", "value": 19286}, {"name": "Black", "value": 9066}, {"name": "American Indian or Alaska", "value": 67}, {"name": "Asian", "value": 79}, {"name": "Native Hawaiian", "value": 11}, {"name": "Other Race", "value": 92}, {"name": "Two or More Races", "value": 360}], "HU100.2000": "13351", "POP100.2000": "29881", "sex_by_age": [{"male": 861.0, "name": "Under 5 years", "female": 813.0}, {"male": 878.0, "name": "5 to 9 years", "female": 865.0}, {"male": 997.0, "name": "10 to 14 years", "female": 936.0}, {"male": 690.0, "name": "15 to 17 years", "female": 560.0}, {"male": 357.0, "name": "18 and 19 years", "female": 373.0}, {"male": 158.0, "name": "20 years", "female": 172.0}, {"male": 148.0, "name": "21 years", "female": 187.0}, {"male": 427.0, "name": "22 to 24 years", "female": 456.0}, {"male": 645.0, "name": "25 to 29 years", "female": 773.0}, {"male": 797.0, "name": "30 to 34 years", "female": 838.0}, {"male": 860.0, "name": "35 to 39 years", "female": 942.0}, {"male": 973.0, "name": "40 to 44 years", "female": 972.0}, {"male": 1029.0, "name": "45 to 49 years", "female": 1183.0}, {"male": 1119.0, "name": "50 to 54 years", "female": 1145.0}, {"male": 1018.0, "name": "55 to 59 years", "female": 1075.0}, {"male": 336.0, "name": "60 to 61 years", "female": 474.0}, {"male": 539.0, "name": "62 to 64 years", "female": 596.0}, {"male": 309.0, "name": "65 and 66 years", "female": 345.0}, {"male": 367.0, "name": "67 to 69 years", "female": 434.0}, {"male": 523.0, "name": "70 to 74 years", "female": 659.0}, {"male": 359.0, "name": "75 to 79 years", "female": 562.0}, {"male": 244.0, "name": "80 to 84 years", "female": 378.0}, {"male": 146.0, "name": "85 years and over", "female": 443.0}], "age_by_sex": [{"name": "Male", "value": 40.399999999999999}, {"name": "Female", "value": 43.600000000000001}], "GEOID": "45087", "NECTA": ""}, "Berkeley County": {"CNECTA": "", "COUNTY": "015", "HU100": "73372", "NAME": "Berkeley County", "P001001.2000": "142651", "CSA": "999", "P001001": "177843", "POP100": "177843", "SUMLEV": "050", "STATE": "45", "CBSA": "16700", "race": [{"name": "White", "value": 118232}, {"name": "Black", "value": 44514}, {"name": "American Indian or Alaska", "value": 1067}, {"name": "Asian", "value": 4046}, {"name": "Native Hawaiian", "value": 184}, {"name": "Other Race", "value": 4990}, {"name": "Two or More Races", "value": 4810}], "HU100.2000": "54717", "POP100.2000": "142651", "sex_by_age": [{"male": 6855.0, "name": "Under 5 years", "female": 6398.0}, {"male": 6201.0, "name": "5 to 9 years", "female": 6154.0}, {"male": 6128.0, "name": "10 to 14 years", "female": 5796.0}, {"male": 3817.0, "name": "15 to 17 years", "female": 3613.0}, {"male": 3085.0, "name": "18 and 19 years", "female": 2279.0}, {"male": 1651.0, "name": "20 years", "female": 1134.0}, {"male": 1463.0, "name": "21 years", "female": 1104.0}, {"male": 4332.0, "name": "22 to 24 years", "female": 3694.0}, {"male": 7022.0, "name": "25 to 29 years", "female": 6864.0}, {"male": 6166.0, "name": "30 to 34 years", "female": 6327.0}, {"male": 6049.0, "name": "35 to 39 years", "female": 6126.0}, {"male": 6024.0, "name": "40 to 44 years", "female": 6148.0}, {"male": 6444.0, "name": "45 to 49 years", "female": 6603.0}, {"male": 5966.0, "name": "50 to 54 years", "female": 6478.0}, {"male": 5050.0, "name": "55 to 59 years", "female": 5653.0}, {"male": 1853.0, "name": "60 to 61 years", "female": 1990.0}, {"male": 2670.0, "name": "62 to 64 years", "female": 2912.0}, {"male": 1455.0, "name": "65 and 66 years", "female": 1579.0}, {"male": 1842.0, "name": "67 to 69 years", "female": 2071.0}, {"male": 2119.0, "name": "70 to 74 years", "female": 2463.0}, {"male": 1396.0, "name": "75 to 79 years", "female": 1636.0}, {"male": 667.0, "name": "80 to 84 years", "female": 1115.0}, {"male": 474.0, "name": "85 years and over", "female": 977.0}], "age_by_sex": [{"name": "Male", "value": 33.0}, {"name": "Female", "value": 36.0}], "GEOID": "45015", "NECTA": ""}, "York County": {"CNECTA": "", "COUNTY": "091", "HU100": "94196", "NAME": "York County", "P001001.2000": "164614", "CSA": "172", "P001001": "226073", "POP100": "226073", "SUMLEV": "050", "STATE": "45", "CBSA": "16740", "race": [{"name": "White", "value": 169158}, {"name": "Black", "value": 43003}, {"name": "American Indian or Alaska", "value": 1934}, {"name": "Asian", "value": 3413}, {"name": "Native Hawaiian", "value": 126}, {"name": "Other Race", "value": 4258}, {"name": "Two or More Races", "value": 4181}], "HU100.2000": "66061", "POP100.2000": "164614", "sex_by_age": [{"male": 7944.0, "name": "Under 5 years", "female": 7590.0}, {"male": 8249.0, "name": "5 to 9 years", "female": 7979.0}, {"male": 8414.0, "name": "10 to 14 years", "female": 7927.0}, {"male": 4867.0, "name": "15 to 17 years", "female": 4774.0}, {"male": 3066.0, "name": "18 and 19 years", "female": 3401.0}, {"male": 1402.0, "name": "20 years", "female": 1696.0}, {"male": 1356.0, "name": "21 years", "female": 1767.0}, {"male": 3828.0, "name": "22 to 24 years", "female": 4202.0}, {"male": 6339.0, "name": "25 to 29 years", "female": 7082.0}, {"male": 6855.0, "name": "30 to 34 years", "female": 7451.0}, {"male": 7917.0, "name": "35 to 39 years", "female": 8627.0}, {"male": 8358.0, "name": "40 to 44 years", "female": 8781.0}, {"male": 8693.0, "name": "45 to 49 years", "female": 8998.0}, {"male": 7942.0, "name": "50 to 54 years", "female": 8396.0}, {"male": 6790.0, "name": "55 to 59 years", "female": 7339.0}, {"male": 2510.0, "name": "60 to 61 years", "female": 2697.0}, {"male": 3482.0, "name": "62 to 64 years", "female": 3728.0}, {"male": 1811.0, "name": "65 and 66 years", "female": 1982.0}, {"male": 2449.0, "name": "67 to 69 years", "female": 2727.0}, {"male": 2863.0, "name": "70 to 74 years", "female": 3418.0}, {"male": 1922.0, "name": "75 to 79 years", "female": 2597.0}, {"male": 1194.0, "name": "80 to 84 years", "female": 1891.0}, {"male": 841.0, "name": "85 years and over", "female": 1931.0}], "age_by_sex": [{"name": "Male", "value": 36.5}, {"name": "Female", "value": 37.799999999999997}], "GEOID": "45091", "NECTA": ""}, "Orangeburg County": {"CNECTA": "", "COUNTY": "075", "HU100": "42504", "NAME": "Orangeburg County", "P001001.2000": "91582", "CSA": "999", "P001001": "92501", "POP100": "92501", "SUMLEV": "050", "STATE": "45", "CBSA": "36700", "race": [{"name": "White", "value": 31770}, {"name": "Black", "value": 57535}, {"name": "American Indian or Alaska", "value": 491}, {"name": "Asian", "value": 752}, {"name": "Native Hawaiian", "value": 14}, {"name": "Other Race", "value": 843}, {"name": "Two or More Races", "value": 1096}], "HU100.2000": "39304", "POP100.2000": "91582", "sex_by_age": [{"male": 3134.0, "name": "Under 5 years", "female": 3028.0}, {"male": 2885.0, "name": "5 to 9 years", "female": 2819.0}, {"male": 3010.0, "name": "10 to 14 years", "female": 2766.0}, {"male": 1918.0, "name": "15 to 17 years", "female": 1879.0}, {"male": 1725.0, "name": "18 and 19 years", "female": 1968.0}, {"male": 944.0, "name": "20 years", "female": 1117.0}, {"male": 822.0, "name": "21 years", "female": 1008.0}, {"male": 1826.0, "name": "22 to 24 years", "female": 2067.0}, {"male": 2677.0, "name": "25 to 29 years", "female": 2897.0}, {"male": 2299.0, "name": "30 to 34 years", "female": 2542.0}, {"male": 2250.0, "name": "35 to 39 years", "female": 2623.0}, {"male": 2471.0, "name": "40 to 44 years", "female": 2867.0}, {"male": 3099.0, "name": "45 to 49 years", "female": 3474.0}, {"male": 2969.0, "name": "50 to 54 years", "female": 3396.0}, {"male": 3003.0, "name": "55 to 59 years", "female": 3441.0}, {"male": 1095.0, "name": "60 to 61 years", "female": 1328.0}, {"male": 1604.0, "name": "62 to 64 years", "female": 1816.0}, {"male": 942.0, "name": "65 and 66 years", "female": 1030.0}, {"male": 1131.0, "name": "67 to 69 years", "female": 1478.0}, {"male": 1494.0, "name": "70 to 74 years", "female": 1844.0}, {"male": 1029.0, "name": "75 to 79 years", "female": 1461.0}, {"male": 686.0, "name": "80 to 84 years", "female": 1062.0}, {"male": 442.0, "name": "85 years and over", "female": 1135.0}], "age_by_sex": [{"name": "Male", "value": 36.100000000000001}, {"name": "Female", "value": 39.700000000000003}], "GEOID": "45075", "NECTA": ""}, "Lancaster County": {"CNECTA": "", "COUNTY": "057", "HU100": "32687", "NAME": "Lancaster County", "P001001.2000": "61351", "CSA": "172", "P001001": "76652", "POP100": "76652", "SUMLEV": "050", "STATE": "45", "CBSA": "29580", "race": [{"name": "White", "value": 54844}, {"name": "Black", "value": 18278}, {"name": "American Indian or Alaska", "value": 235}, {"name": "Asian", "value": 494}, {"name": "Native Hawaiian", "value": 17}, {"name": "Other Race", "value": 1815}, {"name": "Two or More Races", "value": 969}], "HU100.2000": "24962", "POP100.2000": "61351", "sex_by_age": [{"male": 2648.0, "name": "Under 5 years", "female": 2536.0}, {"male": 2440.0, "name": "5 to 9 years", "female": 2426.0}, {"male": 2504.0, "name": "10 to 14 years", "female": 2307.0}, {"male": 1545.0, "name": "15 to 17 years", "female": 1425.0}, {"male": 988.0, "name": "18 and 19 years", "female": 865.0}, {"male": 419.0, "name": "20 years", "female": 411.0}, {"male": 437.0, "name": "21 years", "female": 403.0}, {"male": 1255.0, "name": "22 to 24 years", "female": 1189.0}, {"male": 2258.0, "name": "25 to 29 years", "female": 2275.0}, {"male": 2516.0, "name": "30 to 34 years", "female": 2382.0}, {"male": 2815.0, "name": "35 to 39 years", "female": 2681.0}, {"male": 2753.0, "name": "40 to 44 years", "female": 2550.0}, {"male": 2722.0, "name": "45 to 49 years", "female": 2766.0}, {"male": 2579.0, "name": "50 to 54 years", "female": 2574.0}, {"male": 2398.0, "name": "55 to 59 years", "female": 2631.0}, {"male": 938.0, "name": "60 to 61 years", "female": 1119.0}, {"male": 1407.0, "name": "62 to 64 years", "female": 1753.0}, {"male": 880.0, "name": "65 and 66 years", "female": 902.0}, {"male": 1133.0, "name": "67 to 69 years", "female": 1299.0}, {"male": 1371.0, "name": "70 to 74 years", "female": 1633.0}, {"male": 883.0, "name": "75 to 79 years", "female": 1130.0}, {"male": 528.0, "name": "80 to 84 years", "female": 821.0}, {"male": 345.0, "name": "85 years and over", "female": 812.0}], "age_by_sex": [{"name": "Male", "value": 38.5}, {"name": "Female", "value": 40.899999999999999}], "GEOID": "45057", "NECTA": ""}, "Horry County": {"CNECTA": "", "COUNTY": "051", "HU100": "185992", "NAME": "Horry County", "P001001.2000": "196629", "CSA": "396", "P001001": "269291", "POP100": "269291", "SUMLEV": "050", "STATE": "45", "CBSA": "34820", "race": [{"name": "White", "value": 215071}, {"name": "Black", "value": 36202}, {"name": "American Indian or Alaska", "value": 1279}, {"name": "Asian", "value": 2816}, {"name": "Native Hawaiian", "value": 305}, {"name": "Other Race", "value": 8366}, {"name": "Two or More Races", "value": 5252}], "HU100.2000": "122085", "POP100.2000": "196629", "sex_by_age": [{"male": 7746.0, "name": "Under 5 years", "female": 7557.0}, {"male": 7666.0, "name": "5 to 9 years", "female": 7420.0}, {"male": 7455.0, "name": "10 to 14 years", "female": 7240.0}, {"male": 4698.0, "name": "15 to 17 years", "female": 4460.0}, {"male": 3814.0, "name": "18 and 19 years", "female": 3833.0}, {"male": 1986.0, "name": "20 years", "female": 1871.0}, {"male": 1977.0, "name": "21 years", "female": 1915.0}, {"male": 5492.0, "name": "22 to 24 years", "female": 5191.0}, {"male": 8815.0, "name": "25 to 29 years", "female": 8466.0}, {"male": 8493.0, "name": "30 to 34 years", "female": 8060.0}, {"male": 8281.0, "name": "35 to 39 years", "female": 8287.0}, {"male": 8444.0, "name": "40 to 44 years", "female": 8451.0}, {"male": 9117.0, "name": "45 to 49 years", "female": 9700.0}, {"male": 8596.0, "name": "50 to 54 years", "female": 9664.0}, {"male": 8587.0, "name": "55 to 59 years", "female": 10168.0}, {"male": 3636.0, "name": "60 to 61 years", "female": 4111.0}, {"male": 5639.0, "name": "62 to 64 years", "female": 6385.0}, {"male": 3418.0, "name": "65 and 66 years", "female": 3626.0}, {"male": 4520.0, "name": "67 to 69 years", "female": 4907.0}, {"male": 5788.0, "name": "70 to 74 years", "female": 6123.0}, {"male": 3856.0, "name": "75 to 79 years", "female": 4334.0}, {"male": 2323.0, "name": "80 to 84 years", "female": 3162.0}, {"male": 1344.0, "name": "85 years and over", "female": 2669.0}], "age_by_sex": [{"name": "Male", "value": 39.700000000000003}, {"name": "Female", "value": 42.700000000000003}], "GEOID": "45051", "NECTA": ""}, "Abbeville County": {"CNECTA": "", "COUNTY": "001", "HU100": "12079", "NAME": "Abbeville County", "P001001.2000": "26167", "CSA": "999", "P001001": "25417", "POP100": "25417", "SUMLEV": "050", "STATE": "45", "CBSA": "99999", "race": [{"name": "White", "value": 17691}, {"name": "Black", "value": 7187}, {"name": "American Indian or Alaska", "value": 60}, {"name": "Asian", "value": 75}, {"name": "Native Hawaiian", "value": 5}, {"name": "Other Race", "value": 108}, {"name": "Two or More Races", "value": 291}], "HU100.2000": "11656", "POP100.2000": "26167", "sex_by_age": [{"male": 798.0, "name": "Under 5 years", "female": 729.0}, {"male": 791.0, "name": "5 to 9 years", "female": 782.0}, {"male": 861.0, "name": "10 to 14 years", "female": 789.0}, {"male": 536.0, "name": "15 to 17 years", "female": 501.0}, {"male": 440.0, "name": "18 and 19 years", "female": 425.0}, {"male": 182.0, "name": "20 years", "female": 220.0}, {"male": 197.0, "name": "21 years", "female": 191.0}, {"male": 386.0, "name": "22 to 24 years", "female": 380.0}, {"male": 598.0, "name": "25 to 29 years", "female": 613.0}, {"male": 587.0, "name": "30 to 34 years", "female": 701.0}, {"male": 774.0, "name": "35 to 39 years", "female": 737.0}, {"male": 770.0, "name": "40 to 44 years", "female": 824.0}, {"male": 871.0, "name": "45 to 49 years", "female": 909.0}, {"male": 911.0, "name": "50 to 54 years", "female": 978.0}, {"male": 925.0, "name": "55 to 59 years", "female": 1012.0}, {"male": 365.0, "name": "60 to 61 years", "female": 374.0}, {"male": 514.0, "name": "62 to 64 years", "female": 543.0}, {"male": 299.0, "name": "65 and 66 years", "female": 279.0}, {"male": 344.0, "name": "67 to 69 years", "female": 432.0}, {"male": 476.0, "name": "70 to 74 years", "female": 559.0}, {"male": 327.0, "name": "75 to 79 years", "female": 441.0}, {"male": 230.0, "name": "80 to 84 years", "female": 339.0}, {"male": 139.0, "name": "85 years and over", "female": 338.0}], "age_by_sex": [{"name": "Male", "value": 40.100000000000001}, {"name": "Female", "value": 42.899999999999999}], "GEOID": "45001", "NECTA": ""}, "Cherokee County": {"CNECTA": "", "COUNTY": "021", "HU100": "23997", "NAME": "Cherokee County", "P001001.2000": "52537", "CSA": "273", "P001001": "55342", "POP100": "55342", "SUMLEV": "050", "STATE": "45", "CBSA": "23500", "race": [{"name": "White", "value": 41525}, {"name": "Black", "value": 11278}, {"name": "American Indian or Alaska", "value": 199}, {"name": "Asian", "value": 313}, {"name": "Native Hawaiian", "value": 17}, {"name": "Other Race", "value": 1223}, {"name": "Two or More Races", "value": 787}], "HU100.2000": "22400", "POP100.2000": "52537", "sex_by_age": [{"male": 1934.0, "name": "Under 5 years", "female": 1790.0}, {"male": 1867.0, "name": "5 to 9 years", "female": 1846.0}, {"male": 1961.0, "name": "10 to 14 years", "female": 1869.0}, {"male": 1243.0, "name": "15 to 17 years", "female": 1144.0}, {"male": 785.0, "name": "18 and 19 years", "female": 827.0}, {"male": 386.0, "name": "20 years", "female": 400.0}, {"male": 412.0, "name": "21 years", "female": 390.0}, {"male": 1010.0, "name": "22 to 24 years", "female": 1020.0}, {"male": 1486.0, "name": "25 to 29 years", "female": 1680.0}, {"male": 1507.0, "name": "30 to 34 years", "female": 1693.0}, {"male": 1846.0, "name": "35 to 39 years", "female": 1966.0}, {"male": 1914.0, "name": "40 to 44 years", "female": 1986.0}, {"male": 2016.0, "name": "45 to 49 years", "female": 1985.0}, {"male": 1907.0, "name": "50 to 54 years", "female": 1968.0}, {"male": 1834.0, "name": "55 to 59 years", "female": 1878.0}, {"male": 671.0, "name": "60 to 61 years", "female": 682.0}, {"male": 941.0, "name": "62 to 64 years", "female": 1056.0}, {"male": 539.0, "name": "65 and 66 years", "female": 562.0}, {"male": 703.0, "name": "67 to 69 years", "female": 771.0}, {"male": 807.0, "name": "70 to 74 years", "female": 959.0}, {"male": 530.0, "name": "75 to 79 years", "female": 788.0}, {"male": 331.0, "name": "80 to 84 years", "female": 611.0}, {"male": 230.0, "name": "85 years and over", "female": 611.0}], "age_by_sex": [{"name": "Male", "value": 37.399999999999999}, {"name": "Female", "value": 39.100000000000001}], "GEOID": "45021", "NECTA": ""}, "McCormick County": {"CNECTA": "", "COUNTY": "065", "HU100": "5453", "NAME": "McCormick County", "P001001.2000": "9958", "CSA": "999", "P001001": "10233", "POP100": "10233", "SUMLEV": "050", "STATE": "45", "CBSA": "99999", "race": [{"name": "White", "value": 4985}, {"name": "Black", "value": 5083}, {"name": "American Indian or Alaska", "value": 10}, {"name": "Asian", "value": 34}, {"name": "Native Hawaiian", "value": 6}, {"name": "Other Race", "value": 23}, {"name": "Two or More Races", "value": 92}], "HU100.2000": "4459", "POP100.2000": "9958", "sex_by_age": [{"male": 224.0, "name": "Under 5 years", "female": 200.0}, {"male": 171.0, "name": "5 to 9 years", "female": 191.0}, {"male": 198.0, "name": "10 to 14 years", "female": 200.0}, {"male": 169.0, "name": "15 to 17 years", "female": 129.0}, {"male": 72.0, "name": "18 and 19 years", "female": 85.0}, {"male": 47.0, "name": "20 years", "female": 43.0}, {"male": 37.0, "name": "21 years", "female": 41.0}, {"male": 173.0, "name": "22 to 24 years", "female": 107.0}, {"male": 396.0, "name": "25 to 29 years", "female": 167.0}, {"male": 374.0, "name": "30 to 34 years", "female": 188.0}, {"male": 369.0, "name": "35 to 39 years", "female": 208.0}, {"male": 351.0, "name": "40 to 44 years", "female": 254.0}, {"male": 426.0, "name": "45 to 49 years", "female": 302.0}, {"male": 453.0, "name": "50 to 54 years", "female": 346.0}, {"male": 410.0, "name": "55 to 59 years", "female": 419.0}, {"male": 187.0, "name": "60 to 61 years", "female": 198.0}, {"male": 298.0, "name": "62 to 64 years", "female": 351.0}, {"male": 179.0, "name": "65 and 66 years", "female": 182.0}, {"male": 298.0, "name": "67 to 69 years", "female": 283.0}, {"male": 338.0, "name": "70 to 74 years", "female": 348.0}, {"male": 207.0, "name": "75 to 79 years", "female": 208.0}, {"male": 120.0, "name": "80 to 84 years", "female": 132.0}, {"male": 61.0, "name": "85 years and over", "female": 93.0}], "age_by_sex": [{"name": "Male", "value": 47.399999999999999}, {"name": "Female", "value": 53.200000000000003}], "GEOID": "45065", "NECTA": ""}, "Florence County": {"CNECTA": "", "COUNTY": "041", "HU100": "58666", "NAME": "Florence County", "P001001.2000": "125761", "CSA": "999", "P001001": "136885", "POP100": "136885", "SUMLEV": "050", "STATE": "45", "CBSA": "22500", "race": [{"name": "White", "value": 75116}, {"name": "Black", "value": 56506}, {"name": "American Indian or Alaska", "value": 464}, {"name": "Asian", "value": 1671}, {"name": "Native Hawaiian", "value": 23}, {"name": "Other Race", "value": 1548}, {"name": "Two or More Races", "value": 1557}], "HU100.2000": "51836", "POP100.2000": "125761", "sex_by_age": [{"male": 4594.0, "name": "Under 5 years", "female": 4632.0}, {"male": 4799.0, "name": "5 to 9 years", "female": 4573.0}, {"male": 4737.0, "name": "10 to 14 years", "female": 4586.0}, {"male": 2929.0, "name": "15 to 17 years", "female": 2850.0}, {"male": 1790.0, "name": "18 and 19 years", "female": 1870.0}, {"male": 1008.0, "name": "20 years", "female": 1209.0}, {"male": 868.0, "name": "21 years", "female": 1249.0}, {"male": 2483.0, "name": "22 to 24 years", "female": 2763.0}, {"male": 4079.0, "name": "25 to 29 years", "female": 4375.0}, {"male": 4060.0, "name": "30 to 34 years", "female": 4548.0}, {"male": 4040.0, "name": "35 to 39 years", "female": 4740.0}, {"male": 4202.0, "name": "40 to 44 years", "female": 4813.0}, {"male": 4617.0, "name": "45 to 49 years", "female": 5165.0}, {"male": 4528.0, "name": "50 to 54 years", "female": 5144.0}, {"male": 4353.0, "name": "55 to 59 years", "female": 4950.0}, {"male": 1624.0, "name": "60 to 61 years", "female": 1834.0}, {"male": 2259.0, "name": "62 to 64 years", "female": 2597.0}, {"male": 1257.0, "name": "65 and 66 years", "female": 1484.0}, {"male": 1539.0, "name": "67 to 69 years", "female": 1810.0}, {"male": 1898.0, "name": "70 to 74 years", "female": 2539.0}, {"male": 1313.0, "name": "75 to 79 years", "female": 1934.0}, {"male": 791.0, "name": "80 to 84 years", "female": 1420.0}, {"male": 551.0, "name": "85 years and over", "female": 1481.0}], "age_by_sex": [{"name": "Male", "value": 36.0}, {"name": "Female", "value": 38.799999999999997}], "GEOID": "45041", "NECTA": ""}, "Clarendon County": {"CNECTA": "", "COUNTY": "027", "HU100": "17467", "NAME": "Clarendon County", "P001001.2000": "32502", "CSA": "999", "P001001": "34971", "POP100": "34971", "SUMLEV": "050", "STATE": "45", "CBSA": "99999", "race": [{"name": "White", "value": 16445}, {"name": "Black", "value": 17504}, {"name": "American Indian or Alaska", "value": 86}, {"name": "Asian", "value": 225}, {"name": "Native Hawaiian", "value": 4}, {"name": "Other Race", "value": 418}, {"name": "Two or More Races", "value": 289}], "HU100.2000": "15303", "POP100.2000": "32502", "sex_by_age": [{"male": 976.0, "name": "Under 5 years", "female": 1076.0}, {"male": 1056.0, "name": "5 to 9 years", "female": 1044.0}, {"male": 1116.0, "name": "10 to 14 years", "female": 1057.0}, {"male": 743.0, "name": "15 to 17 years", "female": 741.0}, {"male": 660.0, "name": "18 and 19 years", "female": 436.0}, {"male": 396.0, "name": "20 years", "female": 221.0}, {"male": 363.0, "name": "21 years", "female": 187.0}, {"male": 762.0, "name": "22 to 24 years", "female": 576.0}, {"male": 1053.0, "name": "25 to 29 years", "female": 916.0}, {"male": 863.0, "name": "30 to 34 years", "female": 845.0}, {"male": 925.0, "name": "35 to 39 years", "female": 882.0}, {"male": 941.0, "name": "40 to 44 years", "female": 1092.0}, {"male": 1174.0, "name": "45 to 49 years", "female": 1233.0}, {"male": 1198.0, "name": "50 to 54 years", "female": 1450.0}, {"male": 1163.0, "name": "55 to 59 years", "female": 1390.0}, {"male": 514.0, "name": "60 to 61 years", "female": 565.0}, {"male": 699.0, "name": "62 to 64 years", "female": 791.0}, {"male": 406.0, "name": "65 and 66 years", "female": 480.0}, {"male": 587.0, "name": "67 to 69 years", "female": 592.0}, {"male": 746.0, "name": "70 to 74 years", "female": 829.0}, {"male": 505.0, "name": "75 to 79 years", "female": 546.0}, {"male": 254.0, "name": "80 to 84 years", "female": 381.0}, {"male": 171.0, "name": "85 years and over", "female": 370.0}], "age_by_sex": [{"name": "Male", "value": 38.600000000000001}, {"name": "Female", "value": 44.100000000000001}], "GEOID": "45027", "NECTA": ""}, "Chesterfield County": {"CNECTA": "", "COUNTY": "025", "HU100": "21482", "NAME": "Chesterfield County", "P001001.2000": "42768", "CSA": "999", "P001001": "46734", "POP100": "46734", "SUMLEV": "050", "STATE": "45", "CBSA": "99999", "race": [{"name": "White", "value": 29352}, {"name": "Black", "value": 15253}, {"name": "American Indian or Alaska", "value": 237}, {"name": "Asian", "value": 172}, {"name": "Native Hawaiian", "value": 12}, {"name": "Other Race", "value": 945}, {"name": "Two or More Races", "value": 763}], "HU100.2000": "18818", "POP100.2000": "42768", "sex_by_age": [{"male": 1460.0, "name": "Under 5 years", "female": 1527.0}, {"male": 1517.0, "name": "5 to 9 years", "female": 1572.0}, {"male": 1679.0, "name": "10 to 14 years", "female": 1638.0}, {"male": 1108.0, "name": "15 to 17 years", "female": 1056.0}, {"male": 660.0, "name": "18 and 19 years", "female": 623.0}, {"male": 297.0, "name": "20 years", "female": 314.0}, {"male": 302.0, "name": "21 years", "female": 286.0}, {"male": 782.0, "name": "22 to 24 years", "female": 744.0}, {"male": 1265.0, "name": "25 to 29 years", "female": 1268.0}, {"male": 1301.0, "name": "30 to 34 years", "female": 1380.0}, {"male": 1507.0, "name": "35 to 39 years", "female": 1509.0}, {"male": 1657.0, "name": "40 to 44 years", "female": 1712.0}, {"male": 1755.0, "name": "45 to 49 years", "female": 1812.0}, {"male": 1670.0, "name": "50 to 54 years", "female": 1742.0}, {"male": 1580.0, "name": "55 to 59 years", "female": 1641.0}, {"male": 616.0, "name": "60 to 61 years", "female": 646.0}, {"male": 832.0, "name": "62 to 64 years", "female": 944.0}, {"male": 451.0, "name": "65 and 66 years", "female": 509.0}, {"male": 589.0, "name": "67 to 69 years", "female": 656.0}, {"male": 730.0, "name": "70 to 74 years", "female": 853.0}, {"male": 505.0, "name": "75 to 79 years", "female": 670.0}, {"male": 268.0, "name": "80 to 84 years", "female": 488.0}, {"male": 166.0, "name": "85 years and over", "female": 447.0}], "age_by_sex": [{"name": "Male", "value": 38.399999999999999}, {"name": "Female", "value": 40.299999999999997}], "GEOID": "45025", "NECTA": ""}, "Spartanburg County": {"CNECTA": "", "COUNTY": "083", "HU100": "122628", "NAME": "Spartanburg County", "P001001.2000": "253791", "CSA": "273", "P001001": "284307", "POP100": "284307", "SUMLEV": "050", "STATE": "45", "CBSA": "43900", "race": [{"name": "White", "value": 205680}, {"name": "Black", "value": 58565}, {"name": "American Indian or Alaska", "value": 764}, {"name": "Asian", "value": 5746}, {"name": "Native Hawaiian", "value": 86}, {"name": "Other Race", "value": 8714}, {"name": "Two or More Races", "value": 4752}], "HU100.2000": "106986", "POP100.2000": "253791", "sex_by_age": [{"male": 9588.0, "name": "Under 5 years", "female": 9382.0}, {"male": 9730.0, "name": "5 to 9 years", "female": 9227.0}, {"male": 9964.0, "name": "10 to 14 years", "female": 9465.0}, {"male": 6240.0, "name": "15 to 17 years", "female": 5854.0}, {"male": 4381.0, "name": "18 and 19 years", "female": 4557.0}, {"male": 2124.0, "name": "20 years", "female": 2313.0}, {"male": 1887.0, "name": "21 years", "female": 2161.0}, {"male": 4986.0, "name": "22 to 24 years", "female": 5415.0}, {"male": 8439.0, "name": "25 to 29 years", "female": 8602.0}, {"male": 8300.0, "name": "30 to 34 years", "female": 8522.0}, {"male": 9322.0, "name": "35 to 39 years", "female": 9570.0}, {"male": 9861.0, "name": "40 to 44 years", "female": 10057.0}, {"male": 10435.0, "name": "45 to 49 years", "female": 10563.0}, {"male": 9661.0, "name": "50 to 54 years", "female": 10287.0}, {"male": 8753.0, "name": "55 to 59 years", "female": 9782.0}, {"male": 3323.0, "name": "60 to 61 years", "female": 3686.0}, {"male": 4676.0, "name": "62 to 64 years", "female": 4967.0}, {"male": 2617.0, "name": "65 and 66 years", "female": 2803.0}, {"male": 3388.0, "name": "67 to 69 years", "female": 4027.0}, {"male": 4162.0, "name": "70 to 74 years", "female": 5069.0}, {"male": 2897.0, "name": "75 to 79 years", "female": 4012.0}, {"male": 1789.0, "name": "80 to 84 years", "female": 3038.0}, {"male": 1246.0, "name": "85 years and over", "female": 3179.0}], "age_by_sex": [{"name": "Male", "value": 36.899999999999999}, {"name": "Female", "value": 39.100000000000001}], "GEOID": "45083", "NECTA": ""}, "Richland County": {"CNECTA": "", "COUNTY": "079", "HU100": "161725", "NAME": "Richland County", "P001001.2000": "320677", "CSA": "192", "P001001": "384504", "POP100": "384504", "SUMLEV": "050", "STATE": "45", "CBSA": "17900", "race": [{"name": "White", "value": 181974}, {"name": "Black", "value": 176538}, {"name": "American Indian or Alaska", "value": 1230}, {"name": "Asian", "value": 8548}, {"name": "Native Hawaiian", "value": 425}, {"name": "Other Race", "value": 7358}, {"name": "Two or More Races", "value": 8431}], "HU100.2000": "129793", "POP100.2000": "320677", "sex_by_age": [{"male": 12440.0, "name": "Under 5 years", "female": 12023.0}, {"male": 12174.0, "name": "5 to 9 years", "female": 11864.0}, {"male": 12121.0, "name": "10 to 14 years", "female": 11625.0}, {"male": 7841.0, "name": "15 to 17 years", "female": 7465.0}, {"male": 9436.0, "name": "18 and 19 years", "female": 8616.0}, {"male": 5219.0, "name": "20 years", "female": 4721.0}, {"male": 4652.0, "name": "21 years", "female": 4208.0}, {"male": 11384.0, "name": "22 to 24 years", "female": 10638.0}, {"male": 15804.0, "name": "25 to 29 years", "female": 15469.0}, {"male": 13221.0, "name": "30 to 34 years", "female": 13484.0}, {"male": 12399.0, "name": "35 to 39 years", "female": 12996.0}, {"male": 11701.0, "name": "40 to 44 years", "female": 12749.0}, {"male": 12223.0, "name": "45 to 49 years", "female": 13893.0}, {"male": 11994.0, "name": "50 to 54 years", "female": 13458.0}, {"male": 10462.0, "name": "55 to 59 years", "female": 12096.0}, {"male": 3813.0, "name": "60 to 61 years", "female": 4280.0}, {"male": 4978.0, "name": "62 to 64 years", "female": 5516.0}, {"male": 2577.0, "name": "65 and 66 years", "female": 2978.0}, {"male": 3137.0, "name": "67 to 69 years", "female": 3855.0}, {"male": 3673.0, "name": "70 to 74 years", "female": 4877.0}, {"male": 2782.0, "name": "75 to 79 years", "female": 3990.0}, {"male": 1875.0, "name": "80 to 84 years", "female": 3135.0}, {"male": 1424.0, "name": "85 years and over", "female": 3238.0}], "age_by_sex": [{"name": "Male", "value": 30.899999999999999}, {"name": "Female", "value": 34.399999999999999}], "GEOID": "45079", "NECTA": ""}, "Beaufort County": {"CNECTA": "", "COUNTY": "013", "HU100": "93023", "NAME": "Beaufort County", "P001001.2000": "120937", "CSA": "999", "P001001": "162233", "POP100": "162233", "SUMLEV": "050", "STATE": "45", "CBSA": "25940", "race": [{"name": "White", "value": 116606}, {"name": "Black", "value": 31290}, {"name": "American Indian or Alaska", "value": 481}, {"name": "Asian", "value": 1889}, {"name": "Native Hawaiian", "value": 119}, {"name": "Other Race", "value": 8515}, {"name": "Two or More Races", "value": 3333}], "HU100.2000": "60509", "POP100.2000": "120937", "sex_by_age": [{"male": 5547.0, "name": "Under 5 years", "female": 5413.0}, {"male": 4822.0, "name": "5 to 9 years", "female": 4744.0}, {"male": 4326.0, "name": "10 to 14 years", "female": 4227.0}, {"male": 2705.0, "name": "15 to 17 years", "female": 2564.0}, {"male": 2808.0, "name": "18 and 19 years", "female": 1879.0}, {"male": 1575.0, "name": "20 years", "female": 974.0}, {"male": 1330.0, "name": "21 years", "female": 899.0}, {"male": 3911.0, "name": "22 to 24 years", "female": 3067.0}, {"male": 5610.0, "name": "25 to 29 years", "female": 5232.0}, {"male": 4729.0, "name": "30 to 34 years", "female": 4566.0}, {"male": 4519.0, "name": "35 to 39 years", "female": 4588.0}, {"male": 4115.0, "name": "40 to 44 years", "female": 4312.0}, {"male": 4403.0, "name": "45 to 49 years", "female": 4886.0}, {"male": 4210.0, "name": "50 to 54 years", "female": 5081.0}, {"male": 4304.0, "name": "55 to 59 years", "female": 5582.0}, {"male": 1976.0, "name": "60 to 61 years", "female": 2579.0}, {"male": 3556.0, "name": "62 to 64 years", "female": 4162.0}, {"male": 2199.0, "name": "65 and 66 years", "female": 2619.0}, {"male": 3311.0, "name": "67 to 69 years", "female": 3621.0}, {"male": 4156.0, "name": "70 to 74 years", "female": 4231.0}, {"male": 3031.0, "name": "75 to 79 years", "female": 2904.0}, {"male": 1770.0, "name": "80 to 84 years", "female": 1993.0}, {"male": 1176.0, "name": "85 years and over", "female": 2021.0}], "age_by_sex": [{"name": "Male", "value": 38.0}, {"name": "Female", "value": 43.399999999999999}], "GEOID": "45013", "NECTA": ""}, "Saluda County": {"CNECTA": "", "COUNTY": "081", "HU100": "9289", "NAME": "Saluda County", "P001001.2000": "19181", "CSA": "192", "P001001": "19875", "POP100": "19875", "SUMLEV": "050", "STATE": "45", "CBSA": "17900", "race": [{"name": "White", "value": 12141}, {"name": "Black", "value": 5230}, {"name": "American Indian or Alaska", "value": 83}, {"name": "Asian", "value": 38}, {"name": "Native Hawaiian", "value": 63}, {"name": "Other Race", "value": 2042}, {"name": "Two or More Races", "value": 278}], "HU100.2000": "8543", "POP100.2000": "19181", "sex_by_age": [{"male": 688.0, "name": "Under 5 years", "female": 677.0}, {"male": 652.0, "name": "5 to 9 years", "female": 586.0}, {"male": 653.0, "name": "10 to 14 years", "female": 568.0}, {"male": 416.0, "name": "15 to 17 years", "female": 341.0}, {"male": 298.0, "name": "18 and 19 years", "female": 261.0}, {"male": 129.0, "name": "20 years", "female": 125.0}, {"male": 123.0, "name": "21 years", "female": 89.0}, {"male": 408.0, "name": "22 to 24 years", "female": 322.0}, {"male": 714.0, "name": "25 to 29 years", "female": 644.0}, {"male": 578.0, "name": "30 to 34 years", "female": 536.0}, {"male": 632.0, "name": "35 to 39 years", "female": 621.0}, {"male": 640.0, "name": "40 to 44 years", "female": 626.0}, {"male": 692.0, "name": "45 to 49 years", "female": 696.0}, {"male": 685.0, "name": "50 to 54 years", "female": 689.0}, {"male": 675.0, "name": "55 to 59 years", "female": 686.0}, {"male": 265.0, "name": "60 to 61 years", "female": 253.0}, {"male": 338.0, "name": "62 to 64 years", "female": 374.0}, {"male": 209.0, "name": "65 and 66 years", "female": 235.0}, {"male": 307.0, "name": "67 to 69 years", "female": 316.0}, {"male": 372.0, "name": "70 to 74 years", "female": 395.0}, {"male": 228.0, "name": "75 to 79 years", "female": 307.0}, {"male": 164.0, "name": "80 to 84 years", "female": 257.0}, {"male": 123.0, "name": "85 years and over", "female": 282.0}], "age_by_sex": [{"name": "Male", "value": 37.799999999999997}, {"name": "Female", "value": 41.5}], "GEOID": "45081", "NECTA": ""}, "Kershaw County": {"CNECTA": "", "COUNTY": "055", "HU100": "27478", "NAME": "Kershaw County", "P001001.2000": "52647", "CSA": "192", "P001001": "61697", "POP100": "61697", "SUMLEV": "050", "STATE": "45", "CBSA": "17900", "race": [{"name": "White", "value": 43965}, {"name": "Black", "value": 15188}, {"name": "American Indian or Alaska", "value": 197}, {"name": "Asian", "value": 302}, {"name": "Native Hawaiian", "value": 29}, {"name": "Other Race", "value": 1040}, {"name": "Two or More Races", "value": 976}], "HU100.2000": "22683", "POP100.2000": "52647", "sex_by_age": [{"male": 2127.0, "name": "Under 5 years", "female": 1983.0}, {"male": 2160.0, "name": "5 to 9 years", "female": 1928.0}, {"male": 2208.0, "name": "10 to 14 years", "female": 2080.0}, {"male": 1375.0, "name": "15 to 17 years", "female": 1278.0}, {"male": 861.0, "name": "18 and 19 years", "female": 668.0}, {"male": 355.0, "name": "20 years", "female": 325.0}, {"male": 359.0, "name": "21 years", "female": 343.0}, {"male": 954.0, "name": "22 to 24 years", "female": 945.0}, {"male": 1714.0, "name": "25 to 29 years", "female": 1737.0}, {"male": 1642.0, "name": "30 to 34 years", "female": 1840.0}, {"male": 1839.0, "name": "35 to 39 years", "female": 1989.0}, {"male": 1977.0, "name": "40 to 44 years", "female": 2137.0}, {"male": 2236.0, "name": "45 to 49 years", "female": 2455.0}, {"male": 2375.0, "name": "50 to 54 years", "female": 2498.0}, {"male": 2059.0, "name": "55 to 59 years", "female": 2348.0}, {"male": 829.0, "name": "60 to 61 years", "female": 926.0}, {"male": 1169.0, "name": "62 to 64 years", "female": 1181.0}, {"male": 612.0, "name": "65 and 66 years", "female": 636.0}, {"male": 813.0, "name": "67 to 69 years", "female": 921.0}, {"male": 917.0, "name": "70 to 74 years", "female": 1195.0}, {"male": 731.0, "name": "75 to 79 years", "female": 942.0}, {"male": 438.0, "name": "80 to 84 years", "female": 650.0}, {"male": 267.0, "name": "85 years and over", "female": 675.0}], "age_by_sex": [{"name": "Male", "value": 38.5}, {"name": "Female", "value": 41.700000000000003}], "GEOID": "45055", "NECTA": ""}, "Aiken County": {"CNECTA": "", "COUNTY": "003", "HU100": "72249", "NAME": "Aiken County", "P001001.2000": "142552", "CSA": "999", "P001001": "160099", "POP100": "160099", "SUMLEV": "050", "STATE": "45", "CBSA": "12260", "race": [{"name": "White", "value": 111457}, {"name": "Black", "value": 39354}, {"name": "American Indian or Alaska", "value": 682}, {"name": "Asian", "value": 1329}, {"name": "Native Hawaiian", "value": 61}, {"name": "Other Race", "value": 4126}, {"name": "Two or More Races", "value": 3090}], "HU100.2000": "61987", "POP100.2000": "142552", "sex_by_age": [{"male": 5101.0, "name": "Under 5 years", "female": 4945.0}, {"male": 5172.0, "name": "5 to 9 years", "female": 4886.0}, {"male": 5216.0, "name": "10 to 14 years", "female": 4951.0}, {"male": 3307.0, "name": "15 to 17 years", "female": 3250.0}, {"male": 2219.0, "name": "18 and 19 years", "female": 2217.0}, {"male": 1018.0, "name": "20 years", "female": 1048.0}, {"male": 957.0, "name": "21 years", "female": 1036.0}, {"male": 2971.0, "name": "22 to 24 years", "female": 3050.0}, {"male": 4943.0, "name": "25 to 29 years", "female": 5071.0}, {"male": 4667.0, "name": "30 to 34 years", "female": 4643.0}, {"male": 4520.0, "name": "35 to 39 years", "female": 4847.0}, {"male": 4789.0, "name": "40 to 44 years", "female": 5228.0}, {"male": 5810.0, "name": "45 to 49 years", "female": 6063.0}, {"male": 5892.0, "name": "50 to 54 years", "female": 6255.0}, {"male": 5288.0, "name": "55 to 59 years", "female": 5960.0}, {"male": 2026.0, "name": "60 to 61 years", "female": 2192.0}, {"male": 2803.0, "name": "62 to 64 years", "female": 3139.0}, {"male": 1655.0, "name": "65 and 66 years", "female": 1885.0}, {"male": 2278.0, "name": "67 to 69 years", "female": 2461.0}, {"male": 2715.0, "name": "70 to 74 years", "female": 3106.0}, {"male": 1979.0, "name": "75 to 79 years", "female": 2568.0}, {"male": 1395.0, "name": "80 to 84 years", "female": 1935.0}, {"male": 829.0, "name": "85 years and over", "female": 1813.0}], "age_by_sex": [{"name": "Male", "value": 38.600000000000001}, {"name": "Female", "value": 41.299999999999997}], "GEOID": "45003", "NECTA": ""}, "Barnwell County": {"CNECTA": "", "COUNTY": "011", "HU100": "10484", "NAME": "Barnwell County", "P001001.2000": "23478", "CSA": "999", "P001001": "22621", "POP100": "22621", "SUMLEV": "050", "STATE": "45", "CBSA": "99999", "race": [{"name": "White", "value": 11899}, {"name": "Black", "value": 10015}, {"name": "American Indian or Alaska", "value": 85}, {"name": "Asian", "value": 126}, {"name": "Native Hawaiian", "value": 5}, {"name": "Other Race", "value": 160}, {"name": "Two or More Races", "value": 331}], "HU100.2000": "10191", "POP100.2000": "23478", "sex_by_age": [{"male": 746.0, "name": "Under 5 years", "female": 744.0}, {"male": 820.0, "name": "5 to 9 years", "female": 793.0}, {"male": 860.0, "name": "10 to 14 years", "female": 774.0}, {"male": 564.0, "name": "15 to 17 years", "female": 497.0}, {"male": 333.0, "name": "18 and 19 years", "female": 310.0}, {"male": 148.0, "name": "20 years", "female": 135.0}, {"male": 125.0, "name": "21 years", "female": 138.0}, {"male": 380.0, "name": "22 to 24 years", "female": 399.0}, {"male": 578.0, "name": "25 to 29 years", "female": 642.0}, {"male": 602.0, "name": "30 to 34 years", "female": 715.0}, {"male": 636.0, "name": "35 to 39 years", "female": 696.0}, {"male": 639.0, "name": "40 to 44 years", "female": 744.0}, {"male": 817.0, "name": "45 to 49 years", "female": 894.0}, {"male": 789.0, "name": "50 to 54 years", "female": 913.0}, {"male": 760.0, "name": "55 to 59 years", "female": 833.0}, {"male": 276.0, "name": "60 to 61 years", "female": 290.0}, {"male": 412.0, "name": "62 to 64 years", "female": 446.0}, {"male": 217.0, "name": "65 and 66 years", "female": 256.0}, {"male": 277.0, "name": "67 to 69 years", "female": 325.0}, {"male": 320.0, "name": "70 to 74 years", "female": 378.0}, {"male": 213.0, "name": "75 to 79 years", "female": 377.0}, {"male": 195.0, "name": "80 to 84 years", "female": 253.0}, {"male": 102.0, "name": "85 years and over", "female": 260.0}], "age_by_sex": [{"name": "Male", "value": 37.100000000000001}, {"name": "Female", "value": 40.5}], "GEOID": "45011", "NECTA": ""}, "Oconee County": {"CNECTA": "", "COUNTY": "073", "HU100": "38763", "NAME": "Oconee County", "P001001.2000": "66215", "CSA": "273", "P001001": "74273", "POP100": "74273", "SUMLEV": "050", "STATE": "45", "CBSA": "42860", "race": [{"name": "White", "value": 65177}, {"name": "Black", "value": 5613}, {"name": "American Indian or Alaska", "value": 176}, {"name": "Asian", "value": 436}, {"name": "Native Hawaiian", "value": 10}, {"name": "Other Race", "value": 1686}, {"name": "Two or More Races", "value": 1175}], "HU100.2000": "32383", "POP100.2000": "66215", "sex_by_age": [{"male": 2161.0, "name": "Under 5 years", "female": 2007.0}, {"male": 2142.0, "name": "5 to 9 years", "female": 2098.0}, {"male": 2329.0, "name": "10 to 14 years", "female": 2169.0}, {"male": 1471.0, "name": "15 to 17 years", "female": 1330.0}, {"male": 1102.0, "name": "18 and 19 years", "female": 895.0}, {"male": 496.0, "name": "20 years", "female": 442.0}, {"male": 473.0, "name": "21 years", "female": 455.0}, {"male": 1264.0, "name": "22 to 24 years", "female": 1098.0}, {"male": 1907.0, "name": "25 to 29 years", "female": 1919.0}, {"male": 1964.0, "name": "30 to 34 years", "female": 1939.0}, {"male": 2188.0, "name": "35 to 39 years", "female": 2202.0}, {"male": 2293.0, "name": "40 to 44 years", "female": 2273.0}, {"male": 2478.0, "name": "45 to 49 years", "female": 2601.0}, {"male": 2688.0, "name": "50 to 54 years", "female": 2868.0}, {"male": 2566.0, "name": "55 to 59 years", "female": 2761.0}, {"male": 1076.0, "name": "60 to 61 years", "female": 1164.0}, {"male": 1609.0, "name": "62 to 64 years", "female": 1739.0}, {"male": 1014.0, "name": "65 and 66 years", "female": 1035.0}, {"male": 1372.0, "name": "67 to 69 years", "female": 1407.0}, {"male": 1689.0, "name": "70 to 74 years", "female": 1930.0}, {"male": 1315.0, "name": "75 to 79 years", "female": 1445.0}, {"male": 687.0, "name": "80 to 84 years", "female": 917.0}, {"male": 398.0, "name": "85 years and over", "female": 897.0}], "age_by_sex": [{"name": "Male", "value": 41.799999999999997}, {"name": "Female", "value": 44.899999999999999}], "GEOID": "45073", "NECTA": ""}, "Pickens County": {"CNECTA": "", "COUNTY": "077", "HU100": "51244", "NAME": "Pickens County", "P001001.2000": "110757", "CSA": "273", "P001001": "119224", "POP100": "119224", "SUMLEV": "050", "STATE": "45", "CBSA": "24860", "race": [{"name": "White", "value": 105747}, {"name": "Black", "value": 7854}, {"name": "American Indian or Alaska", "value": 230}, {"name": "Asian", "value": 1913}, {"name": "Native Hawaiian", "value": 14}, {"name": "Other Race", "value": 1690}, {"name": "Two or More Races", "value": 1776}], "HU100.2000": "46000", "POP100.2000": "110757", "sex_by_age": [{"male": 3350.0, "name": "Under 5 years", "female": 3079.0}, {"male": 3374.0, "name": "5 to 9 years", "female": 3284.0}, {"male": 3572.0, "name": "10 to 14 years", "female": 3400.0}, {"male": 2170.0, "name": "15 to 17 years", "female": 2058.0}, {"male": 3762.0, "name": "18 and 19 years", "female": 3476.0}, {"male": 2090.0, "name": "20 years", "female": 2014.0}, {"male": 2033.0, "name": "21 years", "female": 1773.0}, {"male": 3820.0, "name": "22 to 24 years", "female": 3027.0}, {"male": 3776.0, "name": "25 to 29 years", "female": 3280.0}, {"male": 3218.0, "name": "30 to 34 years", "female": 3203.0}, {"male": 3398.0, "name": "35 to 39 years", "female": 3361.0}, {"male": 3512.0, "name": "40 to 44 years", "female": 3660.0}, {"male": 4001.0, "name": "45 to 49 years", "female": 4048.0}, {"male": 3833.0, "name": "50 to 54 years", "female": 3953.0}, {"male": 3423.0, "name": "55 to 59 years", "female": 3704.0}, {"male": 1256.0, "name": "60 to 61 years", "female": 1363.0}, {"male": 1945.0, "name": "62 to 64 years", "female": 2015.0}, {"male": 1137.0, "name": "65 and 66 years", "female": 1152.0}, {"male": 1429.0, "name": "67 to 69 years", "female": 1550.0}, {"male": 1756.0, "name": "70 to 74 years", "female": 2084.0}, {"male": 1276.0, "name": "75 to 79 years", "female": 1598.0}, {"male": 821.0, "name": "80 to 84 years", "female": 1283.0}, {"male": 601.0, "name": "85 years and over", "female": 1306.0}], "age_by_sex": [{"name": "Male", "value": 32.799999999999997}, {"name": "Female", "value": 37.0}], "GEOID": "45077", "NECTA": ""}, "Newberry County": {"CNECTA": "", "COUNTY": "071", "HU100": "17922", "NAME": "Newberry County", "P001001.2000": "36108", "CSA": "192", "P001001": "37508", "POP100": "37508", "SUMLEV": "050", "STATE": "45", "CBSA": "35140", "race": [{"name": "White", "value": 23301}, {"name": "Black", "value": 11626}, {"name": "American Indian or Alaska", "value": 130}, {"name": "Asian", "value": 122}, {"name": "Native Hawaiian", "value": 35}, {"name": "Other Race", "value": 1858}, {"name": "Two or More Races", "value": 436}], "HU100.2000": "16805", "POP100.2000": "36108", "sex_by_age": [{"male": 1202.0, "name": "Under 5 years", "female": 1224.0}, {"male": 1176.0, "name": "5 to 9 years", "female": 1176.0}, {"male": 1216.0, "name": "10 to 14 years", "female": 1148.0}, {"male": 735.0, "name": "15 to 17 years", "female": 667.0}, {"male": 651.0, "name": "18 and 19 years", "female": 590.0}, {"male": 333.0, "name": "20 years", "female": 301.0}, {"male": 304.0, "name": "21 years", "female": 237.0}, {"male": 708.0, "name": "22 to 24 years", "female": 624.0}, {"male": 1061.0, "name": "25 to 29 years", "female": 1077.0}, {"male": 975.0, "name": "30 to 34 years", "female": 1078.0}, {"male": 1168.0, "name": "35 to 39 years", "female": 1146.0}, {"male": 1119.0, "name": "40 to 44 years", "female": 1165.0}, {"male": 1297.0, "name": "45 to 49 years", "female": 1367.0}, {"male": 1314.0, "name": "50 to 54 years", "female": 1390.0}, {"male": 1271.0, "name": "55 to 59 years", "female": 1340.0}, {"male": 480.0, "name": "60 to 61 years", "female": 529.0}, {"male": 720.0, "name": "62 to 64 years", "female": 760.0}, {"male": 405.0, "name": "65 and 66 years", "female": 442.0}, {"male": 543.0, "name": "67 to 69 years", "female": 584.0}, {"male": 644.0, "name": "70 to 74 years", "female": 754.0}, {"male": 426.0, "name": "75 to 79 years", "female": 585.0}, {"male": 288.0, "name": "80 to 84 years", "female": 463.0}, {"male": 219.0, "name": "85 years and over", "female": 606.0}], "age_by_sex": [{"name": "Male", "value": 38.299999999999997}, {"name": "Female", "value": 41.5}], "GEOID": "45071", "NECTA": ""}, "Georgetown County": {"CNECTA": "", "COUNTY": "043", "HU100": "33672", "NAME": "Georgetown County", "P001001.2000": "55797", "CSA": "396", "P001001": "60158", "POP100": "60158", "SUMLEV": "050", "STATE": "45", "CBSA": "23860", "race": [{"name": "White", "value": 38005}, {"name": "Black", "value": 20214}, {"name": "American Indian or Alaska", "value": 136}, {"name": "Asian", "value": 271}, {"name": "Native Hawaiian", "value": 14}, {"name": "Other Race", "value": 969}, {"name": "Two or More Races", "value": 549}], "HU100.2000": "28282", "POP100.2000": "55797", "sex_by_age": [{"male": 1713.0, "name": "Under 5 years", "female": 1638.0}, {"male": 1796.0, "name": "5 to 9 years", "female": 1696.0}, {"male": 1987.0, "name": "10 to 14 years", "female": 1824.0}, {"male": 1246.0, "name": "15 to 17 years", "female": 1120.0}, {"male": 679.0, "name": "18 and 19 years", "female": 660.0}, {"male": 310.0, "name": "20 years", "female": 269.0}, {"male": 291.0, "name": "21 years", "female": 270.0}, {"male": 814.0, "name": "22 to 24 years", "female": 859.0}, {"male": 1246.0, "name": "25 to 29 years", "female": 1422.0}, {"male": 1463.0, "name": "30 to 34 years", "female": 1698.0}, {"male": 1563.0, "name": "35 to 39 years", "female": 1697.0}, {"male": 1649.0, "name": "40 to 44 years", "female": 1862.0}, {"male": 1891.0, "name": "45 to 49 years", "female": 2174.0}, {"male": 2060.0, "name": "50 to 54 years", "female": 2429.0}, {"male": 2165.0, "name": "55 to 59 years", "female": 2647.0}, {"male": 935.0, "name": "60 to 61 years", "female": 1089.0}, {"male": 1420.0, "name": "62 to 64 years", "female": 1656.0}, {"male": 858.0, "name": "65 and 66 years", "female": 905.0}, {"male": 1149.0, "name": "67 to 69 years", "female": 1308.0}, {"male": 1482.0, "name": "70 to 74 years", "female": 1635.0}, {"male": 991.0, "name": "75 to 79 years", "female": 1070.0}, {"male": 575.0, "name": "80 to 84 years", "female": 822.0}, {"male": 365.0, "name": "85 years and over", "female": 760.0}], "age_by_sex": [{"name": "Male", "value": 43.600000000000001}, {"name": "Female", "value": 46.700000000000003}], "GEOID": "45043", "NECTA": ""}, "Greenwood County": {"CNECTA": "", "COUNTY": "047", "HU100": "31054", "NAME": "Greenwood County", "P001001.2000": "66271", "CSA": "999", "P001001": "69661", "POP100": "69661", "SUMLEV": "050", "STATE": "45", "CBSA": "24940", "race": [{"name": "White", "value": 43783}, {"name": "Black", "value": 21846}, {"name": "American Indian or Alaska", "value": 196}, {"name": "Asian", "value": 572}, {"name": "Native Hawaiian", "value": 25}, {"name": "Other Race", "value": 2420}, {"name": "Two or More Races", "value": 819}], "HU100.2000": "28243", "POP100.2000": "66271", "sex_by_age": [{"male": 2398.0, "name": "Under 5 years", "female": 2337.0}, {"male": 2256.0, "name": "5 to 9 years", "female": 2073.0}, {"male": 2371.0, "name": "10 to 14 years", "female": 2223.0}, {"male": 1413.0, "name": "15 to 17 years", "female": 1436.0}, {"male": 991.0, "name": "18 and 19 years", "female": 1419.0}, {"male": 525.0, "name": "20 years", "female": 627.0}, {"male": 525.0, "name": "21 years", "female": 613.0}, {"male": 1313.0, "name": "22 to 24 years", "female": 1474.0}, {"male": 2065.0, "name": "25 to 29 years", "female": 2337.0}, {"male": 1912.0, "name": "30 to 34 years", "female": 2156.0}, {"male": 1951.0, "name": "35 to 39 years", "female": 2293.0}, {"male": 2168.0, "name": "40 to 44 years", "female": 2395.0}, {"male": 2279.0, "name": "45 to 49 years", "female": 2498.0}, {"male": 2194.0, "name": "50 to 54 years", "female": 2436.0}, {"male": 2031.0, "name": "55 to 59 years", "female": 2294.0}, {"male": 800.0, "name": "60 to 61 years", "female": 878.0}, {"male": 1116.0, "name": "62 to 64 years", "female": 1320.0}, {"male": 605.0, "name": "65 and 66 years", "female": 715.0}, {"male": 841.0, "name": "67 to 69 years", "female": 986.0}, {"male": 1110.0, "name": "70 to 74 years", "female": 1289.0}, {"male": 797.0, "name": "75 to 79 years", "female": 1219.0}, {"male": 587.0, "name": "80 to 84 years", "female": 935.0}, {"male": 406.0, "name": "85 years and over", "female": 1054.0}], "age_by_sex": [{"name": "Male", "value": 36.5}, {"name": "Female", "value": 39.0}], "GEOID": "45047", "NECTA": ""}, "Laurens County": {"CNECTA": "", "COUNTY": "059", "HU100": "30709", "NAME": "Laurens County", "P001001.2000": "69567", "CSA": "273", "P001001": "66537", "POP100": "66537", "SUMLEV": "050", "STATE": "45", "CBSA": "24860", "race": [{"name": "White", "value": 46848}, {"name": "Black", "value": 16933}, {"name": "American Indian or Alaska", "value": 153}, {"name": "Asian", "value": 183}, {"name": "Native Hawaiian", "value": 34}, {"name": "Other Race", "value": 1532}, {"name": "Two or More Races", "value": 854}], "HU100.2000": "30239", "POP100.2000": "69567", "sex_by_age": [{"male": 2242.0, "name": "Under 5 years", "female": 2065.0}, {"male": 2072.0, "name": "5 to 9 years", "female": 2017.0}, {"male": 2227.0, "name": "10 to 14 years", "female": 2073.0}, {"male": 1418.0, "name": "15 to 17 years", "female": 1313.0}, {"male": 1081.0, "name": "18 and 19 years", "female": 1089.0}, {"male": 542.0, "name": "20 years", "female": 485.0}, {"male": 501.0, "name": "21 years", "female": 534.0}, {"male": 1183.0, "name": "22 to 24 years", "female": 1210.0}, {"male": 1793.0, "name": "25 to 29 years", "female": 1868.0}, {"male": 1714.0, "name": "30 to 34 years", "female": 1790.0}, {"male": 2084.0, "name": "35 to 39 years", "female": 2087.0}, {"male": 2151.0, "name": "40 to 44 years", "female": 2294.0}, {"male": 2376.0, "name": "45 to 49 years", "female": 2542.0}, {"male": 2347.0, "name": "50 to 54 years", "female": 2538.0}, {"male": 2286.0, "name": "55 to 59 years", "female": 2405.0}, {"male": 826.0, "name": "60 to 61 years", "female": 881.0}, {"male": 1203.0, "name": "62 to 64 years", "female": 1312.0}, {"male": 661.0, "name": "65 and 66 years", "female": 743.0}, {"male": 911.0, "name": "67 to 69 years", "female": 979.0}, {"male": 1084.0, "name": "70 to 74 years", "female": 1208.0}, {"male": 770.0, "name": "75 to 79 years", "female": 1015.0}, {"male": 461.0, "name": "80 to 84 years", "female": 863.0}, {"male": 365.0, "name": "85 years and over", "female": 928.0}], "age_by_sex": [{"name": "Male", "value": 38.399999999999999}, {"name": "Female", "value": 41.200000000000003}], "GEOID": "45059", "NECTA": ""}}