{"Hudson County": {"CNECTA": "", "COUNTY": "017", "HU100": "270335", "NAME": "Hudson County", "P001001.2000": "608975", "CSA": "408", "P001001": "634266", "POP100": "634266", "SUMLEV": "050", "STATE": "34", "CBSA": "35620", "race": [{"name": "White", "value": 342792}, {"name": "Black", "value": 83925}, {"name": "American Indian or Alaska", "value": 4081}, {"name": "Asian", "value": 84924}, {"name": "Native Hawaiian", "value": 344}, {"name": "Other Race", "value": 90373}, {"name": "Two or More Races", "value": 27827}], "HU100.2000": "240618", "POP100.2000": "608975", "sex_by_age": [{"male": 21849.0, "name": "Under 5 years", "female": 20737.0}, {"male": 17161.0, "name": "5 to 9 years", "female": 16445.0}, {"male": 16916.0, "name": "10 to 14 years", "female": 16062.0}, {"male": 11523.0, "name": "15 to 17 years", "female": 10469.0}, {"male": 8224.0, "name": "18 and 19 years", "female": 7310.0}, {"male": 4315.0, "name": "20 years", "female": 3948.0}, {"male": 4452.0, "name": "21 years", "female": 3962.0}, {"male": 16132.0, "name": "22 to 24 years", "female": 15306.0}, {"male": 34536.0, "name": "25 to 29 years", "female": 33266.0}, {"male": 32635.0, "name": "30 to 34 years", "female": 31071.0}, {"male": 26803.0, "name": "35 to 39 years", "female": 24878.0}, {"male": 22797.0, "name": "40 to 44 years", "female": 22238.0}, {"male": 21461.0, "name": "45 to 49 years", "female": 21623.0}, {"male": 19373.0, "name": "50 to 54 years", "female": 20528.0}, {"male": 16121.0, "name": "55 to 59 years", "female": 17959.0}, {"male": 5610.0, "name": "60 to 61 years", "female": 6386.0}, {"male": 7224.0, "name": "62 to 64 years", "female": 8880.0}, {"male": 3904.0, "name": "65 and 66 years", "female": 4763.0}, {"male": 5075.0, "name": "67 to 69 years", "female": 6561.0}, {"male": 6695.0, "name": "70 to 74 years", "female": 9096.0}, {"male": 5000.0, "name": "75 to 79 years", "female": 7138.0}, {"male": 3496.0, "name": "80 to 84 years", "female": 5853.0}, {"male": 2485.0, "name": "85 years and over", "female": 6000.0}], "age_by_sex": [{"name": "Male", "value": 33.200000000000003}, {"name": "Female", "value": 35.299999999999997}], "GEOID": "34017", "NECTA": ""}, "Salem County": {"CNECTA": "", "COUNTY": "033", "HU100": "27417", "NAME": "Salem County", "P001001.2000": "64285", "CSA": "428", "P001001": "66083", "POP100": "66083", "SUMLEV": "050", "STATE": "34", "CBSA": "37980", "race": [{"name": "White", "value": 52757}, {"name": "Black", "value": 9309}, {"name": "American Indian or Alaska", "value": 240}, {"name": "Asian", "value": 557}, {"name": "Native Hawaiian", "value": 10}, {"name": "Other Race", "value": 1745}, {"name": "Two or More Races", "value": 1465}], "HU100.2000": "26158", "POP100.2000": "64285", "sex_by_age": [{"male": 2006.0, "name": "Under 5 years", "female": 1841.0}, {"male": 2120.0, "name": "5 to 9 years", "female": 1998.0}, {"male": 2357.0, "name": "10 to 14 years", "female": 2209.0}, {"male": 1520.0, "name": "15 to 17 years", "female": 1459.0}, {"male": 903.0, "name": "18 and 19 years", "female": 837.0}, {"male": 354.0, "name": "20 years", "female": 339.0}, {"male": 376.0, "name": "21 years", "female": 391.0}, {"male": 1165.0, "name": "22 to 24 years", "female": 1065.0}, {"male": 1854.0, "name": "25 to 29 years", "female": 1898.0}, {"male": 1786.0, "name": "30 to 34 years", "female": 1820.0}, {"male": 1927.0, "name": "35 to 39 years", "female": 2089.0}, {"male": 2145.0, "name": "40 to 44 years", "female": 2260.0}, {"male": 2462.0, "name": "45 to 49 years", "female": 2767.0}, {"male": 2594.0, "name": "50 to 54 years", "female": 2722.0}, {"male": 2286.0, "name": "55 to 59 years", "female": 2386.0}, {"male": 924.0, "name": "60 to 61 years", "female": 913.0}, {"male": 1177.0, "name": "62 to 64 years", "female": 1216.0}, {"male": 602.0, "name": "65 and 66 years", "female": 669.0}, {"male": 819.0, "name": "67 to 69 years", "female": 819.0}, {"male": 1021.0, "name": "70 to 74 years", "female": 1145.0}, {"male": 757.0, "name": "75 to 79 years", "female": 1041.0}, {"male": 525.0, "name": "80 to 84 years", "female": 893.0}, {"male": 498.0, "name": "85 years and over", "female": 1128.0}], "age_by_sex": [{"name": "Male", "value": 39.399999999999999}, {"name": "Female", "value": 42.299999999999997}], "GEOID": "34033", "NECTA": ""}, "Gloucester County": {"CNECTA": "", "COUNTY": "015", "HU100": "109796", "NAME": "Gloucester County", "P001001.2000": "254673", "CSA": "428", "P001001": "288288", "POP100": "288288", "SUMLEV": "050", "STATE": "34", "CBSA": "37980", "race": [{"name": "White", "value": 240890}, {"name": "Black", "value": 29006}, {"name": "American Indian or Alaska", "value": 501}, {"name": "Asian", "value": 7609}, {"name": "Native Hawaiian", "value": 95}, {"name": "Other Race", "value": 4055}, {"name": "Two or More Races", "value": 6132}], "HU100.2000": "95054", "POP100.2000": "254673", "sex_by_age": [{"male": 8830.0, "name": "Under 5 years", "female": 8562.0}, {"male": 9960.0, "name": "5 to 9 years", "female": 9349.0}, {"male": 10588.0, "name": "10 to 14 years", "female": 10015.0}, {"male": 6658.0, "name": "15 to 17 years", "female": 6299.0}, {"male": 4153.0, "name": "18 and 19 years", "female": 3871.0}, {"male": 2105.0, "name": "20 years", "female": 2034.0}, {"male": 2225.0, "name": "21 years", "female": 1931.0}, {"male": 5496.0, "name": "22 to 24 years", "female": 5170.0}, {"male": 7982.0, "name": "25 to 29 years", "female": 8255.0}, {"male": 7989.0, "name": "30 to 34 years", "female": 8875.0}, {"male": 9125.0, "name": "35 to 39 years", "female": 10042.0}, {"male": 10337.0, "name": "40 to 44 years", "female": 11231.0}, {"male": 11770.0, "name": "45 to 49 years", "female": 12245.0}, {"male": 11142.0, "name": "50 to 54 years", "female": 11752.0}, {"male": 9020.0, "name": "55 to 59 years", "female": 9807.0}, {"male": 3268.0, "name": "60 to 61 years", "female": 3494.0}, {"male": 4303.0, "name": "62 to 64 years", "female": 4706.0}, {"male": 2271.0, "name": "65 and 66 years", "female": 2480.0}, {"male": 3069.0, "name": "67 to 69 years", "female": 3486.0}, {"male": 3526.0, "name": "70 to 74 years", "female": 4397.0}, {"male": 2696.0, "name": "75 to 79 years", "female": 3756.0}, {"male": 1967.0, "name": "80 to 84 years", "female": 3256.0}, {"male": 1489.0, "name": "85 years and over", "female": 3306.0}], "age_by_sex": [{"name": "Male", "value": 37.399999999999999}, {"name": "Female", "value": 39.899999999999999}], "GEOID": "34015", "NECTA": ""}, "Burlington County": {"CNECTA": "", "COUNTY": "005", "HU100": "175615", "NAME": "Burlington County", "P001001.2000": "423394", "CSA": "428", "P001001": "448734", "POP100": "448734", "SUMLEV": "050", "STATE": "34", "CBSA": "37980", "race": [{"name": "White", "value": 331342}, {"name": "Black", "value": 74505}, {"name": "American Indian or Alaska", "value": 985}, {"name": "Asian", "value": 19395}, {"name": "Native Hawaiian", "value": 219}, {"name": "Other Race", "value": 9193}, {"name": "Two or More Races", "value": 13095}], "HU100.2000": "161311", "POP100.2000": "423394", "sex_by_age": [{"male": 13206.0, "name": "Under 5 years", "female": 12758.0}, {"male": 14434.0, "name": "5 to 9 years", "female": 14000.0}, {"male": 15476.0, "name": "10 to 14 years", "female": 14842.0}, {"male": 9952.0, "name": "15 to 17 years", "female": 9575.0}, {"male": 5819.0, "name": "18 and 19 years", "female": 4984.0}, {"male": 2751.0, "name": "20 years", "female": 2115.0}, {"male": 2932.0, "name": "21 years", "female": 2159.0}, {"male": 9027.0, "name": "22 to 24 years", "female": 7350.0}, {"male": 13635.0, "name": "25 to 29 years", "female": 12540.0}, {"male": 12487.0, "name": "30 to 34 years", "female": 12946.0}, {"male": 13970.0, "name": "35 to 39 years", "female": 14639.0}, {"male": 16595.0, "name": "40 to 44 years", "female": 17207.0}, {"male": 19026.0, "name": "45 to 49 years", "female": 19727.0}, {"male": 18157.0, "name": "50 to 54 years", "female": 18596.0}, {"male": 14390.0, "name": "55 to 59 years", "female": 15329.0}, {"male": 5192.0, "name": "60 to 61 years", "female": 5629.0}, {"male": 7254.0, "name": "62 to 64 years", "female": 7845.0}, {"male": 3667.0, "name": "65 and 66 years", "female": 4157.0}, {"male": 4976.0, "name": "67 to 69 years", "female": 5762.0}, {"male": 6134.0, "name": "70 to 74 years", "female": 7750.0}, {"male": 4951.0, "name": "75 to 79 years", "female": 6661.0}, {"male": 3617.0, "name": "80 to 84 years", "female": 5800.0}, {"male": 2886.0, "name": "85 years and over", "female": 5829.0}], "age_by_sex": [{"name": "Male", "value": 38.899999999999999}, {"name": "Female", "value": 41.899999999999999}], "GEOID": "34005", "NECTA": ""}, "Cumberland County": {"CNECTA": "", "COUNTY": "011", "HU100": "55834", "NAME": "Cumberland County", "P001001.2000": "146438", "CSA": "428", "P001001": "156898", "POP100": "156898", "SUMLEV": "050", "STATE": "34", "CBSA": "47220", "race": [{"name": "White", "value": 98430}, {"name": "Black", "value": 31741}, {"name": "American Indian or Alaska", "value": 1746}, {"name": "Asian", "value": 1907}, {"name": "Native Hawaiian", "value": 59}, {"name": "Other Race", "value": 17492}, {"name": "Two or More Races", "value": 5523}], "HU100.2000": "52863", "POP100.2000": "146438", "sex_by_age": [{"male": 5520.0, "name": "Under 5 years", "female": 5312.0}, {"male": 5255.0, "name": "5 to 9 years", "female": 5108.0}, {"male": 5018.0, "name": "10 to 14 years", "female": 4914.0}, {"male": 3443.0, "name": "15 to 17 years", "female": 3135.0}, {"male": 2217.0, "name": "18 and 19 years", "female": 2050.0}, {"male": 1137.0, "name": "20 years", "female": 991.0}, {"male": 1088.0, "name": "21 years", "female": 980.0}, {"male": 3490.0, "name": "22 to 24 years", "female": 3015.0}, {"male": 6336.0, "name": "25 to 29 years", "female": 4947.0}, {"male": 6620.0, "name": "30 to 34 years", "female": 4615.0}, {"male": 6279.0, "name": "35 to 39 years", "female": 4831.0}, {"male": 6015.0, "name": "40 to 44 years", "female": 5030.0}, {"male": 6206.0, "name": "45 to 49 years", "female": 5351.0}, {"male": 5430.0, "name": "50 to 54 years", "female": 5340.0}, {"male": 4500.0, "name": "55 to 59 years", "female": 4745.0}, {"male": 1638.0, "name": "60 to 61 years", "female": 1712.0}, {"male": 2316.0, "name": "62 to 64 years", "female": 2519.0}, {"male": 1228.0, "name": "65 and 66 years", "female": 1365.0}, {"male": 1587.0, "name": "67 to 69 years", "female": 1898.0}, {"male": 1990.0, "name": "70 to 74 years", "female": 2487.0}, {"male": 1490.0, "name": "75 to 79 years", "female": 2023.0}, {"male": 1089.0, "name": "80 to 84 years", "female": 1748.0}, {"male": 916.0, "name": "85 years and over", "female": 1974.0}], "age_by_sex": [{"name": "Male", "value": 35.200000000000003}, {"name": "Female", "value": 38.200000000000003}], "GEOID": "34011", "NECTA": ""}, "Union County": {"CNECTA": "", "COUNTY": "039", "HU100": "199489", "NAME": "Union County", "P001001.2000": "522541", "CSA": "408", "P001001": "536499", "POP100": "536499", "SUMLEV": "050", "STATE": "34", "CBSA": "35620", "race": [{"name": "White", "value": 329052}, {"name": "Black", "value": 118313}, {"name": "American Indian or Alaska", "value": 2080}, {"name": "Asian", "value": 24839}, {"name": "Native Hawaiian", "value": 163}, {"name": "Other Race", "value": 45496}, {"name": "Two or More Races", "value": 16556}], "HU100.2000": "192945", "POP100.2000": "522541", "sex_by_age": [{"male": 18319.0, "name": "Under 5 years", "female": 17464.0}, {"male": 18472.0, "name": "5 to 9 years", "female": 17585.0}, {"male": 18628.0, "name": "10 to 14 years", "female": 17904.0}, {"male": 11824.0, "name": "15 to 17 years", "female": 11062.0}, {"male": 6965.0, "name": "18 and 19 years", "female": 6393.0}, {"male": 3292.0, "name": "20 years", "female": 3077.0}, {"male": 3110.0, "name": "21 years", "female": 3103.0}, {"male": 10231.0, "name": "22 to 24 years", "female": 9708.0}, {"male": 16875.0, "name": "25 to 29 years", "female": 17018.0}, {"male": 17179.0, "name": "30 to 34 years", "female": 18207.0}, {"male": 18522.0, "name": "35 to 39 years", "female": 19027.0}, {"male": 19837.0, "name": "40 to 44 years", "female": 21032.0}, {"male": 20904.0, "name": "45 to 49 years", "female": 21934.0}, {"male": 19799.0, "name": "50 to 54 years", "female": 20772.0}, {"male": 15829.0, "name": "55 to 59 years", "female": 17320.0}, {"male": 5413.0, "name": "60 to 61 years", "female": 6244.0}, {"male": 7295.0, "name": "62 to 64 years", "female": 8394.0}, {"male": 3882.0, "name": "65 and 66 years", "female": 4355.0}, {"male": 4951.0, "name": "67 to 69 years", "female": 6127.0}, {"male": 6315.0, "name": "70 to 74 years", "female": 8215.0}, {"male": 4926.0, "name": "75 to 79 years", "female": 7198.0}, {"male": 3878.0, "name": "80 to 84 years", "female": 6663.0}, {"male": 3486.0, "name": "85 years and over", "female": 7765.0}], "age_by_sex": [{"name": "Male", "value": 36.399999999999999}, {"name": "Female", "value": 39.399999999999999}], "GEOID": "34039", "NECTA": ""}, "Hunterdon County": {"CNECTA": "", "COUNTY": "019", "HU100": "49487", "NAME": "Hunterdon County", "P001001.2000": "121989", "CSA": "408", "P001001": "128349", "POP100": "128349", "SUMLEV": "050", "STATE": "34", "CBSA": "35620", "race": [{"name": "White", "value": 117264}, {"name": "Black", "value": 3451}, {"name": "American Indian or Alaska", "value": 167}, {"name": "Asian", "value": 4181}, {"name": "Native Hawaiian", "value": 37}, {"name": "Other Race", "value": 1570}, {"name": "Two or More Races", "value": 1679}], "HU100.2000": "45032", "POP100.2000": "121989", "sex_by_age": [{"male": 3142.0, "name": "Under 5 years", "female": 2881.0}, {"male": 4198.0, "name": "5 to 9 years", "female": 4141.0}, {"male": 4947.0, "name": "10 to 14 years", "female": 4798.0}, {"male": 3223.0, "name": "15 to 17 years", "female": 2887.0}, {"male": 1596.0, "name": "18 and 19 years", "female": 1085.0}, {"male": 714.0, "name": "20 years", "female": 450.0}, {"male": 753.0, "name": "21 years", "female": 461.0}, {"male": 2301.0, "name": "22 to 24 years", "female": 1552.0}, {"male": 2756.0, "name": "25 to 29 years", "female": 2483.0}, {"male": 2610.0, "name": "30 to 34 years", "female": 2739.0}, {"male": 3443.0, "name": "35 to 39 years", "female": 3865.0}, {"male": 4974.0, "name": "40 to 44 years", "female": 5656.0}, {"male": 6331.0, "name": "45 to 49 years", "female": 6711.0}, {"male": 6373.0, "name": "50 to 54 years", "female": 6447.0}, {"male": 5208.0, "name": "55 to 59 years", "female": 5131.0}, {"male": 1778.0, "name": "60 to 61 years", "female": 1672.0}, {"male": 2309.0, "name": "62 to 64 years", "female": 2390.0}, {"male": 1209.0, "name": "65 and 66 years", "female": 1257.0}, {"male": 1662.0, "name": "67 to 69 years", "female": 1687.0}, {"male": 1756.0, "name": "70 to 74 years", "female": 1812.0}, {"male": 1247.0, "name": "75 to 79 years", "female": 1490.0}, {"male": 917.0, "name": "80 to 84 years", "female": 1268.0}, {"male": 656.0, "name": "85 years and over", "female": 1383.0}], "age_by_sex": [{"name": "Male", "value": 42.5}, {"name": "Female", "value": 44.299999999999997}], "GEOID": "34019", "NECTA": ""}, "Sussex County": {"CNECTA": "", "COUNTY": "037", "HU100": "62057", "NAME": "Sussex County", "P001001.2000": "144166", "CSA": "408", "P001001": "149265", "POP100": "149265", "SUMLEV": "050", "STATE": "34", "CBSA": "35620", "race": [{"name": "White", "value": 139504}, {"name": "Black", "value": 2677}, {"name": "American Indian or Alaska", "value": 234}, {"name": "Asian", "value": 2642}, {"name": "Native Hawaiian", "value": 36}, {"name": "Other Race", "value": 1783}, {"name": "Two or More Races", "value": 2389}], "HU100.2000": "56528", "POP100.2000": "144166", "sex_by_age": [{"male": 4020.0, "name": "Under 5 years", "female": 3943.0}, {"male": 4878.0, "name": "5 to 9 years", "female": 4709.0}, {"male": 5589.0, "name": "10 to 14 years", "female": 5395.0}, {"male": 3719.0, "name": "15 to 17 years", "female": 3520.0}, {"male": 2072.0, "name": "18 and 19 years", "female": 1724.0}, {"male": 856.0, "name": "20 years", "female": 723.0}, {"male": 775.0, "name": "21 years", "female": 638.0}, {"male": 2369.0, "name": "22 to 24 years", "female": 2132.0}, {"male": 3404.0, "name": "25 to 29 years", "female": 3285.0}, {"male": 3682.0, "name": "30 to 34 years", "female": 3807.0}, {"male": 4475.0, "name": "35 to 39 years", "female": 4789.0}, {"male": 5901.0, "name": "40 to 44 years", "female": 6315.0}, {"male": 7008.0, "name": "45 to 49 years", "female": 7155.0}, {"male": 6734.0, "name": "50 to 54 years", "female": 6948.0}, {"male": 5888.0, "name": "55 to 59 years", "female": 5746.0}, {"male": 1894.0, "name": "60 to 61 years", "female": 1953.0}, {"male": 2683.0, "name": "62 to 64 years", "female": 2686.0}, {"male": 1438.0, "name": "65 and 66 years", "female": 1423.0}, {"male": 1779.0, "name": "67 to 69 years", "female": 1829.0}, {"male": 1999.0, "name": "70 to 74 years", "female": 2082.0}, {"male": 1237.0, "name": "75 to 79 years", "female": 1519.0}, {"male": 972.0, "name": "80 to 84 years", "female": 1336.0}, {"male": 698.0, "name": "85 years and over", "female": 1538.0}], "age_by_sex": [{"name": "Male", "value": 41.0}, {"name": "Female", "value": 42.399999999999999}], "GEOID": "34037", "NECTA": ""}, "Passaic County": {"CNECTA": "", "COUNTY": "031", "HU100": "175966", "NAME": "Passaic County", "P001001.2000": "489049", "CSA": "408", "P001001": "501226", "POP100": "501226", "SUMLEV": "050", "STATE": "34", "CBSA": "35620", "race": [{"name": "White", "value": 314001}, {"name": "Black", "value": 64295}, {"name": "American Indian or Alaska", "value": 3348}, {"name": "Asian", "value": 25092}, {"name": "Native Hawaiian", "value": 156}, {"name": "Other Race", "value": 75735}, {"name": "Two or More Races", "value": 18599}], "HU100.2000": "170048", "POP100.2000": "489049", "sex_by_age": [{"male": 17578.0, "name": "Under 5 years", "female": 16669.0}, {"male": 17304.0, "name": "5 to 9 years", "female": 16704.0}, {"male": 17684.0, "name": "10 to 14 years", "female": 16852.0}, {"male": 11031.0, "name": "15 to 17 years", "female": 10791.0}, {"male": 8018.0, "name": "18 and 19 years", "female": 7764.0}, {"male": 3933.0, "name": "20 years", "female": 4080.0}, {"male": 3730.0, "name": "21 years", "female": 3668.0}, {"male": 10490.0, "name": "22 to 24 years", "female": 10124.0}, {"male": 16611.0, "name": "25 to 29 years", "female": 16890.0}, {"male": 16254.0, "name": "30 to 34 years", "female": 16919.0}, {"male": 16298.0, "name": "35 to 39 years", "female": 17201.0}, {"male": 17473.0, "name": "40 to 44 years", "female": 18142.0}, {"male": 18297.0, "name": "45 to 49 years", "female": 19114.0}, {"male": 17164.0, "name": "50 to 54 years", "female": 18540.0}, {"male": 14536.0, "name": "55 to 59 years", "female": 15646.0}, {"male": 5051.0, "name": "60 to 61 years", "female": 5668.0}, {"male": 6819.0, "name": "62 to 64 years", "female": 7859.0}, {"male": 3645.0, "name": "65 and 66 years", "female": 4155.0}, {"male": 4655.0, "name": "67 to 69 years", "female": 5771.0}, {"male": 6055.0, "name": "70 to 74 years", "female": 7569.0}, {"male": 4340.0, "name": "75 to 79 years", "female": 6339.0}, {"male": 3399.0, "name": "80 to 84 years", "female": 5385.0}, {"male": 2759.0, "name": "85 years and over", "female": 6252.0}], "age_by_sex": [{"name": "Male", "value": 34.700000000000003}, {"name": "Female", "value": 37.600000000000001}], "GEOID": "34031", "NECTA": ""}, "Essex County": {"CNECTA": "", "COUNTY": "013", "HU100": "312954", "NAME": "Essex County", "P001001.2000": "793633", "CSA": "408", "P001001": "783969", "POP100": "783969", "SUMLEV": "050", "STATE": "34", "CBSA": "35620", "race": [{"name": "White", "value": 333868}, {"name": "Black", "value": 320479}, {"name": "American Indian or Alaska", "value": 3056}, {"name": "Asian", "value": 35789}, {"name": "Native Hawaiian", "value": 286}, {"name": "Other Race", "value": 65687}, {"name": "Two or More Races", "value": 24804}], "HU100.2000": "301011", "POP100.2000": "793633", "sex_by_age": [{"male": 27539.0, "name": "Under 5 years", "female": 26280.0}, {"male": 27337.0, "name": "5 to 9 years", "female": 26419.0}, {"male": 27226.0, "name": "10 to 14 years", "female": 26555.0}, {"male": 17082.0, "name": "15 to 17 years", "female": 16480.0}, {"male": 11050.0, "name": "18 and 19 years", "female": 10291.0}, {"male": 5295.0, "name": "20 years", "female": 5252.0}, {"male": 5290.0, "name": "21 years", "female": 5134.0}, {"male": 15849.0, "name": "22 to 24 years", "female": 15965.0}, {"male": 25955.0, "name": "25 to 29 years", "female": 27171.0}, {"male": 26297.0, "name": "30 to 34 years", "female": 28232.0}, {"male": 27740.0, "name": "35 to 39 years", "female": 29163.0}, {"male": 28745.0, "name": "40 to 44 years", "female": 30573.0}, {"male": 28774.0, "name": "45 to 49 years", "female": 30744.0}, {"male": 26400.0, "name": "50 to 54 years", "female": 29306.0}, {"male": 21526.0, "name": "55 to 59 years", "female": 25027.0}, {"male": 7676.0, "name": "60 to 61 years", "female": 9100.0}, {"male": 10181.0, "name": "62 to 64 years", "female": 12028.0}, {"male": 5325.0, "name": "65 and 66 years", "female": 6439.0}, {"male": 6874.0, "name": "67 to 69 years", "female": 8770.0}, {"male": 8660.0, "name": "70 to 74 years", "female": 11498.0}, {"male": 6345.0, "name": "75 to 79 years", "female": 9772.0}, {"male": 4801.0, "name": "80 to 84 years", "female": 8176.0}, {"male": 3997.0, "name": "85 years and over", "female": 9630.0}], "age_by_sex": [{"name": "Male", "value": 34.799999999999997}, {"name": "Female", "value": 37.899999999999999}], "GEOID": "34013", "NECTA": ""}, "Middlesex County": {"CNECTA": "", "COUNTY": "023", "HU100": "294800", "NAME": "Middlesex County", "P001001.2000": "750162", "CSA": "408", "P001001": "809858", "POP100": "809858", "SUMLEV": "050", "STATE": "34", "CBSA": "35620", "race": [{"name": "White", "value": 474589}, {"name": "Black", "value": 78462}, {"name": "American Indian or Alaska", "value": 2777}, {"name": "Asian", "value": 173293}, {"name": "Native Hawaiian", "value": 251}, {"name": "Other Race", "value": 56569}, {"name": "Two or More Races", "value": 23917}], "HU100.2000": "273637", "POP100.2000": "750162", "sex_by_age": [{"male": 25182.0, "name": "Under 5 years", "female": 24824.0}, {"male": 26183.0, "name": "5 to 9 years", "female": 24869.0}, {"male": 26713.0, "name": "10 to 14 years", "female": 24829.0}, {"male": 16870.0, "name": "15 to 17 years", "female": 15987.0}, {"male": 13030.0, "name": "18 and 19 years", "female": 11739.0}, {"male": 6618.0, "name": "20 years", "female": 6128.0}, {"male": 6445.0, "name": "21 years", "female": 5957.0}, {"male": 16964.0, "name": "22 to 24 years", "female": 16005.0}, {"male": 26516.0, "name": "25 to 29 years", "female": 27787.0}, {"male": 28382.0, "name": "30 to 34 years", "female": 28892.0}, {"male": 29350.0, "name": "35 to 39 years", "female": 28956.0}, {"male": 29649.0, "name": "40 to 44 years", "female": 29560.0}, {"male": 30648.0, "name": "45 to 49 years", "female": 31454.0}, {"male": 29373.0, "name": "50 to 54 years", "female": 30449.0}, {"male": 24566.0, "name": "55 to 59 years", "female": 25731.0}, {"male": 8246.0, "name": "60 to 61 years", "female": 9021.0}, {"male": 11112.0, "name": "62 to 64 years", "female": 12361.0}, {"male": 5940.0, "name": "65 and 66 years", "female": 6518.0}, {"male": 7571.0, "name": "67 to 69 years", "female": 9058.0}, {"male": 9653.0, "name": "70 to 74 years", "female": 11992.0}, {"male": 7488.0, "name": "75 to 79 years", "female": 10903.0}, {"male": 5998.0, "name": "80 to 84 years", "female": 9468.0}, {"male": 4988.0, "name": "85 years and over", "female": 9885.0}], "age_by_sex": [{"name": "Male", "value": 36.0}, {"name": "Female", "value": 38.399999999999999}], "GEOID": "34023", "NECTA": ""}, "Atlantic County": {"CNECTA": "", "COUNTY": "001", "HU100": "126647", "NAME": "Atlantic County", "P001001.2000": "252552", "CSA": "999", "P001001": "274549", "POP100": "274549", "SUMLEV": "050", "STATE": "34", "CBSA": "12100", "race": [{"name": "White", "value": 179566}, {"name": "Black", "value": 44138}, {"name": "American Indian or Alaska", "value": 1050}, {"name": "Asian", "value": 20595}, {"name": "Native Hawaiian", "value": 92}, {"name": "Other Race", "value": 20218}, {"name": "Two or More Races", "value": 8890}], "HU100.2000": "114090", "POP100.2000": "252552", "sex_by_age": [{"male": 8403.0, "name": "Under 5 years", "female": 8081.0}, {"male": 8846.0, "name": "5 to 9 years", "female": 8228.0}, {"male": 9375.0, "name": "10 to 14 years", "female": 8939.0}, {"male": 6161.0, "name": "15 to 17 years", "female": 5855.0}, {"male": 3978.0, "name": "18 and 19 years", "female": 3860.0}, {"male": 1873.0, "name": "20 years", "female": 1853.0}, {"male": 1843.0, "name": "21 years", "female": 1853.0}, {"male": 5122.0, "name": "22 to 24 years", "female": 5107.0}, {"male": 7895.0, "name": "25 to 29 years", "female": 7998.0}, {"male": 7432.0, "name": "30 to 34 years", "female": 7918.0}, {"male": 8164.0, "name": "35 to 39 years", "female": 8941.0}, {"male": 9297.0, "name": "40 to 44 years", "female": 9904.0}, {"male": 10907.0, "name": "45 to 49 years", "female": 11323.0}, {"male": 10817.0, "name": "50 to 54 years", "female": 11573.0}, {"male": 8884.0, "name": "55 to 59 years", "female": 9388.0}, {"male": 3122.0, "name": "60 to 61 years", "female": 3453.0}, {"male": 4511.0, "name": "62 to 64 years", "female": 4743.0}, {"male": 2409.0, "name": "65 and 66 years", "female": 2717.0}, {"male": 3139.0, "name": "67 to 69 years", "female": 3769.0}, {"male": 4085.0, "name": "70 to 74 years", "female": 4969.0}, {"male": 3060.0, "name": "75 to 79 years", "female": 3975.0}, {"male": 2221.0, "name": "80 to 84 years", "female": 3346.0}, {"male": 1631.0, "name": "85 years and over", "female": 3581.0}], "age_by_sex": [{"name": "Male", "value": 38.600000000000001}, {"name": "Female", "value": 41.0}], "GEOID": "34001", "NECTA": ""}, "Bergen County": {"CNECTA": "", "COUNTY": "003", "HU100": "352388", "NAME": "Bergen County", "P001001.2000": "884118", "CSA": "408", "P001001": "905116", "POP100": "905116", "SUMLEV": "050", "STATE": "34", "CBSA": "35620", "race": [{"name": "White", "value": 650703}, {"name": "Black", "value": 52473}, {"name": "American Indian or Alaska", "value": 2061}, {"name": "Asian", "value": 131329}, {"name": "Native Hawaiian", "value": 229}, {"name": "Other Race", "value": 45611}, {"name": "Two or More Races", "value": 22710}], "HU100.2000": "339820", "POP100.2000": "884118", "sex_by_age": [{"male": 25562.0, "name": "Under 5 years", "female": 24719.0}, {"male": 28630.0, "name": "5 to 9 years", "female": 27679.0}, {"male": 30764.0, "name": "10 to 14 years", "female": 29274.0}, {"male": 19525.0, "name": "15 to 17 years", "female": 18252.0}, {"male": 10208.0, "name": "18 and 19 years", "female": 9573.0}, {"male": 4750.0, "name": "20 years", "female": 4334.0}, {"male": 4688.0, "name": "21 years", "female": 4346.0}, {"male": 14909.0, "name": "22 to 24 years", "female": 14445.0}, {"male": 25212.0, "name": "25 to 29 years", "female": 25514.0}, {"male": 26347.0, "name": "30 to 34 years", "female": 27774.0}, {"male": 29298.0, "name": "35 to 39 years", "female": 30963.0}, {"male": 33102.0, "name": "40 to 44 years", "female": 35971.0}, {"male": 36432.0, "name": "45 to 49 years", "female": 38690.0}, {"male": 34765.0, "name": "50 to 54 years", "female": 37761.0}, {"male": 29467.0, "name": "55 to 59 years", "female": 32070.0}, {"male": 10523.0, "name": "60 to 61 years", "female": 11454.0}, {"male": 14551.0, "name": "62 to 64 years", "female": 16461.0}, {"male": 7547.0, "name": "65 and 66 years", "female": 8628.0}, {"male": 10085.0, "name": "67 to 69 years", "female": 12097.0}, {"male": 13113.0, "name": "70 to 74 years", "female": 16390.0}, {"male": 10692.0, "name": "75 to 79 years", "female": 14545.0}, {"male": 8527.0, "name": "80 to 84 years", "female": 13200.0}, {"male": 7265.0, "name": "85 years and over", "female": 15014.0}], "age_by_sex": [{"name": "Male", "value": 39.700000000000003}, {"name": "Female", "value": 42.5}], "GEOID": "34003", "NECTA": ""}, "Somerset County": {"CNECTA": "", "COUNTY": "035", "HU100": "123127", "NAME": "Somerset County", "P001001.2000": "297490", "CSA": "408", "P001001": "323444", "POP100": "323444", "SUMLEV": "050", "STATE": "34", "CBSA": "35620", "race": [{"name": "White", "value": 226608}, {"name": "Black", "value": 28943}, {"name": "American Indian or Alaska", "value": 556}, {"name": "Asian", "value": 45650}, {"name": "Native Hawaiian", "value": 94}, {"name": "Other Race", "value": 13360}, {"name": "Two or More Races", "value": 8233}], "HU100.2000": "112023", "POP100.2000": "297490", "sex_by_age": [{"male": 9889.0, "name": "Under 5 years", "female": 9348.0}, {"male": 11508.0, "name": "5 to 9 years", "female": 10980.0}, {"male": 12404.0, "name": "10 to 14 years", "female": 11759.0}, {"male": 7705.0, "name": "15 to 17 years", "female": 7242.0}, {"male": 3541.0, "name": "18 and 19 years", "female": 2918.0}, {"male": 1477.0, "name": "20 years", "female": 1224.0}, {"male": 1375.0, "name": "21 years", "female": 1234.0}, {"male": 4807.0, "name": "22 to 24 years", "female": 4475.0}, {"male": 8456.0, "name": "25 to 29 years", "female": 8607.0}, {"male": 9332.0, "name": "30 to 34 years", "female": 10030.0}, {"male": 10790.0, "name": "35 to 39 years", "female": 11564.0}, {"male": 12749.0, "name": "40 to 44 years", "female": 13760.0}, {"male": 14463.0, "name": "45 to 49 years", "female": 15400.0}, {"male": 13595.0, "name": "50 to 54 years", "female": 14055.0}, {"male": 10618.0, "name": "55 to 59 years", "female": 11087.0}, {"male": 3469.0, "name": "60 to 61 years", "female": 3701.0}, {"male": 4729.0, "name": "62 to 64 years", "female": 5151.0}, {"male": 2430.0, "name": "65 and 66 years", "female": 2728.0}, {"male": 3212.0, "name": "67 to 69 years", "female": 3758.0}, {"male": 3866.0, "name": "70 to 74 years", "female": 4727.0}, {"male": 3027.0, "name": "75 to 79 years", "female": 4137.0}, {"male": 2376.0, "name": "80 to 84 years", "female": 3570.0}, {"male": 1806.0, "name": "85 years and over", "female": 4365.0}], "age_by_sex": [{"name": "Male", "value": 39.0}, {"name": "Female", "value": 41.299999999999997}], "GEOID": "34035", "NECTA": ""}, "Monmouth County": {"CNECTA": "", "COUNTY": "025", "HU100": "258410", "NAME": "Monmouth County", "P001001.2000": "615301", "CSA": "408", "P001001": "630380", "POP100": "630380", "SUMLEV": "050", "STATE": "34", "CBSA": "35620", "race": [{"name": "White", "value": 520716}, {"name": "Black", "value": 46443}, {"name": "American Indian or Alaska", "value": 1211}, {"name": "Asian", "value": 31258}, {"name": "Native Hawaiian", "value": 211}, {"name": "Other Race", "value": 18187}, {"name": "Two or More Races", "value": 12354}], "HU100.2000": "240884", "POP100.2000": "615301", "sex_by_age": [{"male": 17655.0, "name": "Under 5 years", "female": 17100.0}, {"male": 21086.0, "name": "5 to 9 years", "female": 20042.0}, {"male": 23222.0, "name": "10 to 14 years", "female": 22329.0}, {"male": 14783.0, "name": "15 to 17 years", "female": 14082.0}, {"male": 8033.0, "name": "18 and 19 years", "female": 7146.0}, {"male": 3654.0, "name": "20 years", "female": 3149.0}, {"male": 3341.0, "name": "21 years", "female": 2999.0}, {"male": 10760.0, "name": "22 to 24 years", "female": 10282.0}, {"male": 16614.0, "name": "25 to 29 years", "female": 15922.0}, {"male": 15955.0, "name": "30 to 34 years", "female": 16369.0}, {"male": 18543.0, "name": "35 to 39 years", "female": 19931.0}, {"male": 23028.0, "name": "40 to 44 years", "female": 24997.0}, {"male": 27377.0, "name": "45 to 49 years", "female": 29123.0}, {"male": 26707.0, "name": "50 to 54 years", "female": 27772.0}, {"male": 21859.0, "name": "55 to 59 years", "female": 22711.0}, {"male": 7454.0, "name": "60 to 61 years", "female": 8045.0}, {"male": 10483.0, "name": "62 to 64 years", "female": 11136.0}, {"male": 5391.0, "name": "65 and 66 years", "female": 5935.0}, {"male": 7006.0, "name": "67 to 69 years", "female": 7862.0}, {"male": 8148.0, "name": "70 to 74 years", "female": 10000.0}, {"male": 6355.0, "name": "75 to 79 years", "female": 9089.0}, {"male": 5014.0, "name": "80 to 84 years", "female": 8140.0}, {"male": 4186.0, "name": "85 years and over", "female": 9565.0}], "age_by_sex": [{"name": "Male", "value": 39.899999999999999}, {"name": "Female", "value": 42.600000000000001}], "GEOID": "34025", "NECTA": ""}, "Ocean County": {"CNECTA": "", "COUNTY": "029", "HU100": "278052", "NAME": "Ocean County", "P001001.2000": "510916", "CSA": "408", "P001001": "576567", "POP100": "576567", "SUMLEV": "050", "STATE": "34", "CBSA": "35620", "race": [{"name": "White", "value": 524577}, {"name": "Black", "value": 18164}, {"name": "American Indian or Alaska", "value": 966}, {"name": "Asian", "value": 10081}, {"name": "Native Hawaiian", "value": 129}, {"name": "Other Race", "value": 14165}, {"name": "Two or More Races", "value": 8485}], "HU100.2000": "248711", "POP100.2000": "510916", "sex_by_age": [{"male": 19959.0, "name": "Under 5 years", "female": 18947.0}, {"male": 19099.0, "name": "5 to 9 years", "female": 18400.0}, {"male": 18757.0, "name": "10 to 14 years", "female": 17615.0}, {"male": 11367.0, "name": "15 to 17 years", "female": 10775.0}, {"male": 6566.0, "name": "18 and 19 years", "female": 6077.0}, {"male": 3024.0, "name": "20 years", "female": 3002.0}, {"male": 2835.0, "name": "21 years", "female": 2845.0}, {"male": 9704.0, "name": "22 to 24 years", "female": 9242.0}, {"male": 16053.0, "name": "25 to 29 years", "female": 15565.0}, {"male": 14910.0, "name": "30 to 34 years", "female": 14490.0}, {"male": 15330.0, "name": "35 to 39 years", "female": 15809.0}, {"male": 17428.0, "name": "40 to 44 years", "female": 18147.0}, {"male": 19483.0, "name": "45 to 49 years", "female": 20215.0}, {"male": 18851.0, "name": "50 to 54 years", "female": 20022.0}, {"male": 16529.0, "name": "55 to 59 years", "female": 18457.0}, {"male": 6277.0, "name": "60 to 61 years", "female": 7615.0}, {"male": 10100.0, "name": "62 to 64 years", "female": 11968.0}, {"male": 5710.0, "name": "65 and 66 years", "female": 7063.0}, {"male": 8258.0, "name": "67 to 69 years", "female": 10709.0}, {"male": 11664.0, "name": "70 to 74 years", "female": 14810.0}, {"male": 10025.0, "name": "75 to 79 years", "female": 13531.0}, {"male": 7998.0, "name": "80 to 84 years", "female": 11726.0}, {"male": 6375.0, "name": "85 years and over", "female": 13235.0}], "age_by_sex": [{"name": "Male", "value": 40.200000000000003}, {"name": "Female", "value": 44.799999999999997}], "GEOID": "34029", "NECTA": ""}, "Mercer County": {"CNECTA": "", "COUNTY": "021", "HU100": "143169", "NAME": "Mercer County", "P001001.2000": "350761", "CSA": "408", "P001001": "366513", "POP100": "366513", "SUMLEV": "050", "STATE": "34", "CBSA": "45940", "race": [{"name": "White", "value": 225011}, {"name": "Black", "value": 74318}, {"name": "American Indian or Alaska", "value": 1194}, {"name": "Asian", "value": 32752}, {"name": "Native Hawaiian", "value": 295}, {"name": "Other Race", "value": 22856}, {"name": "Two or More Races", "value": 10087}], "HU100.2000": "133280", "POP100.2000": "350761", "sex_by_age": [{"male": 11118.0, "name": "Under 5 years", "female": 10435.0}, {"male": 11713.0, "name": "5 to 9 years", "female": 11081.0}, {"male": 12065.0, "name": "10 to 14 years", "female": 11660.0}, {"male": 7551.0, "name": "15 to 17 years", "female": 7359.0}, {"male": 6176.0, "name": "18 and 19 years", "female": 6371.0}, {"male": 3322.0, "name": "20 years", "female": 3266.0}, {"male": 3134.0, "name": "21 years", "female": 3181.0}, {"male": 7632.0, "name": "22 to 24 years", "female": 6963.0}, {"male": 12219.0, "name": "25 to 29 years", "female": 11373.0}, {"male": 11625.0, "name": "30 to 34 years", "female": 11625.0}, {"male": 12464.0, "name": "35 to 39 years", "female": 12592.0}, {"male": 13366.0, "name": "40 to 44 years", "female": 13395.0}, {"male": 13867.0, "name": "45 to 49 years", "female": 14560.0}, {"male": 13333.0, "name": "50 to 54 years", "female": 13886.0}, {"male": 11247.0, "name": "55 to 59 years", "female": 12297.0}, {"male": 3889.0, "name": "60 to 61 years", "female": 4355.0}, {"male": 5195.0, "name": "62 to 64 years", "female": 5851.0}, {"male": 2718.0, "name": "65 and 66 years", "female": 3135.0}, {"male": 3548.0, "name": "67 to 69 years", "female": 4204.0}, {"male": 4384.0, "name": "70 to 74 years", "female": 5581.0}, {"male": 3591.0, "name": "75 to 79 years", "female": 4833.0}, {"male": 2727.0, "name": "80 to 84 years", "female": 4293.0}, {"male": 2149.0, "name": "85 years and over", "female": 5184.0}], "age_by_sex": [{"name": "Male", "value": 36.200000000000003}, {"name": "Female", "value": 39.200000000000003}], "GEOID": "34021", "NECTA": ""}, "Morris County": {"CNECTA": "", "COUNTY": "027", "HU100": "189842", "NAME": "Morris County", "P001001.2000": "470212", "CSA": "408", "P001001": "492276", "POP100": "492276", "SUMLEV": "050", "STATE": "34", "CBSA": "35620", "race": [{"name": "White", "value": 406683}, {"name": "Black", "value": 15360}, {"name": "American Indian or Alaska", "value": 805}, {"name": "Asian", "value": 44069}, {"name": "Native Hawaiian", "value": 106}, {"name": "Other Race", "value": 14910}, {"name": "Two or More Races", "value": 10343}], "HU100.2000": "174379", "POP100.2000": "470212", "sex_by_age": [{"male": 13978.0, "name": "Under 5 years", "female": 13364.0}, {"male": 16909.0, "name": "5 to 9 years", "female": 16155.0}, {"male": 18094.0, "name": "10 to 14 years", "female": 17352.0}, {"male": 11330.0, "name": "15 to 17 years", "female": 10513.0}, {"male": 5746.0, "name": "18 and 19 years", "female": 5089.0}, {"male": 2410.0, "name": "20 years", "female": 2102.0}, {"male": 2405.0, "name": "21 years", "female": 2170.0}, {"male": 7679.0, "name": "22 to 24 years", "female": 7228.0}, {"male": 12963.0, "name": "25 to 29 years", "female": 12370.0}, {"male": 13155.0, "name": "30 to 34 years", "female": 13306.0}, {"male": 15371.0, "name": "35 to 39 years", "female": 16530.0}, {"male": 19585.0, "name": "40 to 44 years", "female": 20701.0}, {"male": 21905.0, "name": "45 to 49 years", "female": 22600.0}, {"male": 20083.0, "name": "50 to 54 years", "female": 20791.0}, {"male": 16606.0, "name": "55 to 59 years", "female": 17127.0}, {"male": 5660.0, "name": "60 to 61 years", "female": 6055.0}, {"male": 8000.0, "name": "62 to 64 years", "female": 8789.0}, {"male": 4175.0, "name": "65 and 66 years", "female": 4764.0}, {"male": 5638.0, "name": "67 to 69 years", "female": 6316.0}, {"male": 6672.0, "name": "70 to 74 years", "female": 8024.0}, {"male": 5299.0, "name": "75 to 79 years", "female": 6905.0}, {"male": 4017.0, "name": "80 to 84 years", "female": 5997.0}, {"male": 3342.0, "name": "85 years and over", "female": 7006.0}], "age_by_sex": [{"name": "Male", "value": 40.100000000000001}, {"name": "Female", "value": 42.399999999999999}], "GEOID": "34027", "NECTA": ""}, "Warren County": {"CNECTA": "", "COUNTY": "041", "HU100": "44925", "NAME": "Warren County", "P001001.2000": "102437", "CSA": "999", "P001001": "108692", "POP100": "108692", "SUMLEV": "050", "STATE": "34", "CBSA": "10900", "race": [{"name": "White", "value": 98137}, {"name": "Black", "value": 3818}, {"name": "American Indian or Alaska", "value": 155}, {"name": "Asian", "value": 2673}, {"name": "Native Hawaiian", "value": 30}, {"name": "Other Race", "value": 1964}, {"name": "Two or More Races", "value": 1915}], "HU100.2000": "41157", "POP100.2000": "102437", "sex_by_age": [{"male": 3086.0, "name": "Under 5 years", "female": 2998.0}, {"male": 3646.0, "name": "5 to 9 years", "female": 3487.0}, {"male": 3864.0, "name": "10 to 14 years", "female": 3728.0}, {"male": 2531.0, "name": "15 to 17 years", "female": 2268.0}, {"male": 1427.0, "name": "18 and 19 years", "female": 1377.0}, {"male": 669.0, "name": "20 years", "female": 613.0}, {"male": 621.0, "name": "21 years", "female": 599.0}, {"male": 1696.0, "name": "22 to 24 years", "female": 1633.0}, {"male": 2583.0, "name": "25 to 29 years", "female": 2644.0}, {"male": 2666.0, "name": "30 to 34 years", "female": 2778.0}, {"male": 3271.0, "name": "35 to 39 years", "female": 3615.0}, {"male": 4139.0, "name": "40 to 44 years", "female": 4459.0}, {"male": 4802.0, "name": "45 to 49 years", "female": 5014.0}, {"male": 4610.0, "name": "50 to 54 years", "female": 4748.0}, {"male": 3672.0, "name": "55 to 59 years", "female": 3818.0}, {"male": 1321.0, "name": "60 to 61 years", "female": 1366.0}, {"male": 1742.0, "name": "62 to 64 years", "female": 1909.0}, {"male": 937.0, "name": "65 and 66 years", "female": 1007.0}, {"male": 1291.0, "name": "67 to 69 years", "female": 1431.0}, {"male": 1471.0, "name": "70 to 74 years", "female": 1788.0}, {"male": 1177.0, "name": "75 to 79 years", "female": 1587.0}, {"male": 886.0, "name": "80 to 84 years", "female": 1401.0}, {"male": 720.0, "name": "85 years and over", "female": 1596.0}], "age_by_sex": [{"name": "Male", "value": 40.399999999999999}, {"name": "Female", "value": 42.5}], "GEOID": "34041", "NECTA": ""}, "Camden County": {"CNECTA": "", "COUNTY": "007", "HU100": "204943", "NAME": "Camden County", "P001001.2000": "508932", "CSA": "428", "P001001": "513657", "POP100": "513657", "SUMLEV": "050", "STATE": "34", "CBSA": "37980", "race": [{"name": "White", "value": 335389}, {"name": "Black", "value": 100441}, {"name": "American Indian or Alaska", "value": 1608}, {"name": "Asian", "value": 26257}, {"name": "Native Hawaiian", "value": 165}, {"name": "Other Race", "value": 36354}, {"name": "Two or More Races", "value": 13443}], "HU100.2000": "199679", "POP100.2000": "508932", "sex_by_age": [{"male": 17118.0, "name": "Under 5 years", "female": 16251.0}, {"male": 17442.0, "name": "5 to 9 years", "female": 16426.0}, {"male": 17949.0, "name": "10 to 14 years", "female": 17414.0}, {"male": 11508.0, "name": "15 to 17 years", "female": 11009.0}, {"male": 7095.0, "name": "18 and 19 years", "female": 6405.0}, {"male": 3266.0, "name": "20 years", "female": 3151.0}, {"male": 3151.0, "name": "21 years", "female": 2998.0}, {"male": 10262.0, "name": "22 to 24 years", "female": 10135.0}, {"male": 16729.0, "name": "25 to 29 years", "female": 17467.0}, {"male": 15946.0, "name": "30 to 34 years", "female": 16727.0}, {"male": 15971.0, "name": "35 to 39 years", "female": 17239.0}, {"male": 17665.0, "name": "40 to 44 years", "female": 18767.0}, {"male": 18925.0, "name": "45 to 49 years", "female": 20343.0}, {"male": 18958.0, "name": "50 to 54 years", "female": 20386.0}, {"male": 15703.0, "name": "55 to 59 years", "female": 17639.0}, {"male": 5509.0, "name": "60 to 61 years", "female": 6250.0}, {"male": 7499.0, "name": "62 to 64 years", "female": 8629.0}, {"male": 3889.0, "name": "65 and 66 years", "female": 4472.0}, {"male": 5167.0, "name": "67 to 69 years", "female": 6073.0}, {"male": 6210.0, "name": "70 to 74 years", "female": 7953.0}, {"male": 4861.0, "name": "75 to 79 years", "female": 6779.0}, {"male": 3819.0, "name": "80 to 84 years", "female": 6304.0}, {"male": 3117.0, "name": "85 years and over", "female": 7081.0}], "age_by_sex": [{"name": "Male", "value": 36.100000000000001}, {"name": "Female", "value": 39.399999999999999}], "GEOID": "34007", "NECTA": ""}, "Cape May County": {"CNECTA": "", "COUNTY": "009", "HU100": "98309", "NAME": "Cape May County", "P001001.2000": "102326", "CSA": "999", "P001001": "97265", "POP100": "97265", "SUMLEV": "050", "STATE": "34", "CBSA": "36140", "race": [{"name": "White", "value": 87369}, {"name": "Black", "value": 4565}, {"name": "American Indian or Alaska", "value": 205}, {"name": "Asian", "value": 834}, {"name": "Native Hawaiian", "value": 36}, {"name": "Other Race", "value": 2399}, {"name": "Two or More Races", "value": 1857}], "HU100.2000": "91047", "POP100.2000": "102326", "sex_by_age": [{"male": 2310.0, "name": "Under 5 years", "female": 2237.0}, {"male": 2440.0, "name": "5 to 9 years", "female": 2324.0}, {"male": 2680.0, "name": "10 to 14 years", "female": 2574.0}, {"male": 1965.0, "name": "15 to 17 years", "female": 1819.0}, {"male": 1256.0, "name": "18 and 19 years", "female": 1053.0}, {"male": 623.0, "name": "20 years", "female": 491.0}, {"male": 579.0, "name": "21 years", "female": 462.0}, {"male": 1759.0, "name": "22 to 24 years", "female": 1513.0}, {"male": 2591.0, "name": "25 to 29 years", "female": 2364.0}, {"male": 2077.0, "name": "30 to 34 years", "female": 2156.0}, {"male": 2264.0, "name": "35 to 39 years", "female": 2317.0}, {"male": 2876.0, "name": "40 to 44 years", "female": 2870.0}, {"male": 3565.0, "name": "45 to 49 years", "female": 3810.0}, {"male": 3877.0, "name": "50 to 54 years", "female": 4151.0}, {"male": 3731.0, "name": "55 to 59 years", "female": 4016.0}, {"male": 1485.0, "name": "60 to 61 years", "female": 1599.0}, {"male": 2128.0, "name": "62 to 64 years", "female": 2326.0}, {"male": 1242.0, "name": "65 and 66 years", "female": 1439.0}, {"male": 1683.0, "name": "67 to 69 years", "female": 1912.0}, {"male": 2249.0, "name": "70 to 74 years", "female": 2511.0}, {"male": 1734.0, "name": "75 to 79 years", "female": 2196.0}, {"male": 1285.0, "name": "80 to 84 years", "female": 1881.0}, {"male": 888.0, "name": "85 years and over", "female": 1957.0}], "age_by_sex": [{"name": "Male", "value": 45.299999999999997}, {"name": "Female", "value": 48.700000000000003}], "GEOID": "34009", "NECTA": ""}}