{"Gem County": {"CNECTA": "", "COUNTY": "045", "HU100": "7099", "NAME": "Gem County", "P001001.2000": "15181", "CSA": "999", "P001001": "16719", "POP100": "16719", "SUMLEV": "050", "STATE": "16", "CBSA": "14260", "race": [{"name": "White", "value": 15616}, {"name": "Black", "value": 20}, {"name": "American Indian or Alaska", "value": 94}, {"name": "Asian", "value": 84}, {"name": "Native Hawaiian", "value": 13}, {"name": "Other Race", "value": 519}, {"name": "Two or More Races", "value": 373}], "HU100.2000": "5888", "POP100.2000": "15181", "sex_by_age": [{"male": 597.0, "name": "Under 5 years", "female": 505.0}, {"male": 548.0, "name": "5 to 9 years", "female": 519.0}, {"male": 593.0, "name": "10 to 14 years", "female": 602.0}, {"male": 396.0, "name": "15 to 17 years", "female": 338.0}, {"male": 218.0, "name": "18 and 19 years", "female": 198.0}, {"male": 96.0, "name": "20 years", "female": 74.0}, {"male": 84.0, "name": "21 years", "female": 64.0}, {"male": 216.0, "name": "22 to 24 years", "female": 228.0}, {"male": 414.0, "name": "25 to 29 years", "female": 396.0}, {"male": 383.0, "name": "30 to 34 years", "female": 433.0}, {"male": 422.0, "name": "35 to 39 years", "female": 432.0}, {"male": 508.0, "name": "40 to 44 years", "female": 532.0}, {"male": 580.0, "name": "45 to 49 years", "female": 634.0}, {"male": 640.0, "name": "50 to 54 years", "female": 671.0}, {"male": 581.0, "name": "55 to 59 years", "female": 594.0}, {"male": 213.0, "name": "60 to 61 years", "female": 233.0}, {"male": 326.0, "name": "62 to 64 years", "female": 344.0}, {"male": 201.0, "name": "65 and 66 years", "female": 195.0}, {"male": 269.0, "name": "67 to 69 years", "female": 309.0}, {"male": 386.0, "name": "70 to 74 years", "female": 359.0}, {"male": 246.0, "name": "75 to 79 years", "female": 300.0}, {"male": 196.0, "name": "80 to 84 years", "female": 217.0}, {"male": 170.0, "name": "85 years and over", "female": 259.0}], "age_by_sex": [{"name": "Male", "value": 41.799999999999997}, {"name": "Female", "value": 44.100000000000001}], "GEOID": "16045", "NECTA": ""}, "Jerome County": {"CNECTA": "", "COUNTY": "053", "HU100": "8101", "NAME": "Jerome County", "P001001.2000": "18342", "CSA": "999", "P001001": "22374", "POP100": "22374", "SUMLEV": "050", "STATE": "16", "CBSA": "46300", "race": [{"name": "White", "value": 17904}, {"name": "Black", "value": 62}, {"name": "American Indian or Alaska", "value": 302}, {"name": "Asian", "value": 76}, {"name": "Native Hawaiian", "value": 17}, {"name": "Other Race", "value": 3532}, {"name": "Two or More Races", "value": 481}], "HU100.2000": "6713", "POP100.2000": "18342", "sex_by_age": [{"male": 1076.0, "name": "Under 5 years", "female": 1055.0}, {"male": 994.0, "name": "5 to 9 years", "female": 945.0}, {"male": 923.0, "name": "10 to 14 years", "female": 837.0}, {"male": 585.0, "name": "15 to 17 years", "female": 533.0}, {"male": 334.0, "name": "18 and 19 years", "female": 330.0}, {"male": 154.0, "name": "20 years", "female": 130.0}, {"male": 145.0, "name": "21 years", "female": 127.0}, {"male": 471.0, "name": "22 to 24 years", "female": 422.0}, {"male": 839.0, "name": "25 to 29 years", "female": 767.0}, {"male": 773.0, "name": "30 to 34 years", "female": 699.0}, {"male": 675.0, "name": "35 to 39 years", "female": 625.0}, {"male": 670.0, "name": "40 to 44 years", "female": 660.0}, {"male": 743.0, "name": "45 to 49 years", "female": 664.0}, {"male": 720.0, "name": "50 to 54 years", "female": 688.0}, {"male": 650.0, "name": "55 to 59 years", "female": 629.0}, {"male": 226.0, "name": "60 to 61 years", "female": 240.0}, {"male": 275.0, "name": "62 to 64 years", "female": 263.0}, {"male": 164.0, "name": "65 and 66 years", "female": 178.0}, {"male": 246.0, "name": "67 to 69 years", "female": 254.0}, {"male": 264.0, "name": "70 to 74 years", "female": 294.0}, {"male": 262.0, "name": "75 to 79 years", "female": 243.0}, {"male": 128.0, "name": "80 to 84 years", "female": 195.0}, {"male": 112.0, "name": "85 years and over", "female": 167.0}], "age_by_sex": [{"name": "Male", "value": 31.100000000000001}, {"name": "Female", "value": 32.100000000000001}], "GEOID": "16053", "NECTA": ""}, "Jefferson County": {"CNECTA": "", "COUNTY": "051", "HU100": "8722", "NAME": "Jefferson County", "P001001.2000": "19155", "CSA": "292", "P001001": "26140", "POP100": "26140", "SUMLEV": "050", "STATE": "16", "CBSA": "26820", "race": [{"name": "White", "value": 23844}, {"name": "Black", "value": 52}, {"name": "American Indian or Alaska", "value": 203}, {"name": "Asian", "value": 103}, {"name": "Native Hawaiian", "value": 23}, {"name": "Other Race", "value": 1514}, {"name": "Two or More Races", "value": 401}], "HU100.2000": "6287", "POP100.2000": "19155", "sex_by_age": [{"male": 1419.0, "name": "Under 5 years", "female": 1399.0}, {"male": 1298.0, "name": "5 to 9 years", "female": 1330.0}, {"male": 1257.0, "name": "10 to 14 years", "female": 1193.0}, {"male": 703.0, "name": "15 to 17 years", "female": 688.0}, {"male": 375.0, "name": "18 and 19 years", "female": 304.0}, {"male": 129.0, "name": "20 years", "female": 147.0}, {"male": 145.0, "name": "21 years", "female": 132.0}, {"male": 403.0, "name": "22 to 24 years", "female": 418.0}, {"male": 833.0, "name": "25 to 29 years", "female": 912.0}, {"male": 982.0, "name": "30 to 34 years", "female": 894.0}, {"male": 799.0, "name": "35 to 39 years", "female": 824.0}, {"male": 744.0, "name": "40 to 44 years", "female": 679.0}, {"male": 781.0, "name": "45 to 49 years", "female": 814.0}, {"male": 820.0, "name": "50 to 54 years", "female": 792.0}, {"male": 674.0, "name": "55 to 59 years", "female": 620.0}, {"male": 252.0, "name": "60 to 61 years", "female": 240.0}, {"male": 305.0, "name": "62 to 64 years", "female": 331.0}, {"male": 168.0, "name": "65 and 66 years", "female": 165.0}, {"male": 243.0, "name": "67 to 69 years", "female": 245.0}, {"male": 329.0, "name": "70 to 74 years", "female": 326.0}, {"male": 209.0, "name": "75 to 79 years", "female": 252.0}, {"male": 146.0, "name": "80 to 84 years", "female": 170.0}, {"male": 100.0, "name": "85 years and over", "female": 151.0}], "age_by_sex": [{"name": "Male", "value": 30.0}, {"name": "Female", "value": 30.0}], "GEOID": "16051", "NECTA": ""}, "Twin Falls County": {"CNECTA": "", "COUNTY": "083", "HU100": "31072", "NAME": "Twin Falls County", "P001001.2000": "64284", "CSA": "999", "P001001": "77230", "POP100": "77230", "SUMLEV": "050", "STATE": "16", "CBSA": "46300", "race": [{"name": "White", "value": 68693}, {"name": "Black", "value": 342}, {"name": "American Indian or Alaska", "value": 606}, {"name": "Asian", "value": 922}, {"name": "Native Hawaiian", "value": 83}, {"name": "Other Race", "value": 4829}, {"name": "Two or More Races", "value": 1755}], "HU100.2000": "25595", "POP100.2000": "64284", "sex_by_age": [{"male": 3201.0, "name": "Under 5 years", "female": 3166.0}, {"male": 2994.0, "name": "5 to 9 years", "female": 2925.0}, {"male": 2825.0, "name": "10 to 14 years", "female": 2718.0}, {"male": 1672.0, "name": "15 to 17 years", "female": 1643.0}, {"male": 1139.0, "name": "18 and 19 years", "female": 1162.0}, {"male": 582.0, "name": "20 years", "female": 594.0}, {"male": 479.0, "name": "21 years", "female": 519.0}, {"male": 1543.0, "name": "22 to 24 years", "female": 1562.0}, {"male": 2761.0, "name": "25 to 29 years", "female": 2678.0}, {"male": 2546.0, "name": "30 to 34 years", "female": 2465.0}, {"male": 2337.0, "name": "35 to 39 years", "female": 2260.0}, {"male": 2158.0, "name": "40 to 44 years", "female": 2004.0}, {"male": 2464.0, "name": "45 to 49 years", "female": 2477.0}, {"male": 2493.0, "name": "50 to 54 years", "female": 2568.0}, {"male": 2233.0, "name": "55 to 59 years", "female": 2337.0}, {"male": 771.0, "name": "60 to 61 years", "female": 886.0}, {"male": 1138.0, "name": "62 to 64 years", "female": 1224.0}, {"male": 632.0, "name": "65 and 66 years", "female": 658.0}, {"male": 891.0, "name": "67 to 69 years", "female": 915.0}, {"male": 1214.0, "name": "70 to 74 years", "female": 1343.0}, {"male": 889.0, "name": "75 to 79 years", "female": 1109.0}, {"male": 618.0, "name": "80 to 84 years", "female": 849.0}, {"male": 535.0, "name": "85 years and over", "female": 1053.0}], "age_by_sex": [{"name": "Male", "value": 33.600000000000001}, {"name": "Female", "value": 35.299999999999997}], "GEOID": "16083", "NECTA": ""}, "Owyhee County": {"CNECTA": "", "COUNTY": "073", "HU100": "4781", "NAME": "Owyhee County", "P001001.2000": "10644", "CSA": "999", "P001001": "11526", "POP100": "11526", "SUMLEV": "050", "STATE": "16", "CBSA": "14260", "race": [{"name": "White", "value": 8757}, {"name": "Black", "value": 23}, {"name": "American Indian or Alaska", "value": 495}, {"name": "Asian", "value": 62}, {"name": "Native Hawaiian", "value": 1}, {"name": "Other Race", "value": 1916}, {"name": "Two or More Races", "value": 272}], "HU100.2000": "4452", "POP100.2000": "10644", "sex_by_age": [{"male": 449.0, "name": "Under 5 years", "female": 437.0}, {"male": 459.0, "name": "5 to 9 years", "female": 481.0}, {"male": 486.0, "name": "10 to 14 years", "female": 481.0}, {"male": 293.0, "name": "15 to 17 years", "female": 283.0}, {"male": 152.0, "name": "18 and 19 years", "female": 145.0}, {"male": 89.0, "name": "20 years", "female": 67.0}, {"male": 71.0, "name": "21 years", "female": 48.0}, {"male": 204.0, "name": "22 to 24 years", "female": 151.0}, {"male": 306.0, "name": "25 to 29 years", "female": 293.0}, {"male": 394.0, "name": "30 to 34 years", "female": 345.0}, {"male": 360.0, "name": "35 to 39 years", "female": 347.0}, {"male": 325.0, "name": "40 to 44 years", "female": 311.0}, {"male": 413.0, "name": "45 to 49 years", "female": 373.0}, {"male": 402.0, "name": "50 to 54 years", "female": 378.0}, {"male": 382.0, "name": "55 to 59 years", "female": 339.0}, {"male": 153.0, "name": "60 to 61 years", "female": 137.0}, {"male": 179.0, "name": "62 to 64 years", "female": 181.0}, {"male": 113.0, "name": "65 and 66 years", "female": 112.0}, {"male": 146.0, "name": "67 to 69 years", "female": 174.0}, {"male": 205.0, "name": "70 to 74 years", "female": 205.0}, {"male": 163.0, "name": "75 to 79 years", "female": 124.0}, {"male": 95.0, "name": "80 to 84 years", "female": 110.0}, {"male": 56.0, "name": "85 years and over", "female": 109.0}], "age_by_sex": [{"name": "Male", "value": 35.700000000000003}, {"name": "Female", "value": 36.399999999999999}], "GEOID": "16073", "NECTA": ""}, "Minidoka County": {"CNECTA": "", "COUNTY": "067", "HU100": "7665", "NAME": "Minidoka County", "P001001.2000": "20174", "CSA": "999", "P001001": "20069", "POP100": "20069", "SUMLEV": "050", "STATE": "16", "CBSA": "15420", "race": [{"name": "White", "value": 16091}, {"name": "Black", "value": 77}, {"name": "American Indian or Alaska", "value": 248}, {"name": "Asian", "value": 88}, {"name": "Native Hawaiian", "value": 1}, {"name": "Other Race", "value": 3076}, {"name": "Two or More Races", "value": 488}], "HU100.2000": "7498", "POP100.2000": "20174", "sex_by_age": [{"male": 877.0, "name": "Under 5 years", "female": 809.0}, {"male": 803.0, "name": "5 to 9 years", "female": 728.0}, {"male": 822.0, "name": "10 to 14 years", "female": 785.0}, {"male": 549.0, "name": "15 to 17 years", "female": 520.0}, {"male": 320.0, "name": "18 and 19 years", "female": 254.0}, {"male": 139.0, "name": "20 years", "female": 84.0}, {"male": 109.0, "name": "21 years", "female": 100.0}, {"male": 374.0, "name": "22 to 24 years", "female": 305.0}, {"male": 599.0, "name": "25 to 29 years", "female": 587.0}, {"male": 644.0, "name": "30 to 34 years", "female": 557.0}, {"male": 509.0, "name": "35 to 39 years", "female": 527.0}, {"male": 537.0, "name": "40 to 44 years", "female": 544.0}, {"male": 617.0, "name": "45 to 49 years", "female": 666.0}, {"male": 709.0, "name": "50 to 54 years", "female": 717.0}, {"male": 657.0, "name": "55 to 59 years", "female": 603.0}, {"male": 205.0, "name": "60 to 61 years", "female": 221.0}, {"male": 313.0, "name": "62 to 64 years", "female": 310.0}, {"male": 200.0, "name": "65 and 66 years", "female": 214.0}, {"male": 239.0, "name": "67 to 69 years", "female": 243.0}, {"male": 348.0, "name": "70 to 74 years", "female": 372.0}, {"male": 216.0, "name": "75 to 79 years", "female": 275.0}, {"male": 189.0, "name": "80 to 84 years", "female": 243.0}, {"male": 179.0, "name": "85 years and over", "female": 251.0}], "age_by_sex": [{"name": "Male", "value": 33.899999999999999}, {"name": "Female", "value": 37.100000000000001}], "GEOID": "16067", "NECTA": ""}, "Payette County": {"CNECTA": "", "COUNTY": "075", "HU100": "8945", "NAME": "Payette County", "P001001.2000": "20578", "CSA": "999", "P001001": "22623", "POP100": "22623", "SUMLEV": "050", "STATE": "16", "CBSA": "36620", "race": [{"name": "White", "value": 20053}, {"name": "Black", "value": 52}, {"name": "American Indian or Alaska", "value": 255}, {"name": "Asian", "value": 189}, {"name": "Native Hawaiian", "value": 16}, {"name": "Other Race", "value": 1419}, {"name": "Two or More Races", "value": 639}], "HU100.2000": "7949", "POP100.2000": "20578", "sex_by_age": [{"male": 882.0, "name": "Under 5 years", "female": 856.0}, {"male": 922.0, "name": "5 to 9 years", "female": 877.0}, {"male": 926.0, "name": "10 to 14 years", "female": 846.0}, {"male": 605.0, "name": "15 to 17 years", "female": 570.0}, {"male": 310.0, "name": "18 and 19 years", "female": 294.0}, {"male": 131.0, "name": "20 years", "female": 117.0}, {"male": 119.0, "name": "21 years", "female": 125.0}, {"male": 324.0, "name": "22 to 24 years", "female": 326.0}, {"male": 605.0, "name": "25 to 29 years", "female": 646.0}, {"male": 641.0, "name": "30 to 34 years", "female": 654.0}, {"male": 664.0, "name": "35 to 39 years", "female": 682.0}, {"male": 673.0, "name": "40 to 44 years", "female": 702.0}, {"male": 728.0, "name": "45 to 49 years", "female": 822.0}, {"male": 773.0, "name": "50 to 54 years", "female": 739.0}, {"male": 652.0, "name": "55 to 59 years", "female": 686.0}, {"male": 249.0, "name": "60 to 61 years", "female": 274.0}, {"male": 355.0, "name": "62 to 64 years", "female": 386.0}, {"male": 211.0, "name": "65 and 66 years", "female": 248.0}, {"male": 313.0, "name": "67 to 69 years", "female": 330.0}, {"male": 445.0, "name": "70 to 74 years", "female": 469.0}, {"male": 318.0, "name": "75 to 79 years", "female": 329.0}, {"male": 177.0, "name": "80 to 84 years", "female": 225.0}, {"male": 168.0, "name": "85 years and over", "female": 229.0}], "age_by_sex": [{"name": "Male", "value": 36.0}, {"name": "Female", "value": 38.200000000000003}], "GEOID": "16075", "NECTA": ""}, "Bonner County": {"CNECTA": "", "COUNTY": "017", "HU100": "24669", "NAME": "Bonner County", "P001001.2000": "36835", "CSA": "999", "P001001": "40877", "POP100": "40877", "SUMLEV": "050", "STATE": "16", "CBSA": "99999", "race": [{"name": "White", "value": 39261}, {"name": "Black", "value": 58}, {"name": "American Indian or Alaska", "value": 315}, {"name": "Asian", "value": 184}, {"name": "Native Hawaiian", "value": 42}, {"name": "Other Race", "value": 163}, {"name": "Two or More Races", "value": 854}], "HU100.2000": "19646", "POP100.2000": "36835", "sex_by_age": [{"male": 1106.0, "name": "Under 5 years", "female": 1036.0}, {"male": 1258.0, "name": "5 to 9 years", "female": 1153.0}, {"male": 1376.0, "name": "10 to 14 years", "female": 1337.0}, {"male": 809.0, "name": "15 to 17 years", "female": 775.0}, {"male": 485.0, "name": "18 and 19 years", "female": 378.0}, {"male": 152.0, "name": "20 years", "female": 166.0}, {"male": 169.0, "name": "21 years", "female": 168.0}, {"male": 526.0, "name": "22 to 24 years", "female": 493.0}, {"male": 971.0, "name": "25 to 29 years", "female": 920.0}, {"male": 1087.0, "name": "30 to 34 years", "female": 1021.0}, {"male": 1103.0, "name": "35 to 39 years", "female": 1157.0}, {"male": 1205.0, "name": "40 to 44 years", "female": 1148.0}, {"male": 1491.0, "name": "45 to 49 years", "female": 1562.0}, {"male": 1751.0, "name": "50 to 54 years", "female": 1850.0}, {"male": 1855.0, "name": "55 to 59 years", "female": 1950.0}, {"male": 739.0, "name": "60 to 61 years", "female": 724.0}, {"male": 1032.0, "name": "62 to 64 years", "female": 915.0}, {"male": 550.0, "name": "65 and 66 years", "female": 523.0}, {"male": 796.0, "name": "67 to 69 years", "female": 700.0}, {"male": 930.0, "name": "70 to 74 years", "female": 852.0}, {"male": 564.0, "name": "75 to 79 years", "female": 558.0}, {"male": 371.0, "name": "80 to 84 years", "female": 419.0}, {"male": 266.0, "name": "85 years and over", "female": 480.0}], "age_by_sex": [{"name": "Male", "value": 45.200000000000003}, {"name": "Female", "value": 46.299999999999997}], "GEOID": "16017", "NECTA": ""}, "Caribou County": {"CNECTA": "", "COUNTY": "029", "HU100": "3226", "NAME": "Caribou County", "P001001.2000": "7304", "CSA": "999", "P001001": "6963", "POP100": "6963", "SUMLEV": "050", "STATE": "16", "CBSA": "99999", "race": [{"name": "White", "value": 6637}, {"name": "Black", "value": 4}, {"name": "American Indian or Alaska", "value": 23}, {"name": "Asian", "value": 15}, {"name": "Native Hawaiian", "value": 15}, {"name": "Other Race", "value": 163}, {"name": "Two or More Races", "value": 106}], "HU100.2000": "3188", "POP100.2000": "7304", "sex_by_age": [{"male": 255.0, "name": "Under 5 years", "female": 292.0}, {"male": 290.0, "name": "5 to 9 years", "female": 290.0}, {"male": 291.0, "name": "10 to 14 years", "female": 260.0}, {"male": 194.0, "name": "15 to 17 years", "female": 144.0}, {"male": 70.0, "name": "18 and 19 years", "female": 66.0}, {"male": 38.0, "name": "20 years", "female": 24.0}, {"male": 38.0, "name": "21 years", "female": 25.0}, {"male": 91.0, "name": "22 to 24 years", "female": 89.0}, {"male": 181.0, "name": "25 to 29 years", "female": 192.0}, {"male": 250.0, "name": "30 to 34 years", "female": 209.0}, {"male": 190.0, "name": "35 to 39 years", "female": 182.0}, {"male": 176.0, "name": "40 to 44 years", "female": 192.0}, {"male": 226.0, "name": "45 to 49 years", "female": 218.0}, {"male": 290.0, "name": "50 to 54 years", "female": 235.0}, {"male": 241.0, "name": "55 to 59 years", "female": 239.0}, {"male": 90.0, "name": "60 to 61 years", "female": 72.0}, {"male": 100.0, "name": "62 to 64 years", "female": 120.0}, {"male": 77.0, "name": "65 and 66 years", "female": 71.0}, {"male": 107.0, "name": "67 to 69 years", "female": 101.0}, {"male": 110.0, "name": "70 to 74 years", "female": 146.0}, {"male": 97.0, "name": "75 to 79 years", "female": 120.0}, {"male": 66.0, "name": "80 to 84 years", "female": 69.0}, {"male": 41.0, "name": "85 years and over", "female": 98.0}], "age_by_sex": [{"name": "Male", "value": 36.399999999999999}, {"name": "Female", "value": 38.899999999999999}], "GEOID": "16029", "NECTA": ""}, "Adams County": {"CNECTA": "", "COUNTY": "003", "HU100": "2636", "NAME": "Adams County", "P001001.2000": "3476", "CSA": "999", "P001001": "3976", "POP100": "3976", "SUMLEV": "050", "STATE": "16", "CBSA": "99999", "race": [{"name": "White", "value": 3821}, {"name": "Black", "value": 5}, {"name": "American Indian or Alaska", "value": 39}, {"name": "Asian", "value": 16}, {"name": "Native Hawaiian", "value": 2}, {"name": "Other Race", "value": 26}, {"name": "Two or More Races", "value": 67}], "HU100.2000": "1982", "POP100.2000": "3476", "sex_by_age": [{"male": 90.0, "name": "Under 5 years", "female": 99.0}, {"male": 92.0, "name": "5 to 9 years", "female": 100.0}, {"male": 115.0, "name": "10 to 14 years", "female": 114.0}, {"male": 78.0, "name": "15 to 17 years", "female": 75.0}, {"male": 37.0, "name": "18 and 19 years", "female": 34.0}, {"male": 16.0, "name": "20 years", "female": 13.0}, {"male": 13.0, "name": "21 years", "female": 8.0}, {"male": 45.0, "name": "22 to 24 years", "female": 40.0}, {"male": 83.0, "name": "25 to 29 years", "female": 76.0}, {"male": 85.0, "name": "30 to 34 years", "female": 94.0}, {"male": 93.0, "name": "35 to 39 years", "female": 93.0}, {"male": 95.0, "name": "40 to 44 years", "female": 88.0}, {"male": 148.0, "name": "45 to 49 years", "female": 165.0}, {"male": 184.0, "name": "50 to 54 years", "female": 198.0}, {"male": 209.0, "name": "55 to 59 years", "female": 196.0}, {"male": 95.0, "name": "60 to 61 years", "female": 67.0}, {"male": 113.0, "name": "62 to 64 years", "female": 97.0}, {"male": 61.0, "name": "65 and 66 years", "female": 66.0}, {"male": 114.0, "name": "67 to 69 years", "female": 70.0}, {"male": 134.0, "name": "70 to 74 years", "female": 104.0}, {"male": 70.0, "name": "75 to 79 years", "female": 64.0}, {"male": 47.0, "name": "80 to 84 years", "female": 28.0}, {"male": 24.0, "name": "85 years and over", "female": 46.0}], "age_by_sex": [{"name": "Male", "value": 51.100000000000001}, {"name": "Female", "value": 49.299999999999997}], "GEOID": "16003", "NECTA": ""}, "Lemhi County": {"CNECTA": "", "COUNTY": "059", "HU100": "4729", "NAME": "Lemhi County", "P001001.2000": "7806", "CSA": "999", "P001001": "7936", "POP100": "7936", "SUMLEV": "050", "STATE": "16", "CBSA": "99999", "race": [{"name": "White", "value": 7654}, {"name": "Black", "value": 18}, {"name": "American Indian or Alaska", "value": 57}, {"name": "Asian", "value": 30}, {"name": "Native Hawaiian", "value": 3}, {"name": "Other Race", "value": 44}, {"name": "Two or More Races", "value": 130}], "HU100.2000": "4154", "POP100.2000": "7806", "sex_by_age": [{"male": 215.0, "name": "Under 5 years", "female": 210.0}, {"male": 206.0, "name": "5 to 9 years", "female": 189.0}, {"male": 248.0, "name": "10 to 14 years", "female": 197.0}, {"male": 169.0, "name": "15 to 17 years", "female": 142.0}, {"male": 72.0, "name": "18 and 19 years", "female": 66.0}, {"male": 32.0, "name": "20 years", "female": 24.0}, {"male": 24.0, "name": "21 years", "female": 34.0}, {"male": 89.0, "name": "22 to 24 years", "female": 84.0}, {"male": 164.0, "name": "25 to 29 years", "female": 161.0}, {"male": 174.0, "name": "30 to 34 years", "female": 173.0}, {"male": 163.0, "name": "35 to 39 years", "female": 179.0}, {"male": 211.0, "name": "40 to 44 years", "female": 208.0}, {"male": 295.0, "name": "45 to 49 years", "female": 273.0}, {"male": 335.0, "name": "50 to 54 years", "female": 365.0}, {"male": 357.0, "name": "55 to 59 years", "female": 358.0}, {"male": 160.0, "name": "60 to 61 years", "female": 149.0}, {"male": 234.0, "name": "62 to 64 years", "female": 218.0}, {"male": 129.0, "name": "65 and 66 years", "female": 112.0}, {"male": 213.0, "name": "67 to 69 years", "female": 192.0}, {"male": 226.0, "name": "70 to 74 years", "female": 177.0}, {"male": 162.0, "name": "75 to 79 years", "female": 138.0}, {"male": 95.0, "name": "80 to 84 years", "female": 104.0}, {"male": 76.0, "name": "85 years and over", "female": 134.0}], "age_by_sex": [{"name": "Male", "value": 49.399999999999999}, {"name": "Female", "value": 50.0}], "GEOID": "16059", "NECTA": ""}, "Blaine County": {"CNECTA": "", "COUNTY": "013", "HU100": "15050", "NAME": "Blaine County", "P001001.2000": "18991", "CSA": "999", "P001001": "21376", "POP100": "21376", "SUMLEV": "050", "STATE": "16", "CBSA": "99999", "race": [{"name": "White", "value": 18157}, {"name": "Black", "value": 39}, {"name": "American Indian or Alaska", "value": 125}, {"name": "Asian", "value": 183}, {"name": "Native Hawaiian", "value": 16}, {"name": "Other Race", "value": 2530}, {"name": "Two or More Races", "value": 326}], "HU100.2000": "12186", "POP100.2000": "18991", "sex_by_age": [{"male": 719.0, "name": "Under 5 years", "female": 695.0}, {"male": 794.0, "name": "5 to 9 years", "female": 743.0}, {"male": 695.0, "name": "10 to 14 years", "female": 702.0}, {"male": 446.0, "name": "15 to 17 years", "female": 409.0}, {"male": 211.0, "name": "18 and 19 years", "female": 147.0}, {"male": 81.0, "name": "20 years", "female": 75.0}, {"male": 87.0, "name": "21 years", "female": 71.0}, {"male": 296.0, "name": "22 to 24 years", "female": 293.0}, {"male": 642.0, "name": "25 to 29 years", "female": 601.0}, {"male": 749.0, "name": "30 to 34 years", "female": 666.0}, {"male": 726.0, "name": "35 to 39 years", "female": 703.0}, {"male": 782.0, "name": "40 to 44 years", "female": 753.0}, {"male": 812.0, "name": "45 to 49 years", "female": 930.0}, {"male": 934.0, "name": "50 to 54 years", "female": 920.0}, {"male": 854.0, "name": "55 to 59 years", "female": 872.0}, {"male": 335.0, "name": "60 to 61 years", "female": 319.0}, {"male": 422.0, "name": "62 to 64 years", "female": 416.0}, {"male": 206.0, "name": "65 and 66 years", "female": 211.0}, {"male": 327.0, "name": "67 to 69 years", "female": 297.0}, {"male": 359.0, "name": "70 to 74 years", "female": 263.0}, {"male": 201.0, "name": "75 to 79 years", "female": 166.0}, {"male": 126.0, "name": "80 to 84 years", "female": 134.0}, {"male": 82.0, "name": "85 years and over", "female": 104.0}], "age_by_sex": [{"name": "Male", "value": 40.0}, {"name": "Female", "value": 40.799999999999997}], "GEOID": "16013", "NECTA": ""}, "Valley County": {"CNECTA": "", "COUNTY": "085", "HU100": "11789", "NAME": "Valley County", "P001001.2000": "7651", "CSA": "999", "P001001": "9862", "POP100": "9862", "SUMLEV": "050", "STATE": "16", "CBSA": "99999", "race": [{"name": "White", "value": 9445}, {"name": "Black", "value": 11}, {"name": "American Indian or Alaska", "value": 68}, {"name": "Asian", "value": 41}, {"name": "Native Hawaiian", "value": 1}, {"name": "Other Race", "value": 154}, {"name": "Two or More Races", "value": 142}], "HU100.2000": "8084", "POP100.2000": "7651", "sex_by_age": [{"male": 267.0, "name": "Under 5 years", "female": 245.0}, {"male": 264.0, "name": "5 to 9 years", "female": 264.0}, {"male": 293.0, "name": "10 to 14 years", "female": 281.0}, {"male": 184.0, "name": "15 to 17 years", "female": 151.0}, {"male": 92.0, "name": "18 and 19 years", "female": 62.0}, {"male": 29.0, "name": "20 years", "female": 37.0}, {"male": 53.0, "name": "21 years", "female": 32.0}, {"male": 111.0, "name": "22 to 24 years", "female": 107.0}, {"male": 236.0, "name": "25 to 29 years", "female": 189.0}, {"male": 298.0, "name": "30 to 34 years", "female": 288.0}, {"male": 327.0, "name": "35 to 39 years", "female": 279.0}, {"male": 292.0, "name": "40 to 44 years", "female": 313.0}, {"male": 366.0, "name": "45 to 49 years", "female": 353.0}, {"male": 428.0, "name": "50 to 54 years", "female": 463.0}, {"male": 532.0, "name": "55 to 59 years", "female": 515.0}, {"male": 212.0, "name": "60 to 61 years", "female": 163.0}, {"male": 272.0, "name": "62 to 64 years", "female": 205.0}, {"male": 145.0, "name": "65 and 66 years", "female": 170.0}, {"male": 204.0, "name": "67 to 69 years", "female": 176.0}, {"male": 255.0, "name": "70 to 74 years", "female": 181.0}, {"male": 129.0, "name": "75 to 79 years", "female": 112.0}, {"male": 83.0, "name": "80 to 84 years", "female": 93.0}, {"male": 35.0, "name": "85 years and over", "female": 76.0}], "age_by_sex": [{"name": "Male", "value": 46.600000000000001}, {"name": "Female", "value": 47.299999999999997}], "GEOID": "16085", "NECTA": ""}, "Latah County": {"CNECTA": "", "COUNTY": "057", "HU100": "15988", "NAME": "Latah County", "P001001.2000": "34935", "CSA": "999", "P001001": "37244", "POP100": "37244", "SUMLEV": "050", "STATE": "16", "CBSA": "34140", "race": [{"name": "White", "value": 34557}, {"name": "Black", "value": 293}, {"name": "American Indian or Alaska", "value": 237}, {"name": "Asian", "value": 781}, {"name": "Native Hawaiian", "value": 52}, {"name": "Other Race", "value": 375}, {"name": "Two or More Races", "value": 949}], "HU100.2000": "13838", "POP100.2000": "34935", "sex_by_age": [{"male": 1058.0, "name": "Under 5 years", "female": 1070.0}, {"male": 924.0, "name": "5 to 9 years", "female": 911.0}, {"male": 973.0, "name": "10 to 14 years", "female": 875.0}, {"male": 610.0, "name": "15 to 17 years", "female": 548.0}, {"male": 1458.0, "name": "18 and 19 years", "female": 1365.0}, {"male": 940.0, "name": "20 years", "female": 786.0}, {"male": 831.0, "name": "21 years", "female": 750.0}, {"male": 1865.0, "name": "22 to 24 years", "female": 1456.0}, {"male": 1678.0, "name": "25 to 29 years", "female": 1449.0}, {"male": 1136.0, "name": "30 to 34 years", "female": 961.0}, {"male": 974.0, "name": "35 to 39 years", "female": 877.0}, {"male": 894.0, "name": "40 to 44 years", "female": 879.0}, {"male": 975.0, "name": "45 to 49 years", "female": 1061.0}, {"male": 1061.0, "name": "50 to 54 years", "female": 1117.0}, {"male": 1064.0, "name": "55 to 59 years", "female": 1096.0}, {"male": 411.0, "name": "60 to 61 years", "female": 342.0}, {"male": 505.0, "name": "62 to 64 years", "female": 486.0}, {"male": 279.0, "name": "65 and 66 years", "female": 291.0}, {"male": 351.0, "name": "67 to 69 years", "female": 375.0}, {"male": 442.0, "name": "70 to 74 years", "female": 410.0}, {"male": 327.0, "name": "75 to 79 years", "female": 358.0}, {"male": 228.0, "name": "80 to 84 years", "female": 273.0}, {"male": 179.0, "name": "85 years and over", "female": 345.0}], "age_by_sex": [{"name": "Male", "value": 27.399999999999999}, {"name": "Female", "value": 29.300000000000001}], "GEOID": "16057", "NECTA": ""}, "Kootenai County": {"CNECTA": "", "COUNTY": "055", "HU100": "63177", "NAME": "Kootenai County", "P001001.2000": "108685", "CSA": "999", "P001001": "138494", "POP100": "138494", "SUMLEV": "050", "STATE": "16", "CBSA": "17660", "race": [{"name": "White", "value": 130844}, {"name": "Black", "value": 416}, {"name": "American Indian or Alaska", "value": 1781}, {"name": "Asian", "value": 961}, {"name": "Native Hawaiian", "value": 129}, {"name": "Other Race", "value": 1041}, {"name": "Two or More Races", "value": 3322}], "HU100.2000": "46607", "POP100.2000": "108685", "sex_by_age": [{"male": 4605.0, "name": "Under 5 years", "female": 4358.0}, {"male": 4839.0, "name": "5 to 9 years", "female": 4627.0}, {"male": 4978.0, "name": "10 to 14 years", "female": 4765.0}, {"male": 3147.0, "name": "15 to 17 years", "female": 2925.0}, {"male": 1981.0, "name": "18 and 19 years", "female": 1862.0}, {"male": 916.0, "name": "20 years", "female": 906.0}, {"male": 842.0, "name": "21 years", "female": 769.0}, {"male": 2363.0, "name": "22 to 24 years", "female": 2369.0}, {"male": 4189.0, "name": "25 to 29 years", "female": 4312.0}, {"male": 4094.0, "name": "30 to 34 years", "female": 4147.0}, {"male": 4234.0, "name": "35 to 39 years", "female": 4101.0}, {"male": 4411.0, "name": "40 to 44 years", "female": 4502.0}, {"male": 4701.0, "name": "45 to 49 years", "female": 5074.0}, {"male": 4851.0, "name": "50 to 54 years", "female": 5238.0}, {"male": 4586.0, "name": "55 to 59 years", "female": 4993.0}, {"male": 1731.0, "name": "60 to 61 years", "female": 1863.0}, {"male": 2498.0, "name": "62 to 64 years", "female": 2639.0}, {"male": 1334.0, "name": "65 and 66 years", "female": 1450.0}, {"male": 1864.0, "name": "67 to 69 years", "female": 1925.0}, {"male": 2440.0, "name": "70 to 74 years", "female": 2451.0}, {"male": 1688.0, "name": "75 to 79 years", "female": 1874.0}, {"male": 1157.0, "name": "80 to 84 years", "female": 1472.0}, {"male": 808.0, "name": "85 years and over", "female": 1615.0}], "age_by_sex": [{"name": "Male", "value": 37.700000000000003}, {"name": "Female", "value": 40.0}], "GEOID": "16055", "NECTA": ""}, "Lewis County": {"CNECTA": "", "COUNTY": "061", "HU100": "1880", "NAME": "Lewis County", "P001001.2000": "3747", "CSA": "999", "P001001": "3821", "POP100": "3821", "SUMLEV": "050", "STATE": "16", "CBSA": "99999", "race": [{"name": "White", "value": 3450}, {"name": "Black", "value": 14}, {"name": "American Indian or Alaska", "value": 180}, {"name": "Asian", "value": 17}, {"name": "Native Hawaiian", "value": 5}, {"name": "Other Race", "value": 63}, {"name": "Two or More Races", "value": 92}], "HU100.2000": "1795", "POP100.2000": "3747", "sex_by_age": [{"male": 114.0, "name": "Under 5 years", "female": 124.0}, {"male": 113.0, "name": "5 to 9 years", "female": 133.0}, {"male": 110.0, "name": "10 to 14 years", "female": 103.0}, {"male": 83.0, "name": "15 to 17 years", "female": 68.0}, {"male": 41.0, "name": "18 and 19 years", "female": 25.0}, {"male": 22.0, "name": "20 years", "female": 9.0}, {"male": 21.0, "name": "21 years", "female": 9.0}, {"male": 52.0, "name": "22 to 24 years", "female": 46.0}, {"male": 95.0, "name": "25 to 29 years", "female": 99.0}, {"male": 80.0, "name": "30 to 34 years", "female": 70.0}, {"male": 79.0, "name": "35 to 39 years", "female": 82.0}, {"male": 81.0, "name": "40 to 44 years", "female": 103.0}, {"male": 145.0, "name": "45 to 49 years", "female": 134.0}, {"male": 164.0, "name": "50 to 54 years", "female": 182.0}, {"male": 168.0, "name": "55 to 59 years", "female": 144.0}, {"male": 67.0, "name": "60 to 61 years", "female": 48.0}, {"male": 87.0, "name": "62 to 64 years", "female": 86.0}, {"male": 52.0, "name": "65 and 66 years", "female": 50.0}, {"male": 74.0, "name": "67 to 69 years", "female": 90.0}, {"male": 114.0, "name": "70 to 74 years", "female": 107.0}, {"male": 75.0, "name": "75 to 79 years", "female": 84.0}, {"male": 46.0, "name": "80 to 84 years", "female": 49.0}, {"male": 33.0, "name": "85 years and over", "female": 60.0}], "age_by_sex": [{"name": "Male", "value": 47.600000000000001}, {"name": "Female", "value": 48.299999999999997}], "GEOID": "16061", "NECTA": ""}, "Lincoln County": {"CNECTA": "", "COUNTY": "063", "HU100": "1976", "NAME": "Lincoln County", "P001001.2000": "4044", "CSA": "999", "P001001": "5208", "POP100": "5208", "SUMLEV": "050", "STATE": "16", "CBSA": "99999", "race": [{"name": "White", "value": 4171}, {"name": "Black", "value": 19}, {"name": "American Indian or Alaska", "value": 38}, {"name": "Asian", "value": 20}, {"name": "Native Hawaiian", "value": 3}, {"name": "Other Race", "value": 844}, {"name": "Two or More Races", "value": 113}], "HU100.2000": "1651", "POP100.2000": "4044", "sex_by_age": [{"male": 228.0, "name": "Under 5 years", "female": 222.0}, {"male": 246.0, "name": "5 to 9 years", "female": 259.0}, {"male": 240.0, "name": "10 to 14 years", "female": 206.0}, {"male": 143.0, "name": "15 to 17 years", "female": 155.0}, {"male": 71.0, "name": "18 and 19 years", "female": 60.0}, {"male": 29.0, "name": "20 years", "female": 26.0}, {"male": 27.0, "name": "21 years", "female": 33.0}, {"male": 97.0, "name": "22 to 24 years", "female": 81.0}, {"male": 166.0, "name": "25 to 29 years", "female": 168.0}, {"male": 226.0, "name": "30 to 34 years", "female": 146.0}, {"male": 166.0, "name": "35 to 39 years", "female": 155.0}, {"male": 143.0, "name": "40 to 44 years", "female": 137.0}, {"male": 165.0, "name": "45 to 49 years", "female": 167.0}, {"male": 161.0, "name": "50 to 54 years", "female": 134.0}, {"male": 174.0, "name": "55 to 59 years", "female": 156.0}, {"male": 54.0, "name": "60 to 61 years", "female": 49.0}, {"male": 80.0, "name": "62 to 64 years", "female": 65.0}, {"male": 41.0, "name": "65 and 66 years", "female": 39.0}, {"male": 46.0, "name": "67 to 69 years", "female": 49.0}, {"male": 60.0, "name": "70 to 74 years", "female": 69.0}, {"male": 54.0, "name": "75 to 79 years", "female": 53.0}, {"male": 49.0, "name": "80 to 84 years", "female": 43.0}, {"male": 25.0, "name": "85 years and over", "female": 45.0}], "age_by_sex": [{"name": "Male", "value": 32.399999999999999}, {"name": "Female", "value": 31.399999999999999}], "GEOID": "16063", "NECTA": ""}, "Shoshone County": {"CNECTA": "", "COUNTY": "079", "HU100": "7061", "NAME": "Shoshone County", "P001001.2000": "13771", "CSA": "999", "P001001": "12765", "POP100": "12765", "SUMLEV": "050", "STATE": "16", "CBSA": "99999", "race": [{"name": "White", "value": 12174}, {"name": "Black", "value": 26}, {"name": "American Indian or Alaska", "value": 183}, {"name": "Asian", "value": 47}, {"name": "Native Hawaiian", "value": 12}, {"name": "Other Race", "value": 68}, {"name": "Two or More Races", "value": 255}], "HU100.2000": "7057", "POP100.2000": "13771", "sex_by_age": [{"male": 313.0, "name": "Under 5 years", "female": 307.0}, {"male": 378.0, "name": "5 to 9 years", "female": 359.0}, {"male": 410.0, "name": "10 to 14 years", "female": 376.0}, {"male": 275.0, "name": "15 to 17 years", "female": 242.0}, {"male": 161.0, "name": "18 and 19 years", "female": 149.0}, {"male": 60.0, "name": "20 years", "female": 42.0}, {"male": 49.0, "name": "21 years", "female": 52.0}, {"male": 157.0, "name": "22 to 24 years", "female": 151.0}, {"male": 291.0, "name": "25 to 29 years", "female": 282.0}, {"male": 322.0, "name": "30 to 34 years", "female": 318.0}, {"male": 344.0, "name": "35 to 39 years", "female": 346.0}, {"male": 411.0, "name": "40 to 44 years", "female": 374.0}, {"male": 485.0, "name": "45 to 49 years", "female": 468.0}, {"male": 491.0, "name": "50 to 54 years", "female": 537.0}, {"male": 573.0, "name": "55 to 59 years", "female": 519.0}, {"male": 219.0, "name": "60 to 61 years", "female": 195.0}, {"male": 287.0, "name": "62 to 64 years", "female": 285.0}, {"male": 165.0, "name": "65 and 66 years", "female": 178.0}, {"male": 242.0, "name": "67 to 69 years", "female": 219.0}, {"male": 325.0, "name": "70 to 74 years", "female": 320.0}, {"male": 205.0, "name": "75 to 79 years", "female": 257.0}, {"male": 148.0, "name": "80 to 84 years", "female": 180.0}, {"male": 113.0, "name": "85 years and over", "female": 185.0}], "age_by_sex": [{"name": "Male", "value": 45.5}, {"name": "Female", "value": 46.799999999999997}], "GEOID": "16079", "NECTA": ""}, "Franklin County": {"CNECTA": "", "COUNTY": "041", "HU100": "4528", "NAME": "Franklin County", "P001001.2000": "11329", "CSA": "999", "P001001": "12786", "POP100": "12786", "SUMLEV": "050", "STATE": "16", "CBSA": "30860", "race": [{"name": "White", "value": 12064}, {"name": "Black", "value": 28}, {"name": "American Indian or Alaska", "value": 53}, {"name": "Asian", "value": 15}, {"name": "Native Hawaiian", "value": 7}, {"name": "Other Race", "value": 419}, {"name": "Two or More Races", "value": 200}], "HU100.2000": "3872", "POP100.2000": "11329", "sex_by_age": [{"male": 641.0, "name": "Under 5 years", "female": 578.0}, {"male": 696.0, "name": "5 to 9 years", "female": 596.0}, {"male": 667.0, "name": "10 to 14 years", "female": 622.0}, {"male": 336.0, "name": "15 to 17 years", "female": 362.0}, {"male": 186.0, "name": "18 and 19 years", "female": 136.0}, {"male": 69.0, "name": "20 years", "female": 71.0}, {"male": 70.0, "name": "21 years", "female": 57.0}, {"male": 183.0, "name": "22 to 24 years", "female": 172.0}, {"male": 344.0, "name": "25 to 29 years", "female": 351.0}, {"male": 439.0, "name": "30 to 34 years", "female": 432.0}, {"male": 378.0, "name": "35 to 39 years", "female": 374.0}, {"male": 348.0, "name": "40 to 44 years", "female": 343.0}, {"male": 346.0, "name": "45 to 49 years", "female": 382.0}, {"male": 404.0, "name": "50 to 54 years", "female": 371.0}, {"male": 356.0, "name": "55 to 59 years", "female": 305.0}, {"male": 106.0, "name": "60 to 61 years", "female": 116.0}, {"male": 153.0, "name": "62 to 64 years", "female": 153.0}, {"male": 84.0, "name": "65 and 66 years", "female": 95.0}, {"male": 136.0, "name": "67 to 69 years", "female": 158.0}, {"male": 204.0, "name": "70 to 74 years", "female": 189.0}, {"male": 137.0, "name": "75 to 79 years", "female": 149.0}, {"male": 104.0, "name": "80 to 84 years", "female": 139.0}, {"male": 99.0, "name": "85 years and over", "female": 149.0}], "age_by_sex": [{"name": "Male", "value": 30.600000000000001}, {"name": "Female", "value": 32.299999999999997}], "GEOID": "16041", "NECTA": ""}, "Cassia County": {"CNECTA": "", "COUNTY": "031", "HU100": "8372", "NAME": "Cassia County", "P001001.2000": "21416", "CSA": "999", "P001001": "22952", "POP100": "22952", "SUMLEV": "050", "STATE": "16", "CBSA": "15420", "race": [{"name": "White", "value": 18781}, {"name": "Black", "value": 64}, {"name": "American Indian or Alaska", "value": 178}, {"name": "Asian", "value": 108}, {"name": "Native Hawaiian", "value": 16}, {"name": "Other Race", "value": 3266}, {"name": "Two or More Races", "value": 539}], "HU100.2000": "7862", "POP100.2000": "21416", "sex_by_age": [{"male": 1101.0, "name": "Under 5 years", "female": 1043.0}, {"male": 1142.0, "name": "5 to 9 years", "female": 1064.0}, {"male": 1039.0, "name": "10 to 14 years", "female": 977.0}, {"male": 608.0, "name": "15 to 17 years", "female": 613.0}, {"male": 389.0, "name": "18 and 19 years", "female": 301.0}, {"male": 147.0, "name": "20 years", "female": 111.0}, {"male": 158.0, "name": "21 years", "female": 126.0}, {"male": 369.0, "name": "22 to 24 years", "female": 334.0}, {"male": 697.0, "name": "25 to 29 years", "female": 695.0}, {"male": 708.0, "name": "30 to 34 years", "female": 677.0}, {"male": 670.0, "name": "35 to 39 years", "female": 685.0}, {"male": 622.0, "name": "40 to 44 years", "female": 607.0}, {"male": 730.0, "name": "45 to 49 years", "female": 638.0}, {"male": 749.0, "name": "50 to 54 years", "female": 702.0}, {"male": 620.0, "name": "55 to 59 years", "female": 616.0}, {"male": 218.0, "name": "60 to 61 years", "female": 216.0}, {"male": 320.0, "name": "62 to 64 years", "female": 306.0}, {"male": 180.0, "name": "65 and 66 years", "female": 185.0}, {"male": 261.0, "name": "67 to 69 years", "female": 258.0}, {"male": 308.0, "name": "70 to 74 years", "female": 366.0}, {"male": 248.0, "name": "75 to 79 years", "female": 302.0}, {"male": 174.0, "name": "80 to 84 years", "female": 239.0}, {"male": 154.0, "name": "85 years and over", "female": 279.0}], "age_by_sex": [{"name": "Male", "value": 31.0}, {"name": "Female", "value": 33.100000000000001}], "GEOID": "16031", "NECTA": ""}, "Ada County": {"CNECTA": "", "COUNTY": "001", "HU100": "159471", "NAME": "Ada County", "P001001.2000": "300904", "CSA": "999", "P001001": "392365", "POP100": "392365", "SUMLEV": "050", "STATE": "16", "CBSA": "14260", "race": [{"name": "White", "value": 354347}, {"name": "Black", "value": 4441}, {"name": "American Indian or Alaska", "value": 2610}, {"name": "Asian", "value": 9407}, {"name": "Native Hawaiian", "value": 861}, {"name": "Other Race", "value": 9529}, {"name": "Two or More Races", "value": 11170}], "HU100.2000": "118516", "POP100.2000": "300904", "sex_by_age": [{"male": 14450.0, "name": "Under 5 years", "female": 13907.0}, {"male": 15288.0, "name": "5 to 9 years", "female": 14776.0}, {"male": 14711.0, "name": "10 to 14 years", "female": 14135.0}, {"male": 8597.0, "name": "15 to 17 years", "female": 7842.0}, {"male": 5113.0, "name": "18 and 19 years", "female": 4951.0}, {"male": 2465.0, "name": "20 years", "female": 2447.0}, {"male": 2470.0, "name": "21 years", "female": 2488.0}, {"male": 8039.0, "name": "22 to 24 years", "female": 7803.0}, {"male": 15144.0, "name": "25 to 29 years", "female": 14078.0}, {"male": 14523.0, "name": "30 to 34 years", "female": 13868.0}, {"male": 14563.0, "name": "35 to 39 years", "female": 13679.0}, {"male": 14073.0, "name": "40 to 44 years", "female": 13510.0}, {"male": 14251.0, "name": "45 to 49 years", "female": 13944.0}, {"male": 13319.0, "name": "50 to 54 years", "female": 13567.0}, {"male": 11621.0, "name": "55 to 59 years", "female": 11995.0}, {"male": 4086.0, "name": "60 to 61 years", "female": 4228.0}, {"male": 5702.0, "name": "62 to 64 years", "female": 5684.0}, {"male": 2889.0, "name": "65 and 66 years", "female": 3047.0}, {"male": 3602.0, "name": "67 to 69 years", "female": 3981.0}, {"male": 4327.0, "name": "70 to 74 years", "female": 4943.0}, {"male": 2972.0, "name": "75 to 79 years", "female": 3886.0}, {"male": 2299.0, "name": "80 to 84 years", "female": 3257.0}, {"male": 1997.0, "name": "85 years and over", "female": 3848.0}], "age_by_sex": [{"name": "Male", "value": 34.100000000000001}, {"name": "Female", "value": 35.600000000000001}], "GEOID": "16001", "NECTA": ""}, "Custer County": {"CNECTA": "", "COUNTY": "037", "HU100": "3103", "NAME": "Custer County", "P001001.2000": "4342", "CSA": "999", "P001001": "4368", "POP100": "4368", "SUMLEV": "050", "STATE": "16", "CBSA": "99999", "race": [{"name": "White", "value": 4209}, {"name": "Black", "value": 8}, {"name": "American Indian or Alaska", "value": 27}, {"name": "Asian", "value": 10}, {"name": "Native Hawaiian", "value": 4}, {"name": "Other Race", "value": 66}, {"name": "Two or More Races", "value": 44}], "HU100.2000": "2983", "POP100.2000": "4342", "sex_by_age": [{"male": 117.0, "name": "Under 5 years", "female": 102.0}, {"male": 109.0, "name": "5 to 9 years", "female": 93.0}, {"male": 144.0, "name": "10 to 14 years", "female": 124.0}, {"male": 86.0, "name": "15 to 17 years", "female": 83.0}, {"male": 39.0, "name": "18 and 19 years", "female": 33.0}, {"male": 15.0, "name": "20 years", "female": 7.0}, {"male": 19.0, "name": "21 years", "female": 17.0}, {"male": 56.0, "name": "22 to 24 years", "female": 38.0}, {"male": 109.0, "name": "25 to 29 years", "female": 92.0}, {"male": 122.0, "name": "30 to 34 years", "female": 105.0}, {"male": 138.0, "name": "35 to 39 years", "female": 114.0}, {"male": 117.0, "name": "40 to 44 years", "female": 125.0}, {"male": 173.0, "name": "45 to 49 years", "female": 170.0}, {"male": 212.0, "name": "50 to 54 years", "female": 186.0}, {"male": 237.0, "name": "55 to 59 years", "female": 195.0}, {"male": 88.0, "name": "60 to 61 years", "female": 81.0}, {"male": 116.0, "name": "62 to 64 years", "female": 88.0}, {"male": 66.0, "name": "65 and 66 years", "female": 63.0}, {"male": 109.0, "name": "67 to 69 years", "female": 75.0}, {"male": 98.0, "name": "70 to 74 years", "female": 97.0}, {"male": 68.0, "name": "75 to 79 years", "female": 69.0}, {"male": 43.0, "name": "80 to 84 years", "female": 49.0}, {"male": 37.0, "name": "85 years and over", "female": 44.0}], "age_by_sex": [{"name": "Male", "value": 47.700000000000003}, {"name": "Female", "value": 48.200000000000003}], "GEOID": "16037", "NECTA": ""}, "Benewah County": {"CNECTA": "", "COUNTY": "009", "HU100": "4629", "NAME": "Benewah County", "P001001.2000": "9171", "CSA": "999", "P001001": "9285", "POP100": "9285", "SUMLEV": "050", "STATE": "16", "CBSA": "99999", "race": [{"name": "White", "value": 8039}, {"name": "Black", "value": 28}, {"name": "American Indian or Alaska", "value": 809}, {"name": "Asian", "value": 27}, {"name": "Native Hawaiian", "value": 6}, {"name": "Other Race", "value": 44}, {"name": "Two or More Races", "value": 332}], "HU100.2000": "4238", "POP100.2000": "9171", "sex_by_age": [{"male": 313.0, "name": "Under 5 years", "female": 289.0}, {"male": 293.0, "name": "5 to 9 years", "female": 283.0}, {"male": 337.0, "name": "10 to 14 years", "female": 279.0}, {"male": 215.0, "name": "15 to 17 years", "female": 192.0}, {"male": 120.0, "name": "18 and 19 years", "female": 89.0}, {"male": 46.0, "name": "20 years", "female": 37.0}, {"male": 39.0, "name": "21 years", "female": 49.0}, {"male": 127.0, "name": "22 to 24 years", "female": 110.0}, {"male": 198.0, "name": "25 to 29 years", "female": 199.0}, {"male": 207.0, "name": "30 to 34 years", "female": 223.0}, {"male": 215.0, "name": "35 to 39 years", "female": 253.0}, {"male": 287.0, "name": "40 to 44 years", "female": 274.0}, {"male": 326.0, "name": "45 to 49 years", "female": 352.0}, {"male": 398.0, "name": "50 to 54 years", "female": 362.0}, {"male": 385.0, "name": "55 to 59 years", "female": 383.0}, {"male": 142.0, "name": "60 to 61 years", "female": 134.0}, {"male": 215.0, "name": "62 to 64 years", "female": 215.0}, {"male": 134.0, "name": "65 and 66 years", "female": 124.0}, {"male": 178.0, "name": "67 to 69 years", "female": 162.0}, {"male": 239.0, "name": "70 to 74 years", "female": 194.0}, {"male": 168.0, "name": "75 to 79 years", "female": 152.0}, {"male": 90.0, "name": "80 to 84 years", "female": 95.0}, {"male": 60.0, "name": "85 years and over", "female": 103.0}], "age_by_sex": [{"name": "Male", "value": 44.5}, {"name": "Female", "value": 45.0}], "GEOID": "16009", "NECTA": ""}, "Madison County": {"CNECTA": "", "COUNTY": "065", "HU100": "11280", "NAME": "Madison County", "P001001.2000": "27467", "CSA": "999", "P001001": "37536", "POP100": "37536", "SUMLEV": "050", "STATE": "16", "CBSA": "39940", "race": [{"name": "White", "value": 35235}, {"name": "Black", "value": 185}, {"name": "American Indian or Alaska", "value": 99}, {"name": "Asian", "value": 352}, {"name": "Native Hawaiian", "value": 55}, {"name": "Other Race", "value": 1059}, {"name": "Two or More Races", "value": 551}], "HU100.2000": "7630", "POP100.2000": "27467", "sex_by_age": [{"male": 1904.0, "name": "Under 5 years", "female": 1690.0}, {"male": 1229.0, "name": "5 to 9 years", "female": 1246.0}, {"male": 1218.0, "name": "10 to 14 years", "female": 1122.0}, {"male": 687.0, "name": "15 to 17 years", "female": 652.0}, {"male": 966.0, "name": "18 and 19 years", "female": 2531.0}, {"male": 265.0, "name": "20 years", "female": 1667.0}, {"male": 857.0, "name": "21 years", "female": 1370.0}, {"male": 3630.0, "name": "22 to 24 years", "female": 2373.0}, {"male": 2349.0, "name": "25 to 29 years", "female": 1389.0}, {"male": 844.0, "name": "30 to 34 years", "female": 755.0}, {"male": 634.0, "name": "35 to 39 years", "female": 672.0}, {"male": 536.0, "name": "40 to 44 years", "female": 568.0}, {"male": 616.0, "name": "45 to 49 years", "female": 615.0}, {"male": 577.0, "name": "50 to 54 years", "female": 652.0}, {"male": 537.0, "name": "55 to 59 years", "female": 491.0}, {"male": 169.0, "name": "60 to 61 years", "female": 172.0}, {"male": 220.0, "name": "62 to 64 years", "female": 241.0}, {"male": 136.0, "name": "65 and 66 years", "female": 136.0}, {"male": 174.0, "name": "67 to 69 years", "female": 190.0}, {"male": 237.0, "name": "70 to 74 years", "female": 270.0}, {"male": 172.0, "name": "75 to 79 years", "female": 198.0}, {"male": 124.0, "name": "80 to 84 years", "female": 174.0}, {"male": 105.0, "name": "85 years and over", "female": 176.0}], "age_by_sex": [{"name": "Male", "value": 23.600000000000001}, {"name": "Female", "value": 21.600000000000001}], "GEOID": "16065", "NECTA": ""}, "Power County": {"CNECTA": "", "COUNTY": "077", "HU100": "2944", "NAME": "Power County", "P001001.2000": "7538", "CSA": "999", "P001001": "7817", "POP100": "7817", "SUMLEV": "050", "STATE": "16", "CBSA": "38540", "race": [{"name": "White", "value": 5867}, {"name": "Black", "value": 22}, {"name": "American Indian or Alaska", "value": 179}, {"name": "Asian", "value": 32}, {"name": "Native Hawaiian", "value": 7}, {"name": "Other Race", "value": 1523}, {"name": "Two or More Races", "value": 187}], "HU100.2000": "2844", "POP100.2000": "7538", "sex_by_age": [{"male": 368.0, "name": "Under 5 years", "female": 350.0}, {"male": 349.0, "name": "5 to 9 years", "female": 315.0}, {"male": 337.0, "name": "10 to 14 years", "female": 308.0}, {"male": 195.0, "name": "15 to 17 years", "female": 192.0}, {"male": 144.0, "name": "18 and 19 years", "female": 97.0}, {"male": 50.0, "name": "20 years", "female": 49.0}, {"male": 59.0, "name": "21 years", "female": 50.0}, {"male": 151.0, "name": "22 to 24 years", "female": 128.0}, {"male": 226.0, "name": "25 to 29 years", "female": 228.0}, {"male": 256.0, "name": "30 to 34 years", "female": 232.0}, {"male": 216.0, "name": "35 to 39 years", "female": 203.0}, {"male": 226.0, "name": "40 to 44 years", "female": 198.0}, {"male": 254.0, "name": "45 to 49 years", "female": 255.0}, {"male": 259.0, "name": "50 to 54 years", "female": 255.0}, {"male": 284.0, "name": "55 to 59 years", "female": 237.0}, {"male": 86.0, "name": "60 to 61 years", "female": 78.0}, {"male": 105.0, "name": "62 to 64 years", "female": 130.0}, {"male": 75.0, "name": "65 and 66 years", "female": 69.0}, {"male": 83.0, "name": "67 to 69 years", "female": 85.0}, {"male": 131.0, "name": "70 to 74 years", "female": 114.0}, {"male": 97.0, "name": "75 to 79 years", "female": 89.0}, {"male": 43.0, "name": "80 to 84 years", "female": 60.0}, {"male": 31.0, "name": "85 years and over", "female": 70.0}], "age_by_sex": [{"name": "Male", "value": 32.700000000000003}, {"name": "Female", "value": 33.799999999999997}], "GEOID": "16077", "NECTA": ""}, "Washington County": {"CNECTA": "", "COUNTY": "087", "HU100": "4529", "NAME": "Washington County", "P001001.2000": "9977", "CSA": "999", "P001001": "10198", "POP100": "10198", "SUMLEV": "050", "STATE": "16", "CBSA": "99999", "race": [{"name": "White", "value": 8835}, {"name": "Black", "value": 18}, {"name": "American Indian or Alaska", "value": 101}, {"name": "Asian", "value": 91}, {"name": "Native Hawaiian", "value": 3}, {"name": "Other Race", "value": 930}, {"name": "Two or More Races", "value": 220}], "HU100.2000": "4138", "POP100.2000": "9977", "sex_by_age": [{"male": 277.0, "name": "Under 5 years", "female": 298.0}, {"male": 345.0, "name": "5 to 9 years", "female": 348.0}, {"male": 394.0, "name": "10 to 14 years", "female": 382.0}, {"male": 253.0, "name": "15 to 17 years", "female": 221.0}, {"male": 138.0, "name": "18 and 19 years", "female": 116.0}, {"male": 36.0, "name": "20 years", "female": 35.0}, {"male": 48.0, "name": "21 years", "female": 44.0}, {"male": 125.0, "name": "22 to 24 years", "female": 117.0}, {"male": 221.0, "name": "25 to 29 years", "female": 227.0}, {"male": 233.0, "name": "30 to 34 years", "female": 257.0}, {"male": 297.0, "name": "35 to 39 years", "female": 285.0}, {"male": 285.0, "name": "40 to 44 years", "female": 263.0}, {"male": 318.0, "name": "45 to 49 years", "female": 341.0}, {"male": 341.0, "name": "50 to 54 years", "female": 398.0}, {"male": 351.0, "name": "55 to 59 years", "female": 391.0}, {"male": 166.0, "name": "60 to 61 years", "female": 148.0}, {"male": 208.0, "name": "62 to 64 years", "female": 200.0}, {"male": 136.0, "name": "65 and 66 years", "female": 132.0}, {"male": 181.0, "name": "67 to 69 years", "female": 175.0}, {"male": 268.0, "name": "70 to 74 years", "female": 252.0}, {"male": 167.0, "name": "75 to 79 years", "female": 204.0}, {"male": 134.0, "name": "80 to 84 years", "female": 152.0}, {"male": 95.0, "name": "85 years and over", "female": 195.0}], "age_by_sex": [{"name": "Male", "value": 42.600000000000001}, {"name": "Female", "value": 44.899999999999999}], "GEOID": "16087", "NECTA": ""}, "Gooding County": {"CNECTA": "", "COUNTY": "047", "HU100": "6093", "NAME": "Gooding County", "P001001.2000": "14155", "CSA": "999", "P001001": "15464", "POP100": "15464", "SUMLEV": "050", "STATE": "16", "CBSA": "99999", "race": [{"name": "White", "value": 12481}, {"name": "Black", "value": 37}, {"name": "American Indian or Alaska", "value": 127}, {"name": "Asian", "value": 72}, {"name": "Native Hawaiian", "value": 11}, {"name": "Other Race", "value": 2368}, {"name": "Two or More Races", "value": 368}], "HU100.2000": "5505", "POP100.2000": "14155", "sex_by_age": [{"male": 667.0, "name": "Under 5 years", "female": 621.0}, {"male": 682.0, "name": "5 to 9 years", "female": 629.0}, {"male": 642.0, "name": "10 to 14 years", "female": 585.0}, {"male": 401.0, "name": "15 to 17 years", "female": 336.0}, {"male": 237.0, "name": "18 and 19 years", "female": 207.0}, {"male": 105.0, "name": "20 years", "female": 83.0}, {"male": 91.0, "name": "21 years", "female": 88.0}, {"male": 307.0, "name": "22 to 24 years", "female": 232.0}, {"male": 514.0, "name": "25 to 29 years", "female": 429.0}, {"male": 537.0, "name": "30 to 34 years", "female": 458.0}, {"male": 448.0, "name": "35 to 39 years", "female": 425.0}, {"male": 448.0, "name": "40 to 44 years", "female": 438.0}, {"male": 523.0, "name": "45 to 49 years", "female": 444.0}, {"male": 483.0, "name": "50 to 54 years", "female": 482.0}, {"male": 420.0, "name": "55 to 59 years", "female": 410.0}, {"male": 161.0, "name": "60 to 61 years", "female": 133.0}, {"male": 230.0, "name": "62 to 64 years", "female": 240.0}, {"male": 139.0, "name": "65 and 66 years", "female": 161.0}, {"male": 216.0, "name": "67 to 69 years", "female": 202.0}, {"male": 260.0, "name": "70 to 74 years", "female": 260.0}, {"male": 221.0, "name": "75 to 79 years", "female": 235.0}, {"male": 163.0, "name": "80 to 84 years", "female": 190.0}, {"male": 104.0, "name": "85 years and over", "female": 177.0}], "age_by_sex": [{"name": "Male", "value": 33.299999999999997}, {"name": "Female", "value": 35.799999999999997}], "GEOID": "16047", "NECTA": ""}, "Canyon County": {"CNECTA": "", "COUNTY": "027", "HU100": "69409", "NAME": "Canyon County", "P001001.2000": "131441", "CSA": "999", "P001001": "188923", "POP100": "188923", "SUMLEV": "050", "STATE": "16", "CBSA": "14260", "race": [{"name": "White", "value": 156750}, {"name": "Black", "value": 1077}, {"name": "American Indian or Alaska", "value": 2028}, {"name": "Asian", "value": 1519}, {"name": "Native Hawaiian", "value": 402}, {"name": "Other Race", "value": 21469}, {"name": "Two or More Races", "value": 5678}], "HU100.2000": "47965", "POP100.2000": "131441", "sex_by_age": [{"male": 8768.0, "name": "Under 5 years", "female": 8375.0}, {"male": 8740.0, "name": "5 to 9 years", "female": 8401.0}, {"male": 8289.0, "name": "10 to 14 years", "female": 7878.0}, {"male": 4598.0, "name": "15 to 17 years", "female": 4443.0}, {"male": 2952.0, "name": "18 and 19 years", "female": 2791.0}, {"male": 1279.0, "name": "20 years", "female": 1316.0}, {"male": 1221.0, "name": "21 years", "female": 1246.0}, {"male": 3408.0, "name": "22 to 24 years", "female": 3487.0}, {"male": 6275.0, "name": "25 to 29 years", "female": 6543.0}, {"male": 6677.0, "name": "30 to 34 years", "female": 6751.0}, {"male": 6292.0, "name": "35 to 39 years", "female": 6357.0}, {"male": 6006.0, "name": "40 to 44 years", "female": 5684.0}, {"male": 5691.0, "name": "45 to 49 years", "female": 5902.0}, {"male": 5315.0, "name": "50 to 54 years", "female": 5478.0}, {"male": 4775.0, "name": "55 to 59 years", "female": 5004.0}, {"male": 1689.0, "name": "60 to 61 years", "female": 1878.0}, {"male": 2406.0, "name": "62 to 64 years", "female": 2612.0}, {"male": 1433.0, "name": "65 and 66 years", "female": 1540.0}, {"male": 1862.0, "name": "67 to 69 years", "female": 2015.0}, {"male": 2249.0, "name": "70 to 74 years", "female": 2476.0}, {"male": 1566.0, "name": "75 to 79 years", "female": 1906.0}, {"male": 1062.0, "name": "80 to 84 years", "female": 1535.0}, {"male": 953.0, "name": "85 years and over", "female": 1799.0}], "age_by_sex": [{"name": "Male", "value": 30.899999999999999}, {"name": "Female", "value": 32.299999999999997}], "GEOID": "16027", "NECTA": ""}, "Bear Lake County": {"CNECTA": "", "COUNTY": "007", "HU100": "3914", "NAME": "Bear Lake County", "P001001.2000": "6411", "CSA": "999", "P001001": "5986", "POP100": "5986", "SUMLEV": "050", "STATE": "16", "CBSA": "99999", "race": [{"name": "White", "value": 5767}, {"name": "Black", "value": 6}, {"name": "American Indian or Alaska", "value": 29}, {"name": "Asian", "value": 22}, {"name": "Native Hawaiian", "value": 1}, {"name": "Other Race", "value": 97}, {"name": "Two or More Races", "value": 64}], "HU100.2000": "3268", "POP100.2000": "6411", "sex_by_age": [{"male": 203.0, "name": "Under 5 years", "female": 207.0}, {"male": 231.0, "name": "5 to 9 years", "female": 230.0}, {"male": 242.0, "name": "10 to 14 years", "female": 253.0}, {"male": 135.0, "name": "15 to 17 years", "female": 135.0}, {"male": 67.0, "name": "18 and 19 years", "female": 64.0}, {"male": 25.0, "name": "20 years", "female": 22.0}, {"male": 23.0, "name": "21 years", "female": 22.0}, {"male": 66.0, "name": "22 to 24 years", "female": 88.0}, {"male": 164.0, "name": "25 to 29 years", "female": 118.0}, {"male": 176.0, "name": "30 to 34 years", "female": 178.0}, {"male": 155.0, "name": "35 to 39 years", "female": 160.0}, {"male": 138.0, "name": "40 to 44 years", "female": 148.0}, {"male": 186.0, "name": "45 to 49 years", "female": 197.0}, {"male": 225.0, "name": "50 to 54 years", "female": 212.0}, {"male": 221.0, "name": "55 to 59 years", "female": 203.0}, {"male": 73.0, "name": "60 to 61 years", "female": 80.0}, {"male": 117.0, "name": "62 to 64 years", "female": 118.0}, {"male": 91.0, "name": "65 and 66 years", "female": 72.0}, {"male": 88.0, "name": "67 to 69 years", "female": 98.0}, {"male": 120.0, "name": "70 to 74 years", "female": 134.0}, {"male": 96.0, "name": "75 to 79 years", "female": 108.0}, {"male": 74.0, "name": "80 to 84 years", "female": 81.0}, {"male": 56.0, "name": "85 years and over", "female": 86.0}], "age_by_sex": [{"name": "Male", "value": 40.0}, {"name": "Female", "value": 41.0}], "GEOID": "16007", "NECTA": ""}, "Idaho County": {"CNECTA": "", "COUNTY": "049", "HU100": "8744", "NAME": "Idaho County", "P001001.2000": "15511", "CSA": "999", "P001001": "16267", "POP100": "16267", "SUMLEV": "050", "STATE": "16", "CBSA": "99999", "race": [{"name": "White", "value": 15259}, {"name": "Black", "value": 42}, {"name": "American Indian or Alaska", "value": 480}, {"name": "Asian", "value": 68}, {"name": "Native Hawaiian", "value": 7}, {"name": "Other Race", "value": 103}, {"name": "Two or More Races", "value": 308}], "HU100.2000": "7537", "POP100.2000": "15511", "sex_by_age": [{"male": 455.0, "name": "Under 5 years", "female": 412.0}, {"male": 454.0, "name": "5 to 9 years", "female": 416.0}, {"male": 526.0, "name": "10 to 14 years", "female": 478.0}, {"male": 339.0, "name": "15 to 17 years", "female": 325.0}, {"male": 192.0, "name": "18 and 19 years", "female": 146.0}, {"male": 78.0, "name": "20 years", "female": 40.0}, {"male": 86.0, "name": "21 years", "female": 45.0}, {"male": 217.0, "name": "22 to 24 years", "female": 181.0}, {"male": 436.0, "name": "25 to 29 years", "female": 302.0}, {"male": 375.0, "name": "30 to 34 years", "female": 308.0}, {"male": 407.0, "name": "35 to 39 years", "female": 376.0}, {"male": 434.0, "name": "40 to 44 years", "female": 454.0}, {"male": 566.0, "name": "45 to 49 years", "female": 568.0}, {"male": 673.0, "name": "50 to 54 years", "female": 693.0}, {"male": 782.0, "name": "55 to 59 years", "female": 714.0}, {"male": 279.0, "name": "60 to 61 years", "female": 270.0}, {"male": 426.0, "name": "62 to 64 years", "female": 370.0}, {"male": 254.0, "name": "65 and 66 years", "female": 247.0}, {"male": 357.0, "name": "67 to 69 years", "female": 330.0}, {"male": 492.0, "name": "70 to 74 years", "female": 388.0}, {"male": 300.0, "name": "75 to 79 years", "female": 276.0}, {"male": 212.0, "name": "80 to 84 years", "female": 236.0}, {"male": 152.0, "name": "85 years and over", "female": 200.0}], "age_by_sex": [{"name": "Male", "value": 47.200000000000003}, {"name": "Female", "value": 48.700000000000003}], "GEOID": "16049", "NECTA": ""}, "Clark County": {"CNECTA": "", "COUNTY": "033", "HU100": "531", "NAME": "Clark County", "P001001.2000": "1022", "CSA": "999", "P001001": "982", "POP100": "982", "SUMLEV": "050", "STATE": "16", "CBSA": "99999", "race": [{"name": "White", "value": 711}, {"name": "Black", "value": 7}, {"name": "American Indian or Alaska", "value": 10}, {"name": "Asian", "value": 5}, {"name": "Native Hawaiian", "value": 0}, {"name": "Other Race", "value": 234}, {"name": "Two or More Races", "value": 15}], "HU100.2000": "521", "POP100.2000": "1022", "sex_by_age": [{"male": 48.0, "name": "Under 5 years", "female": 34.0}, {"male": 54.0, "name": "5 to 9 years", "female": 39.0}, {"male": 42.0, "name": "10 to 14 years", "female": 37.0}, {"male": 31.0, "name": "15 to 17 years", "female": 23.0}, {"male": 13.0, "name": "18 and 19 years", "female": 5.0}, {"male": 5.0, "name": "20 years", "female": 2.0}, {"male": 12.0, "name": "21 years", "female": 6.0}, {"male": 26.0, "name": "22 to 24 years", "female": 14.0}, {"male": 41.0, "name": "25 to 29 years", "female": 27.0}, {"male": 25.0, "name": "30 to 34 years", "female": 30.0}, {"male": 30.0, "name": "35 to 39 years", "female": 26.0}, {"male": 22.0, "name": "40 to 44 years", "female": 34.0}, {"male": 34.0, "name": "45 to 49 years", "female": 33.0}, {"male": 44.0, "name": "50 to 54 years", "female": 20.0}, {"male": 24.0, "name": "55 to 59 years", "female": 24.0}, {"male": 13.0, "name": "60 to 61 years", "female": 9.0}, {"male": 14.0, "name": "62 to 64 years", "female": 12.0}, {"male": 5.0, "name": "65 and 66 years", "female": 11.0}, {"male": 13.0, "name": "67 to 69 years", "female": 13.0}, {"male": 22.0, "name": "70 to 74 years", "female": 17.0}, {"male": 14.0, "name": "75 to 79 years", "female": 14.0}, {"male": 6.0, "name": "80 to 84 years", "female": 3.0}, {"male": 5.0, "name": "85 years and over", "female": 6.0}], "age_by_sex": [{"name": "Male", "value": 29.899999999999999}, {"name": "Female", "value": 35.299999999999997}], "GEOID": "16033", "NECTA": ""}, "Elmore County": {"CNECTA": "", "COUNTY": "039", "HU100": "12162", "NAME": "Elmore County", "P001001.2000": "29130", "CSA": "999", "P001001": "27038", "POP100": "27038", "SUMLEV": "050", "STATE": "16", "CBSA": "34300", "race": [{"name": "White", "value": 22213}, {"name": "Black", "value": 733}, {"name": "American Indian or Alaska", "value": 270}, {"name": "Asian", "value": 768}, {"name": "Native Hawaiian", "value": 105}, {"name": "Other Race", "value": 1830}, {"name": "Two or More Races", "value": 1119}], "HU100.2000": "10527", "POP100.2000": "29130", "sex_by_age": [{"male": 1344.0, "name": "Under 5 years", "female": 1164.0}, {"male": 1098.0, "name": "5 to 9 years", "female": 993.0}, {"male": 940.0, "name": "10 to 14 years", "female": 948.0}, {"male": 619.0, "name": "15 to 17 years", "female": 569.0}, {"male": 370.0, "name": "18 and 19 years", "female": 351.0}, {"male": 308.0, "name": "20 years", "female": 215.0}, {"male": 311.0, "name": "21 years", "female": 235.0}, {"male": 939.0, "name": "22 to 24 years", "female": 721.0}, {"male": 1320.0, "name": "25 to 29 years", "female": 1081.0}, {"male": 943.0, "name": "30 to 34 years", "female": 894.0}, {"male": 846.0, "name": "35 to 39 years", "female": 742.0}, {"male": 774.0, "name": "40 to 44 years", "female": 797.0}, {"male": 881.0, "name": "45 to 49 years", "female": 889.0}, {"male": 792.0, "name": "50 to 54 years", "female": 803.0}, {"male": 688.0, "name": "55 to 59 years", "female": 686.0}, {"male": 217.0, "name": "60 to 61 years", "female": 191.0}, {"male": 343.0, "name": "62 to 64 years", "female": 310.0}, {"male": 159.0, "name": "65 and 66 years", "female": 207.0}, {"male": 251.0, "name": "67 to 69 years", "female": 265.0}, {"male": 334.0, "name": "70 to 74 years", "female": 367.0}, {"male": 268.0, "name": "75 to 79 years", "female": 266.0}, {"male": 127.0, "name": "80 to 84 years", "female": 172.0}, {"male": 99.0, "name": "85 years and over", "female": 201.0}], "age_by_sex": [{"name": "Male", "value": 28.899999999999999}, {"name": "Female", "value": 31.300000000000001}], "GEOID": "16039", "NECTA": ""}, "Bingham County": {"CNECTA": "", "COUNTY": "011", "HU100": "16141", "NAME": "Bingham County", "P001001.2000": "41735", "CSA": "292", "P001001": "45607", "POP100": "45607", "SUMLEV": "050", "STATE": "16", "CBSA": "13940", "race": [{"name": "White", "value": 36752}, {"name": "Black", "value": 105}, {"name": "American Indian or Alaska", "value": 2970}, {"name": "Asian", "value": 285}, {"name": "Native Hawaiian", "value": 36}, {"name": "Other Race", "value": 4480}, {"name": "Two or More Races", "value": 979}], "HU100.2000": "14303", "POP100.2000": "41735", "sex_by_age": [{"male": 2263.0, "name": "Under 5 years", "female": 2140.0}, {"male": 2190.0, "name": "5 to 9 years", "female": 2060.0}, {"male": 2104.0, "name": "10 to 14 years", "female": 1894.0}, {"male": 1199.0, "name": "15 to 17 years", "female": 1198.0}, {"male": 655.0, "name": "18 and 19 years", "female": 583.0}, {"male": 257.0, "name": "20 years", "female": 257.0}, {"male": 284.0, "name": "21 years", "female": 230.0}, {"male": 783.0, "name": "22 to 24 years", "female": 778.0}, {"male": 1403.0, "name": "25 to 29 years", "female": 1460.0}, {"male": 1469.0, "name": "30 to 34 years", "female": 1461.0}, {"male": 1307.0, "name": "35 to 39 years", "female": 1343.0}, {"male": 1213.0, "name": "40 to 44 years", "female": 1268.0}, {"male": 1429.0, "name": "45 to 49 years", "female": 1402.0}, {"male": 1475.0, "name": "50 to 54 years", "female": 1493.0}, {"male": 1345.0, "name": "55 to 59 years", "female": 1350.0}, {"male": 451.0, "name": "60 to 61 years", "female": 441.0}, {"male": 622.0, "name": "62 to 64 years", "female": 586.0}, {"male": 328.0, "name": "65 and 66 years", "female": 377.0}, {"male": 473.0, "name": "67 to 69 years", "female": 451.0}, {"male": 621.0, "name": "70 to 74 years", "female": 640.0}, {"male": 453.0, "name": "75 to 79 years", "female": 545.0}, {"male": 333.0, "name": "80 to 84 years", "female": 390.0}, {"male": 228.0, "name": "85 years and over", "female": 375.0}], "age_by_sex": [{"name": "Male", "value": 31.0}, {"name": "Female", "value": 32.600000000000001}], "GEOID": "16011", "NECTA": ""}, "Teton County": {"CNECTA": "", "COUNTY": "081", "HU100": "5478", "NAME": "Teton County", "P001001.2000": "5999", "CSA": "999", "P001001": "10170", "POP100": "10170", "SUMLEV": "050", "STATE": "16", "CBSA": "27220", "race": [{"name": "White", "value": 8709}, {"name": "Black", "value": 25}, {"name": "American Indian or Alaska", "value": 35}, {"name": "Asian", "value": 48}, {"name": "Native Hawaiian", "value": 12}, {"name": "Other Race", "value": 1193}, {"name": "Two or More Races", "value": 148}], "HU100.2000": "2632", "POP100.2000": "5999", "sex_by_age": [{"male": 469.0, "name": "Under 5 years", "female": 514.0}, {"male": 469.0, "name": "5 to 9 years", "female": 397.0}, {"male": 384.0, "name": "10 to 14 years", "female": 376.0}, {"male": 224.0, "name": "15 to 17 years", "female": 190.0}, {"male": 98.0, "name": "18 and 19 years", "female": 86.0}, {"male": 66.0, "name": "20 years", "female": 42.0}, {"male": 39.0, "name": "21 years", "female": 27.0}, {"male": 169.0, "name": "22 to 24 years", "female": 141.0}, {"male": 368.0, "name": "25 to 29 years", "female": 407.0}, {"male": 507.0, "name": "30 to 34 years", "female": 459.0}, {"male": 517.0, "name": "35 to 39 years", "female": 425.0}, {"male": 431.0, "name": "40 to 44 years", "female": 386.0}, {"male": 384.0, "name": "45 to 49 years", "female": 319.0}, {"male": 331.0, "name": "50 to 54 years", "female": 296.0}, {"male": 302.0, "name": "55 to 59 years", "female": 255.0}, {"male": 96.0, "name": "60 to 61 years", "female": 97.0}, {"male": 125.0, "name": "62 to 64 years", "female": 110.0}, {"male": 62.0, "name": "65 and 66 years", "female": 37.0}, {"male": 73.0, "name": "67 to 69 years", "female": 66.0}, {"male": 85.0, "name": "70 to 74 years", "female": 69.0}, {"male": 64.0, "name": "75 to 79 years", "female": 60.0}, {"male": 35.0, "name": "80 to 84 years", "female": 50.0}, {"male": 23.0, "name": "85 years and over", "female": 40.0}], "age_by_sex": [{"name": "Male", "value": 33.700000000000003}, {"name": "Female", "value": 32.700000000000003}], "GEOID": "16081", "NECTA": ""}, "Boise County": {"CNECTA": "", "COUNTY": "015", "HU100": "5292", "NAME": "Boise County", "P001001.2000": "6670", "CSA": "999", "P001001": "7028", "POP100": "7028", "SUMLEV": "050", "STATE": "16", "CBSA": "14260", "race": [{"name": "White", "value": 6703}, {"name": "Black", "value": 15}, {"name": "American Indian or Alaska", "value": 55}, {"name": "Asian", "value": 29}, {"name": "Native Hawaiian", "value": 5}, {"name": "Other Race", "value": 58}, {"name": "Two or More Races", "value": 163}], "HU100.2000": "4349", "POP100.2000": "6670", "sex_by_age": [{"male": 173.0, "name": "Under 5 years", "female": 137.0}, {"male": 209.0, "name": "5 to 9 years", "female": 201.0}, {"male": 259.0, "name": "10 to 14 years", "female": 252.0}, {"male": 139.0, "name": "15 to 17 years", "female": 139.0}, {"male": 91.0, "name": "18 and 19 years", "female": 61.0}, {"male": 29.0, "name": "20 years", "female": 22.0}, {"male": 21.0, "name": "21 years", "female": 16.0}, {"male": 59.0, "name": "22 to 24 years", "female": 52.0}, {"male": 114.0, "name": "25 to 29 years", "female": 89.0}, {"male": 137.0, "name": "30 to 34 years", "female": 148.0}, {"male": 197.0, "name": "35 to 39 years", "female": 190.0}, {"male": 221.0, "name": "40 to 44 years", "female": 204.0}, {"male": 273.0, "name": "45 to 49 years", "female": 289.0}, {"male": 370.0, "name": "50 to 54 years", "female": 367.0}, {"male": 399.0, "name": "55 to 59 years", "female": 397.0}, {"male": 122.0, "name": "60 to 61 years", "female": 119.0}, {"male": 230.0, "name": "62 to 64 years", "female": 184.0}, {"male": 138.0, "name": "65 and 66 years", "female": 94.0}, {"male": 159.0, "name": "67 to 69 years", "female": 133.0}, {"male": 162.0, "name": "70 to 74 years", "female": 119.0}, {"male": 106.0, "name": "75 to 79 years", "female": 67.0}, {"male": 32.0, "name": "80 to 84 years", "female": 46.0}, {"male": 31.0, "name": "85 years and over", "female": 31.0}], "age_by_sex": [{"name": "Male", "value": 48.600000000000001}, {"name": "Female", "value": 48.100000000000001}], "GEOID": "16015", "NECTA": ""}, "Fremont County": {"CNECTA": "", "COUNTY": "043", "HU100": "8531", "NAME": "Fremont County", "P001001.2000": "11819", "CSA": "999", "P001001": "13242", "POP100": "13242", "SUMLEV": "050", "STATE": "16", "CBSA": "39940", "race": [{"name": "White", "value": 11855}, {"name": "Black", "value": 46}, {"name": "American Indian or Alaska", "value": 93}, {"name": "Asian", "value": 29}, {"name": "Native Hawaiian", "value": 13}, {"name": "Other Race", "value": 1007}, {"name": "Two or More Races", "value": 199}], "HU100.2000": "6890", "POP100.2000": "11819", "sex_by_age": [{"male": 614.0, "name": "Under 5 years", "female": 552.0}, {"male": 587.0, "name": "5 to 9 years", "female": 562.0}, {"male": 571.0, "name": "10 to 14 years", "female": 525.0}, {"male": 420.0, "name": "15 to 17 years", "female": 323.0}, {"male": 193.0, "name": "18 and 19 years", "female": 142.0}, {"male": 61.0, "name": "20 years", "female": 66.0}, {"male": 61.0, "name": "21 years", "female": 67.0}, {"male": 228.0, "name": "22 to 24 years", "female": 204.0}, {"male": 446.0, "name": "25 to 29 years", "female": 415.0}, {"male": 461.0, "name": "30 to 34 years", "female": 357.0}, {"male": 357.0, "name": "35 to 39 years", "female": 336.0}, {"male": 391.0, "name": "40 to 44 years", "female": 358.0}, {"male": 433.0, "name": "45 to 49 years", "female": 368.0}, {"male": 481.0, "name": "50 to 54 years", "female": 388.0}, {"male": 398.0, "name": "55 to 59 years", "female": 365.0}, {"male": 137.0, "name": "60 to 61 years", "female": 138.0}, {"male": 191.0, "name": "62 to 64 years", "female": 202.0}, {"male": 129.0, "name": "65 and 66 years", "female": 128.0}, {"male": 189.0, "name": "67 to 69 years", "female": 167.0}, {"male": 234.0, "name": "70 to 74 years", "female": 193.0}, {"male": 181.0, "name": "75 to 79 years", "female": 193.0}, {"male": 132.0, "name": "80 to 84 years", "female": 131.0}, {"male": 68.0, "name": "85 years and over", "female": 99.0}], "age_by_sex": [{"name": "Male", "value": 33.200000000000003}, {"name": "Female", "value": 33.799999999999997}], "GEOID": "16043", "NECTA": ""}, "Bonneville County": {"CNECTA": "", "COUNTY": "019", "HU100": "39731", "NAME": "Bonneville County", "P001001.2000": "82522", "CSA": "292", "P001001": "104234", "POP100": "104234", "SUMLEV": "050", "STATE": "16", "CBSA": "26820", "race": [{"name": "White", "value": 94411}, {"name": "Black", "value": 585}, {"name": "American Indian or Alaska", "value": 790}, {"name": "Asian", "value": 856}, {"name": "Native Hawaiian", "value": 86}, {"name": "Other Race", "value": 5334}, {"name": "Two or More Races", "value": 2172}], "HU100.2000": "30484", "POP100.2000": "82522", "sex_by_age": [{"male": 5169.0, "name": "Under 5 years", "female": 4806.0}, {"male": 4826.0, "name": "5 to 9 years", "female": 4681.0}, {"male": 4329.0, "name": "10 to 14 years", "female": 4023.0}, {"male": 2565.0, "name": "15 to 17 years", "female": 2395.0}, {"male": 1323.0, "name": "18 and 19 years", "female": 1234.0}, {"male": 568.0, "name": "20 years", "female": 623.0}, {"male": 588.0, "name": "21 years", "female": 573.0}, {"male": 1887.0, "name": "22 to 24 years", "female": 2040.0}, {"male": 3906.0, "name": "25 to 29 years", "female": 3870.0}, {"male": 3835.0, "name": "30 to 34 years", "female": 3691.0}, {"male": 3098.0, "name": "35 to 39 years", "female": 3135.0}, {"male": 2885.0, "name": "40 to 44 years", "female": 2851.0}, {"male": 3364.0, "name": "45 to 49 years", "female": 3335.0}, {"male": 3275.0, "name": "50 to 54 years", "female": 3234.0}, {"male": 2953.0, "name": "55 to 59 years", "female": 3039.0}, {"male": 1032.0, "name": "60 to 61 years", "female": 1055.0}, {"male": 1371.0, "name": "62 to 64 years", "female": 1332.0}, {"male": 712.0, "name": "65 and 66 years", "female": 788.0}, {"male": 926.0, "name": "67 to 69 years", "female": 1090.0}, {"male": 1250.0, "name": "70 to 74 years", "female": 1361.0}, {"male": 929.0, "name": "75 to 79 years", "female": 1067.0}, {"male": 637.0, "name": "80 to 84 years", "female": 1000.0}, {"male": 568.0, "name": "85 years and over", "female": 1015.0}], "age_by_sex": [{"name": "Male", "value": 31.0}, {"name": "Female", "value": 32.399999999999999}], "GEOID": "16019", "NECTA": ""}, "Camas County": {"CNECTA": "", "COUNTY": "025", "HU100": "831", "NAME": "Camas County", "P001001.2000": "991", "CSA": "999", "P001001": "1117", "POP100": "1117", "SUMLEV": "050", "STATE": "16", "CBSA": "99999", "race": [{"name": "White", "value": 1051}, {"name": "Black", "value": 3}, {"name": "American Indian or Alaska", "value": 6}, {"name": "Asian", "value": 1}, {"name": "Native Hawaiian", "value": 0}, {"name": "Other Race", "value": 20}, {"name": "Two or More Races", "value": 36}], "HU100.2000": "601", "POP100.2000": "991", "sex_by_age": [{"male": 36.0, "name": "Under 5 years", "female": 27.0}, {"male": 38.0, "name": "5 to 9 years", "female": 34.0}, {"male": 27.0, "name": "10 to 14 years", "female": 42.0}, {"male": 24.0, "name": "15 to 17 years", "female": 12.0}, {"male": 11.0, "name": "18 and 19 years", "female": 7.0}, {"male": 2.0, "name": "20 years", "female": 3.0}, {"male": 4.0, "name": "21 years", "female": 3.0}, {"male": 14.0, "name": "22 to 24 years", "female": 11.0}, {"male": 26.0, "name": "25 to 29 years", "female": 36.0}, {"male": 42.0, "name": "30 to 34 years", "female": 40.0}, {"male": 34.0, "name": "35 to 39 years", "female": 32.0}, {"male": 31.0, "name": "40 to 44 years", "female": 30.0}, {"male": 54.0, "name": "45 to 49 years", "female": 46.0}, {"male": 52.0, "name": "50 to 54 years", "female": 46.0}, {"male": 44.0, "name": "55 to 59 years", "female": 39.0}, {"male": 22.0, "name": "60 to 61 years", "female": 21.0}, {"male": 28.0, "name": "62 to 64 years", "female": 21.0}, {"male": 19.0, "name": "65 and 66 years", "female": 21.0}, {"male": 28.0, "name": "67 to 69 years", "female": 11.0}, {"male": 21.0, "name": "70 to 74 years", "female": 22.0}, {"male": 5.0, "name": "75 to 79 years", "female": 16.0}, {"male": 8.0, "name": "80 to 84 years", "female": 4.0}, {"male": 12.0, "name": "85 years and over", "female": 11.0}], "age_by_sex": [{"name": "Male", "value": 45.200000000000003}, {"name": "Female", "value": 43.5}], "GEOID": "16025", "NECTA": ""}, "Nez Perce County": {"CNECTA": "", "COUNTY": "069", "HU100": "17438", "NAME": "Nez Perce County", "P001001.2000": "37410", "CSA": "999", "P001001": "39265", "POP100": "39265", "SUMLEV": "050", "STATE": "16", "CBSA": "30300", "race": [{"name": "White", "value": 35390}, {"name": "Black", "value": 117}, {"name": "American Indian or Alaska", "value": 2206}, {"name": "Asian", "value": 279}, {"name": "Native Hawaiian", "value": 37}, {"name": "Other Race", "value": 261}, {"name": "Two or More Races", "value": 975}], "HU100.2000": "16203", "POP100.2000": "37410", "sex_by_age": [{"male": 1172.0, "name": "Under 5 years", "female": 1046.0}, {"male": 1190.0, "name": "5 to 9 years", "female": 1143.0}, {"male": 1243.0, "name": "10 to 14 years", "female": 1179.0}, {"male": 843.0, "name": "15 to 17 years", "female": 699.0}, {"male": 572.0, "name": "18 and 19 years", "female": 609.0}, {"male": 310.0, "name": "20 years", "female": 313.0}, {"male": 277.0, "name": "21 years", "female": 315.0}, {"male": 781.0, "name": "22 to 24 years", "female": 750.0}, {"male": 1279.0, "name": "25 to 29 years", "female": 1181.0}, {"male": 1106.0, "name": "30 to 34 years", "female": 1066.0}, {"male": 1094.0, "name": "35 to 39 years", "female": 1058.0}, {"male": 1176.0, "name": "40 to 44 years", "female": 1185.0}, {"male": 1298.0, "name": "45 to 49 years", "female": 1348.0}, {"male": 1471.0, "name": "50 to 54 years", "female": 1427.0}, {"male": 1319.0, "name": "55 to 59 years", "female": 1335.0}, {"male": 507.0, "name": "60 to 61 years", "female": 535.0}, {"male": 667.0, "name": "62 to 64 years", "female": 708.0}, {"male": 373.0, "name": "65 and 66 years", "female": 421.0}, {"male": 533.0, "name": "67 to 69 years", "female": 604.0}, {"male": 750.0, "name": "70 to 74 years", "female": 779.0}, {"male": 609.0, "name": "75 to 79 years", "female": 714.0}, {"male": 448.0, "name": "80 to 84 years", "female": 615.0}, {"male": 450.0, "name": "85 years and over", "female": 767.0}], "age_by_sex": [{"name": "Male", "value": 39.399999999999999}, {"name": "Female", "value": 42.299999999999997}], "GEOID": "16069", "NECTA": ""}, "Oneida County": {"CNECTA": "", "COUNTY": "071", "HU100": "1906", "NAME": "Oneida County", "P001001.2000": "4125", "CSA": "999", "P001001": "4286", "POP100": "4286", "SUMLEV": "050", "STATE": "16", "CBSA": "99999", "race": [{"name": "White", "value": 4144}, {"name": "Black", "value": 9}, {"name": "American Indian or Alaska", "value": 22}, {"name": "Asian", "value": 20}, {"name": "Native Hawaiian", "value": 1}, {"name": "Other Race", "value": 46}, {"name": "Two or More Races", "value": 44}], "HU100.2000": "1755", "POP100.2000": "4125", "sex_by_age": [{"male": 171.0, "name": "Under 5 years", "female": 156.0}, {"male": 203.0, "name": "5 to 9 years", "female": 178.0}, {"male": 183.0, "name": "10 to 14 years", "female": 170.0}, {"male": 133.0, "name": "15 to 17 years", "female": 89.0}, {"male": 55.0, "name": "18 and 19 years", "female": 43.0}, {"male": 17.0, "name": "20 years", "female": 9.0}, {"male": 16.0, "name": "21 years", "female": 15.0}, {"male": 39.0, "name": "22 to 24 years", "female": 51.0}, {"male": 100.0, "name": "25 to 29 years", "female": 104.0}, {"male": 115.0, "name": "30 to 34 years", "female": 130.0}, {"male": 110.0, "name": "35 to 39 years", "female": 101.0}, {"male": 113.0, "name": "40 to 44 years", "female": 106.0}, {"male": 136.0, "name": "45 to 49 years", "female": 142.0}, {"male": 167.0, "name": "50 to 54 years", "female": 161.0}, {"male": 165.0, "name": "55 to 59 years", "female": 136.0}, {"male": 62.0, "name": "60 to 61 years", "female": 58.0}, {"male": 66.0, "name": "62 to 64 years", "female": 72.0}, {"male": 48.0, "name": "65 and 66 years", "female": 37.0}, {"male": 50.0, "name": "67 to 69 years", "female": 55.0}, {"male": 95.0, "name": "70 to 74 years", "female": 80.0}, {"male": 61.0, "name": "75 to 79 years", "female": 72.0}, {"male": 44.0, "name": "80 to 84 years", "female": 56.0}, {"male": 42.0, "name": "85 years and over", "female": 74.0}], "age_by_sex": [{"name": "Male", "value": 38.200000000000003}, {"name": "Female", "value": 40.100000000000001}], "GEOID": "16071", "NECTA": ""}, "Butte County": {"CNECTA": "", "COUNTY": "023", "HU100": "1354", "NAME": "Butte County", "P001001.2000": "2899", "CSA": "999", "P001001": "2891", "POP100": "2891", "SUMLEV": "050", "STATE": "16", "CBSA": "99999", "race": [{"name": "White", "value": 2761}, {"name": "Black", "value": 6}, {"name": "American Indian or Alaska", "value": 13}, {"name": "Asian", "value": 5}, {"name": "Native Hawaiian", "value": 5}, {"name": "Other Race", "value": 59}, {"name": "Two or More Races", "value": 42}], "HU100.2000": "1290", "POP100.2000": "2899", "sex_by_age": [{"male": 109.0, "name": "Under 5 years", "female": 105.0}, {"male": 113.0, "name": "5 to 9 years", "female": 102.0}, {"male": 126.0, "name": "10 to 14 years", "female": 103.0}, {"male": 82.0, "name": "15 to 17 years", "female": 75.0}, {"male": 26.0, "name": "18 and 19 years", "female": 29.0}, {"male": 16.0, "name": "20 years", "female": 10.0}, {"male": 10.0, "name": "21 years", "female": 12.0}, {"male": 33.0, "name": "22 to 24 years", "female": 28.0}, {"male": 57.0, "name": "25 to 29 years", "female": 63.0}, {"male": 82.0, "name": "30 to 34 years", "female": 82.0}, {"male": 77.0, "name": "35 to 39 years", "female": 58.0}, {"male": 63.0, "name": "40 to 44 years", "female": 75.0}, {"male": 94.0, "name": "45 to 49 years", "female": 101.0}, {"male": 112.0, "name": "50 to 54 years", "female": 115.0}, {"male": 111.0, "name": "55 to 59 years", "female": 118.0}, {"male": 43.0, "name": "60 to 61 years", "female": 30.0}, {"male": 80.0, "name": "62 to 64 years", "female": 45.0}, {"male": 29.0, "name": "65 and 66 years", "female": 28.0}, {"male": 55.0, "name": "67 to 69 years", "female": 48.0}, {"male": 69.0, "name": "70 to 74 years", "female": 63.0}, {"male": 39.0, "name": "75 to 79 years", "female": 52.0}, {"male": 37.0, "name": "80 to 84 years", "female": 30.0}, {"male": 22.0, "name": "85 years and over", "female": 34.0}], "age_by_sex": [{"name": "Male", "value": 41.200000000000003}, {"name": "Female", "value": 42.399999999999999}], "GEOID": "16023", "NECTA": ""}, "Clearwater County": {"CNECTA": "", "COUNTY": "035", "HU100": "4453", "NAME": "Clearwater County", "P001001.2000": "8930", "CSA": "999", "P001001": "8761", "POP100": "8761", "SUMLEV": "050", "STATE": "16", "CBSA": "99999", "race": [{"name": "White", "value": 8225}, {"name": "Black", "value": 18}, {"name": "American Indian or Alaska", "value": 194}, {"name": "Asian", "value": 61}, {"name": "Native Hawaiian", "value": 9}, {"name": "Other Race", "value": 73}, {"name": "Two or More Races", "value": 181}], "HU100.2000": "4144", "POP100.2000": "8930", "sex_by_age": [{"male": 193.0, "name": "Under 5 years", "female": 180.0}, {"male": 227.0, "name": "5 to 9 years", "female": 177.0}, {"male": 254.0, "name": "10 to 14 years", "female": 212.0}, {"male": 155.0, "name": "15 to 17 years", "female": 158.0}, {"male": 106.0, "name": "18 and 19 years", "female": 79.0}, {"male": 36.0, "name": "20 years", "female": 26.0}, {"male": 37.0, "name": "21 years", "female": 21.0}, {"male": 118.0, "name": "22 to 24 years", "female": 93.0}, {"male": 262.0, "name": "25 to 29 years", "female": 154.0}, {"male": 252.0, "name": "30 to 34 years", "female": 164.0}, {"male": 254.0, "name": "35 to 39 years", "female": 178.0}, {"male": 299.0, "name": "40 to 44 years", "female": 229.0}, {"male": 371.0, "name": "45 to 49 years", "female": 320.0}, {"male": 360.0, "name": "50 to 54 years", "female": 353.0}, {"male": 406.0, "name": "55 to 59 years", "female": 368.0}, {"male": 185.0, "name": "60 to 61 years", "female": 152.0}, {"male": 221.0, "name": "62 to 64 years", "female": 201.0}, {"male": 151.0, "name": "65 and 66 years", "female": 118.0}, {"male": 212.0, "name": "67 to 69 years", "female": 164.0}, {"male": 269.0, "name": "70 to 74 years", "female": 258.0}, {"male": 177.0, "name": "75 to 79 years", "female": 163.0}, {"male": 102.0, "name": "80 to 84 years", "female": 134.0}, {"male": 92.0, "name": "85 years and over", "female": 120.0}], "age_by_sex": [{"name": "Male", "value": 47.899999999999999}, {"name": "Female", "value": 50.200000000000003}], "GEOID": "16035", "NECTA": ""}, "Bannock County": {"CNECTA": "", "COUNTY": "005", "HU100": "33191", "NAME": "Bannock County", "P001001.2000": "75565", "CSA": "999", "P001001": "82839", "POP100": "82839", "SUMLEV": "050", "STATE": "16", "CBSA": "38540", "race": [{"name": "White", "value": 74401}, {"name": "Black", "value": 625}, {"name": "American Indian or Alaska", "value": 2619}, {"name": "Asian", "value": 1079}, {"name": "Native Hawaiian", "value": 188}, {"name": "Other Race", "value": 1721}, {"name": "Two or More Races", "value": 2206}], "HU100.2000": "29102", "POP100.2000": "75565", "sex_by_age": [{"male": 3620.0, "name": "Under 5 years", "female": 3351.0}, {"male": 3325.0, "name": "5 to 9 years", "female": 3147.0}, {"male": 3084.0, "name": "10 to 14 years", "female": 2865.0}, {"male": 1696.0, "name": "15 to 17 years", "female": 1626.0}, {"male": 1438.0, "name": "18 and 19 years", "female": 1380.0}, {"male": 677.0, "name": "20 years", "female": 756.0}, {"male": 657.0, "name": "21 years", "female": 756.0}, {"male": 2260.0, "name": "22 to 24 years", "female": 2161.0}, {"male": 3500.0, "name": "25 to 29 years", "female": 3371.0}, {"male": 2972.0, "name": "30 to 34 years", "female": 2836.0}, {"male": 2353.0, "name": "35 to 39 years", "female": 2351.0}, {"male": 2197.0, "name": "40 to 44 years", "female": 2234.0}, {"male": 2272.0, "name": "45 to 49 years", "female": 2406.0}, {"male": 2528.0, "name": "50 to 54 years", "female": 2654.0}, {"male": 2451.0, "name": "55 to 59 years", "female": 2518.0}, {"male": 927.0, "name": "60 to 61 years", "female": 930.0}, {"male": 1169.0, "name": "62 to 64 years", "female": 1128.0}, {"male": 611.0, "name": "65 and 66 years", "female": 658.0}, {"male": 788.0, "name": "67 to 69 years", "female": 787.0}, {"male": 978.0, "name": "70 to 74 years", "female": 1175.0}, {"male": 800.0, "name": "75 to 79 years", "female": 943.0}, {"male": 544.0, "name": "80 to 84 years", "female": 721.0}, {"male": 451.0, "name": "85 years and over", "female": 787.0}], "age_by_sex": [{"name": "Male", "value": 30.600000000000001}, {"name": "Female", "value": 32.200000000000003}], "GEOID": "16005", "NECTA": ""}, "Boundary County": {"CNECTA": "", "COUNTY": "021", "HU100": "5175", "NAME": "Boundary County", "P001001.2000": "9871", "CSA": "999", "P001001": "10972", "POP100": "10972", "SUMLEV": "050", "STATE": "16", "CBSA": "99999", "race": [{"name": "White", "value": 10398}, {"name": "Black", "value": 29}, {"name": "American Indian or Alaska", "value": 189}, {"name": "Asian", "value": 62}, {"name": "Native Hawaiian", "value": 6}, {"name": "Other Race", "value": 58}, {"name": "Two or More Races", "value": 230}], "HU100.2000": "4095", "POP100.2000": "9871", "sex_by_age": [{"male": 352.0, "name": "Under 5 years", "female": 335.0}, {"male": 378.0, "name": "5 to 9 years", "female": 364.0}, {"male": 451.0, "name": "10 to 14 years", "female": 404.0}, {"male": 267.0, "name": "15 to 17 years", "female": 261.0}, {"male": 127.0, "name": "18 and 19 years", "female": 89.0}, {"male": 49.0, "name": "20 years", "female": 38.0}, {"male": 34.0, "name": "21 years", "female": 34.0}, {"male": 127.0, "name": "22 to 24 years", "female": 133.0}, {"male": 266.0, "name": "25 to 29 years", "female": 279.0}, {"male": 299.0, "name": "30 to 34 years", "female": 283.0}, {"male": 297.0, "name": "35 to 39 years", "female": 287.0}, {"male": 296.0, "name": "40 to 44 years", "female": 318.0}, {"male": 408.0, "name": "45 to 49 years", "female": 353.0}, {"male": 386.0, "name": "50 to 54 years", "female": 464.0}, {"male": 459.0, "name": "55 to 59 years", "female": 482.0}, {"male": 177.0, "name": "60 to 61 years", "female": 157.0}, {"male": 240.0, "name": "62 to 64 years", "female": 246.0}, {"male": 156.0, "name": "65 and 66 years", "female": 121.0}, {"male": 201.0, "name": "67 to 69 years", "female": 185.0}, {"male": 239.0, "name": "70 to 74 years", "female": 184.0}, {"male": 167.0, "name": "75 to 79 years", "female": 156.0}, {"male": 101.0, "name": "80 to 84 years", "female": 109.0}, {"male": 72.0, "name": "85 years and over", "female": 141.0}], "age_by_sex": [{"name": "Male", "value": 42.399999999999999}, {"name": "Female", "value": 43.200000000000003}], "GEOID": "16021", "NECTA": ""}}