{"Southeast Fairbanks Census Area": {"CNECTA": "", "COUNTY": "240", "HU100": "3915", "NAME": "Southeast Fairbanks Census Area", "P001001.2000": "6174", "CSA": "999", "P001001": "7029", "POP100": "7029", "SUMLEV": "050", "STATE": "02", "CBSA": "99999", "race": [{"name": "White", "value": 5651}, {"name": "Black", "value": 76}, {"name": "American Indian or Alaska", "value": 808}, {"name": "Asian", "value": 64}, {"name": "Native Hawaiian", "value": 18}, {"name": "Other Race", "value": 69}, {"name": "Two or More Races", "value": 343}], "HU100.2000": "3225", "POP100.2000": "6174", "sex_by_age": [{"male": 236.0, "name": "Under 5 years", "female": 250.0}, {"male": 304.0, "name": "5 to 9 years", "female": 225.0}, {"male": 273.0, "name": "10 to 14 years", "female": 236.0}, {"male": 158.0, "name": "15 to 17 years", "female": 167.0}, {"male": 109.0, "name": "18 and 19 years", "female": 76.0}, {"male": 43.0, "name": "20 years", "female": 27.0}, {"male": 36.0, "name": "21 years", "female": 43.0}, {"male": 113.0, "name": "22 to 24 years", "female": 115.0}, {"male": 246.0, "name": "25 to 29 years", "female": 187.0}, {"male": 267.0, "name": "30 to 34 years", "female": 193.0}, {"male": 235.0, "name": "35 to 39 years", "female": 194.0}, {"male": 284.0, "name": "40 to 44 years", "female": 199.0}, {"male": 335.0, "name": "45 to 49 years", "female": 232.0}, {"male": 328.0, "name": "50 to 54 years", "female": 277.0}, {"male": 330.0, "name": "55 to 59 years", "female": 232.0}, {"male": 120.0, "name": "60 to 61 years", "female": 74.0}, {"male": 134.0, "name": "62 to 64 years", "female": 87.0}, {"male": 82.0, "name": "65 and 66 years", "female": 44.0}, {"male": 91.0, "name": "67 to 69 years", "female": 57.0}, {"male": 100.0, "name": "70 to 74 years", "female": 88.0}, {"male": 53.0, "name": "75 to 79 years", "female": 48.0}, {"male": 29.0, "name": "80 to 84 years", "female": 34.0}, {"male": 11.0, "name": "85 years and over", "female": 27.0}], "age_by_sex": [{"name": "Male", "value": 38.700000000000003}, {"name": "Female", "value": 35.899999999999999}], "GEOID": "02240", "NECTA": ""}, "Northwest Arctic Borough": {"CNECTA": "", "COUNTY": "188", "HU100": "2707", "NAME": "Northwest Arctic Borough", "P001001.2000": "7208", "CSA": "999", "P001001": "7523", "POP100": "7523", "SUMLEV": "050", "STATE": "02", "CBSA": "99999", "race": [{"name": "White", "value": 846}, {"name": "Black", "value": 37}, {"name": "American Indian or Alaska", "value": 6121}, {"name": "Asian", "value": 42}, {"name": "Native Hawaiian", "value": 12}, {"name": "Other Race", "value": 17}, {"name": "Two or More Races", "value": 448}], "HU100.2000": "2540", "POP100.2000": "7208", "sex_by_age": [{"male": 464.0, "name": "Under 5 years", "female": 418.0}, {"male": 343.0, "name": "5 to 9 years", "female": 345.0}, {"male": 344.0, "name": "10 to 14 years", "female": 355.0}, {"male": 184.0, "name": "15 to 17 years", "female": 202.0}, {"male": 189.0, "name": "18 and 19 years", "female": 135.0}, {"male": 83.0, "name": "20 years", "female": 61.0}, {"male": 84.0, "name": "21 years", "female": 88.0}, {"male": 221.0, "name": "22 to 24 years", "female": 171.0}, {"male": 270.0, "name": "25 to 29 years", "female": 280.0}, {"male": 244.0, "name": "30 to 34 years", "female": 186.0}, {"male": 220.0, "name": "35 to 39 years", "female": 179.0}, {"male": 267.0, "name": "40 to 44 years", "female": 175.0}, {"male": 282.0, "name": "45 to 49 years", "female": 206.0}, {"male": 258.0, "name": "50 to 54 years", "female": 196.0}, {"male": 220.0, "name": "55 to 59 years", "female": 136.0}, {"male": 68.0, "name": "60 to 61 years", "female": 46.0}, {"male": 73.0, "name": "62 to 64 years", "female": 75.0}, {"male": 37.0, "name": "65 and 66 years", "female": 33.0}, {"male": 43.0, "name": "67 to 69 years", "female": 33.0}, {"male": 69.0, "name": "70 to 74 years", "female": 49.0}, {"male": 36.0, "name": "75 to 79 years", "female": 58.0}, {"male": 19.0, "name": "80 to 84 years", "female": 42.0}, {"male": 11.0, "name": "85 years and over", "female": 25.0}], "age_by_sex": [{"name": "Male", "value": 27.100000000000001}, {"name": "Female", "value": 24.5}], "GEOID": "02188", "NECTA": ""}, "Haines Borough": {"CNECTA": "", "COUNTY": "100", "HU100": "1631", "NAME": "Haines Borough", "P001001.2000": "2392", "CSA": "999", "P001001": "2508", "POP100": "2508", "SUMLEV": "050", "STATE": "02", "CBSA": "99999", "race": [{"name": "White", "value": 2086}, {"name": "Black", "value": 10}, {"name": "American Indian or Alaska", "value": 230}, {"name": "Asian", "value": 14}, {"name": "Native Hawaiian", "value": 0}, {"name": "Other Race", "value": 21}, {"name": "Two or More Races", "value": 147}], "HU100.2000": "1419", "POP100.2000": "2392", "sex_by_age": [{"male": 61.0, "name": "Under 5 years", "female": 67.0}, {"male": 62.0, "name": "5 to 9 years", "female": 73.0}, {"male": 84.0, "name": "10 to 14 years", "female": 57.0}, {"male": 41.0, "name": "15 to 17 years", "female": 54.0}, {"male": 23.0, "name": "18 and 19 years", "female": 17.0}, {"male": 4.0, "name": "20 years", "female": 5.0}, {"male": 9.0, "name": "21 years", "female": 8.0}, {"male": 28.0, "name": "22 to 24 years", "female": 25.0}, {"male": 55.0, "name": "25 to 29 years", "female": 60.0}, {"male": 67.0, "name": "30 to 34 years", "female": 64.0}, {"male": 70.0, "name": "35 to 39 years", "female": 74.0}, {"male": 83.0, "name": "40 to 44 years", "female": 78.0}, {"male": 119.0, "name": "45 to 49 years", "female": 109.0}, {"male": 132.0, "name": "50 to 54 years", "female": 118.0}, {"male": 140.0, "name": "55 to 59 years", "female": 134.0}, {"male": 55.0, "name": "60 to 61 years", "female": 53.0}, {"male": 76.0, "name": "62 to 64 years", "female": 58.0}, {"male": 23.0, "name": "65 and 66 years", "female": 40.0}, {"male": 47.0, "name": "67 to 69 years", "female": 28.0}, {"male": 37.0, "name": "70 to 74 years", "female": 41.0}, {"male": 28.0, "name": "75 to 79 years", "female": 39.0}, {"male": 19.0, "name": "80 to 84 years", "female": 13.0}, {"male": 11.0, "name": "85 years and over", "female": 19.0}], "age_by_sex": [{"name": "Male", "value": 47.200000000000003}, {"name": "Female", "value": 46.5}], "GEOID": "02100", "NECTA": ""}, "North Slope Borough": {"CNECTA": "", "COUNTY": "185", "HU100": "2500", "NAME": "North Slope Borough", "P001001.2000": "7385", "CSA": "999", "P001001": "9430", "POP100": "9430", "SUMLEV": "050", "STATE": "02", "CBSA": "99999", "race": [{"name": "White", "value": 3147}, {"name": "Black", "value": 94}, {"name": "American Indian or Alaska", "value": 5100}, {"name": "Asian", "value": 425}, {"name": "Native Hawaiian", "value": 104}, {"name": "Other Race", "value": 67}, {"name": "Two or More Races", "value": 493}], "HU100.2000": "2538", "POP100.2000": "7385", "sex_by_age": [{"male": 382.0, "name": "Under 5 years", "female": 365.0}, {"male": 317.0, "name": "5 to 9 years", "female": 303.0}, {"male": 291.0, "name": "10 to 14 years", "female": 262.0}, {"male": 164.0, "name": "15 to 17 years", "female": 167.0}, {"male": 160.0, "name": "18 and 19 years", "female": 138.0}, {"male": 84.0, "name": "20 years", "female": 70.0}, {"male": 78.0, "name": "21 years", "female": 70.0}, {"male": 281.0, "name": "22 to 24 years", "female": 169.0}, {"male": 453.0, "name": "25 to 29 years", "female": 297.0}, {"male": 426.0, "name": "30 to 34 years", "female": 224.0}, {"male": 411.0, "name": "35 to 39 years", "female": 174.0}, {"male": 428.0, "name": "40 to 44 years", "female": 210.0}, {"male": 555.0, "name": "45 to 49 years", "female": 282.0}, {"male": 689.0, "name": "50 to 54 years", "female": 285.0}, {"male": 635.0, "name": "55 to 59 years", "female": 204.0}, {"male": 169.0, "name": "60 to 61 years", "female": 64.0}, {"male": 155.0, "name": "62 to 64 years", "female": 66.0}, {"male": 70.0, "name": "65 and 66 years", "female": 31.0}, {"male": 54.0, "name": "67 to 69 years", "female": 36.0}, {"male": 50.0, "name": "70 to 74 years", "female": 40.0}, {"male": 22.0, "name": "75 to 79 years", "female": 31.0}, {"male": 22.0, "name": "80 to 84 years", "female": 25.0}, {"male": 8.0, "name": "85 years and over", "female": 13.0}], "age_by_sex": [{"name": "Male", "value": 38.799999999999997}, {"name": "Female", "value": 28.5}], "GEOID": "02185", "NECTA": ""}, "Denali Borough": {"CNECTA": "", "COUNTY": "068", "HU100": "1771", "NAME": "Denali Borough", "P001001.2000": "1893", "CSA": "999", "P001001": "1826", "POP100": "1826", "SUMLEV": "050", "STATE": "02", "CBSA": "99999", "race": [{"name": "White", "value": 1637}, {"name": "Black", "value": 10}, {"name": "American Indian or Alaska", "value": 65}, {"name": "Asian", "value": 19}, {"name": "Native Hawaiian", "value": 1}, {"name": "Other Race", "value": 14}, {"name": "Two or More Races", "value": 80}], "HU100.2000": "1351", "POP100.2000": "1893", "sex_by_age": [{"male": 64.0, "name": "Under 5 years", "female": 50.0}, {"male": 59.0, "name": "5 to 9 years", "female": 55.0}, {"male": 54.0, "name": "10 to 14 years", "female": 64.0}, {"male": 33.0, "name": "15 to 17 years", "female": 32.0}, {"male": 19.0, "name": "18 and 19 years", "female": 13.0}, {"male": 5.0, "name": "20 years", "female": 2.0}, {"male": 3.0, "name": "21 years", "female": 5.0}, {"male": 20.0, "name": "22 to 24 years", "female": 14.0}, {"male": 40.0, "name": "25 to 29 years", "female": 56.0}, {"male": 66.0, "name": "30 to 34 years", "female": 70.0}, {"male": 70.0, "name": "35 to 39 years", "female": 68.0}, {"male": 73.0, "name": "40 to 44 years", "female": 58.0}, {"male": 109.0, "name": "45 to 49 years", "female": 80.0}, {"male": 110.0, "name": "50 to 54 years", "female": 81.0}, {"male": 111.0, "name": "55 to 59 years", "female": 87.0}, {"male": 40.0, "name": "60 to 61 years", "female": 20.0}, {"male": 41.0, "name": "62 to 64 years", "female": 17.0}, {"male": 18.0, "name": "65 and 66 years", "female": 17.0}, {"male": 26.0, "name": "67 to 69 years", "female": 12.0}, {"male": 22.0, "name": "70 to 74 years", "female": 15.0}, {"male": 14.0, "name": "75 to 79 years", "female": 5.0}, {"male": 3.0, "name": "80 to 84 years", "female": 2.0}, {"male": 2.0, "name": "85 years and over", "female": 1.0}], "age_by_sex": [{"name": "Male", "value": 44.700000000000003}, {"name": "Female", "value": 39.100000000000001}], "GEOID": "02068", "NECTA": ""}, "Anchorage Municipality": {"CNECTA": "", "COUNTY": "020", "HU100": "113032", "NAME": "Anchorage Municipality", "P001001.2000": "260283", "CSA": "999", "P001001": "291826", "POP100": "291826", "SUMLEV": "050", "STATE": "02", "CBSA": "11260", "race": [{"name": "White", "value": 192498}, {"name": "Black", "value": 16226}, {"name": "American Indian or Alaska", "value": 23130}, {"name": "Asian", "value": 23580}, {"name": "Native Hawaiian", "value": 5901}, {"name": "Other Race", "value": 6846}, {"name": "Two or More Races", "value": 23645}], "HU100.2000": "100368", "POP100.2000": "260283", "sex_by_age": [{"male": 11349.0, "name": "Under 5 years", "female": 10612.0}, {"male": 10542.0, "name": "5 to 9 years", "female": 10076.0}, {"male": 10407.0, "name": "10 to 14 years", "female": 10036.0}, {"male": 6577.0, "name": "15 to 17 years", "female": 6187.0}, {"male": 4413.0, "name": "18 and 19 years", "female": 4010.0}, {"male": 2583.0, "name": "20 years", "female": 2130.0}, {"male": 2457.0, "name": "21 years", "female": 2153.0}, {"male": 8019.0, "name": "22 to 24 years", "female": 7037.0}, {"male": 12820.0, "name": "25 to 29 years", "female": 12000.0}, {"male": 10458.0, "name": "30 to 34 years", "female": 10162.0}, {"male": 9843.0, "name": "35 to 39 years", "female": 9726.0}, {"male": 9892.0, "name": "40 to 44 years", "female": 9601.0}, {"male": 11157.0, "name": "45 to 49 years", "female": 11237.0}, {"male": 11084.0, "name": "50 to 54 years", "female": 11091.0}, {"male": 9755.0, "name": "55 to 59 years", "female": 9333.0}, {"male": 3303.0, "name": "60 to 61 years", "female": 3041.0}, {"male": 3883.0, "name": "62 to 64 years", "female": 3713.0}, {"male": 1927.0, "name": "65 and 66 years", "female": 1912.0}, {"male": 2242.0, "name": "67 to 69 years", "female": 2266.0}, {"male": 2328.0, "name": "70 to 74 years", "female": 2634.0}, {"male": 1533.0, "name": "75 to 79 years", "female": 1949.0}, {"male": 978.0, "name": "80 to 84 years", "female": 1408.0}, {"male": 659.0, "name": "85 years and over", "female": 1303.0}], "age_by_sex": [{"name": "Male", "value": 32.200000000000003}, {"name": "Female", "value": 33.600000000000001}], "GEOID": "02020", "NECTA": ""}, "Juneau City and Borough": {"CNECTA": "", "COUNTY": "110", "HU100": "13055", "NAME": "Juneau City and Borough", "P001001.2000": "30711", "CSA": "999", "P001001": "31275", "POP100": "31275", "SUMLEV": "050", "STATE": "02", "CBSA": "27940", "race": [{"name": "White", "value": 21814}, {"name": "Black", "value": 279}, {"name": "American Indian or Alaska", "value": 3692}, {"name": "Asian", "value": 1919}, {"name": "Native Hawaiian", "value": 218}, {"name": "Other Race", "value": 386}, {"name": "Two or More Races", "value": 2967}], "HU100.2000": "12282", "POP100.2000": "30711", "sex_by_age": [{"male": 1017.0, "name": "Under 5 years", "female": 965.0}, {"male": 998.0, "name": "5 to 9 years", "female": 974.0}, {"male": 1031.0, "name": "10 to 14 years", "female": 980.0}, {"male": 736.0, "name": "15 to 17 years", "female": 635.0}, {"male": 424.0, "name": "18 and 19 years", "female": 417.0}, {"male": 184.0, "name": "20 years", "female": 179.0}, {"male": 196.0, "name": "21 years", "female": 194.0}, {"male": 612.0, "name": "22 to 24 years", "female": 569.0}, {"male": 1164.0, "name": "25 to 29 years", "female": 1144.0}, {"male": 1059.0, "name": "30 to 34 years", "female": 960.0}, {"male": 1052.0, "name": "35 to 39 years", "female": 981.0}, {"male": 1171.0, "name": "40 to 44 years", "female": 1122.0}, {"male": 1385.0, "name": "45 to 49 years", "female": 1284.0}, {"male": 1407.0, "name": "50 to 54 years", "female": 1365.0}, {"male": 1306.0, "name": "55 to 59 years", "female": 1269.0}, {"male": 433.0, "name": "60 to 61 years", "female": 403.0}, {"male": 551.0, "name": "62 to 64 years", "female": 473.0}, {"male": 248.0, "name": "65 and 66 years", "female": 230.0}, {"male": 267.0, "name": "67 to 69 years", "female": 310.0}, {"male": 344.0, "name": "70 to 74 years", "female": 323.0}, {"male": 156.0, "name": "75 to 79 years", "female": 212.0}, {"male": 122.0, "name": "80 to 84 years", "female": 176.0}, {"male": 87.0, "name": "85 years and over", "female": 160.0}], "age_by_sex": [{"name": "Male", "value": 37.799999999999997}, {"name": "Female", "value": 38.399999999999999}], "GEOID": "02110", "NECTA": ""}, "Dillingham Census Area": {"CNECTA": "", "COUNTY": "070", "HU100": "2427", "NAME": "Dillingham Census Area", "P001001.2000": "4922", "CSA": "999", "P001001": "4847", "POP100": "4847", "SUMLEV": "050", "STATE": "02", "CBSA": "99999", "race": [{"name": "White", "value": 878}, {"name": "Black", "value": 11}, {"name": "American Indian or Alaska", "value": 3470}, {"name": "Asian", "value": 32}, {"name": "Native Hawaiian", "value": 6}, {"name": "Other Race", "value": 12}, {"name": "Two or More Races", "value": 438}], "HU100.2000": "2332", "POP100.2000": "4922", "sex_by_age": [{"male": 243.0, "name": "Under 5 years", "female": 209.0}, {"male": 220.0, "name": "5 to 9 years", "female": 189.0}, {"male": 236.0, "name": "10 to 14 years", "female": 216.0}, {"male": 135.0, "name": "15 to 17 years", "female": 147.0}, {"male": 106.0, "name": "18 and 19 years", "female": 75.0}, {"male": 42.0, "name": "20 years", "female": 50.0}, {"male": 31.0, "name": "21 years", "female": 41.0}, {"male": 118.0, "name": "22 to 24 years", "female": 112.0}, {"male": 161.0, "name": "25 to 29 years", "female": 150.0}, {"male": 139.0, "name": "30 to 34 years", "female": 126.0}, {"male": 112.0, "name": "35 to 39 years", "female": 96.0}, {"male": 137.0, "name": "40 to 44 years", "female": 136.0}, {"male": 202.0, "name": "45 to 49 years", "female": 179.0}, {"male": 186.0, "name": "50 to 54 years", "female": 174.0}, {"male": 175.0, "name": "55 to 59 years", "female": 152.0}, {"male": 57.0, "name": "60 to 61 years", "female": 43.0}, {"male": 45.0, "name": "62 to 64 years", "female": 40.0}, {"male": 37.0, "name": "65 and 66 years", "female": 30.0}, {"male": 34.0, "name": "67 to 69 years", "female": 39.0}, {"male": 56.0, "name": "70 to 74 years", "female": 40.0}, {"male": 35.0, "name": "75 to 79 years", "female": 28.0}, {"male": 20.0, "name": "80 to 84 years", "female": 20.0}, {"male": 14.0, "name": "85 years and over", "female": 14.0}], "age_by_sex": [{"name": "Male", "value": 29.300000000000001}, {"name": "Female", "value": 28.600000000000001}], "GEOID": "02070", "NECTA": ""}, "Ketchikan Gateway Borough": {"CNECTA": "", "COUNTY": "130", "HU100": "6166", "NAME": "Ketchikan Gateway Borough", "P001001.2000": "14070", "CSA": "999", "P001001": "13477", "POP100": "13477", "SUMLEV": "050", "STATE": "02", "CBSA": "28540", "race": [{"name": "White", "value": 9176}, {"name": "Black", "value": 78}, {"name": "American Indian or Alaska", "value": 1910}, {"name": "Asian", "value": 943}, {"name": "Native Hawaiian", "value": 27}, {"name": "Other Race", "value": 93}, {"name": "Two or More Races", "value": 1250}], "HU100.2000": "6218", "POP100.2000": "14070", "sex_by_age": [{"male": 454.0, "name": "Under 5 years", "female": 449.0}, {"male": 455.0, "name": "5 to 9 years", "female": 402.0}, {"male": 435.0, "name": "10 to 14 years", "female": 441.0}, {"male": 313.0, "name": "15 to 17 years", "female": 278.0}, {"male": 178.0, "name": "18 and 19 years", "female": 168.0}, {"male": 83.0, "name": "20 years", "female": 72.0}, {"male": 86.0, "name": "21 years", "female": 63.0}, {"male": 276.0, "name": "22 to 24 years", "female": 244.0}, {"male": 521.0, "name": "25 to 29 years", "female": 462.0}, {"male": 432.0, "name": "30 to 34 years", "female": 402.0}, {"male": 379.0, "name": "35 to 39 years", "female": 404.0}, {"male": 463.0, "name": "40 to 44 years", "female": 453.0}, {"male": 587.0, "name": "45 to 49 years", "female": 537.0}, {"male": 613.0, "name": "50 to 54 years", "female": 562.0}, {"male": 544.0, "name": "55 to 59 years", "female": 529.0}, {"male": 207.0, "name": "60 to 61 years", "female": 165.0}, {"male": 223.0, "name": "62 to 64 years", "female": 230.0}, {"male": 119.0, "name": "65 and 66 years", "female": 105.0}, {"male": 152.0, "name": "67 to 69 years", "female": 144.0}, {"male": 164.0, "name": "70 to 74 years", "female": 153.0}, {"male": 89.0, "name": "75 to 79 years", "female": 112.0}, {"male": 79.0, "name": "80 to 84 years", "female": 87.0}, {"male": 59.0, "name": "85 years and over", "female": 104.0}], "age_by_sex": [{"name": "Male", "value": 38.100000000000001}, {"name": "Female", "value": 38.799999999999997}], "GEOID": "02130", "NECTA": ""}, "Kodiak Island Borough": {"CNECTA": "", "COUNTY": "150", "HU100": "5303", "NAME": "Kodiak Island Borough", "P001001.2000": "13913", "CSA": "999", "P001001": "13592", "POP100": "13592", "SUMLEV": "050", "STATE": "02", "CBSA": "28980", "race": [{"name": "White", "value": 7522}, {"name": "Black", "value": 92}, {"name": "American Indian or Alaska", "value": 1797}, {"name": "Asian", "value": 2660}, {"name": "Native Hawaiian", "value": 87}, {"name": "Other Race", "value": 397}, {"name": "Two or More Races", "value": 1037}], "HU100.2000": "5159", "POP100.2000": "13913", "sex_by_age": [{"male": 587.0, "name": "Under 5 years", "female": 564.0}, {"male": 504.0, "name": "5 to 9 years", "female": 475.0}, {"male": 601.0, "name": "10 to 14 years", "female": 522.0}, {"male": 342.0, "name": "15 to 17 years", "female": 299.0}, {"male": 199.0, "name": "18 and 19 years", "female": 164.0}, {"male": 116.0, "name": "20 years", "female": 79.0}, {"male": 116.0, "name": "21 years", "female": 78.0}, {"male": 335.0, "name": "22 to 24 years", "female": 238.0}, {"male": 576.0, "name": "25 to 29 years", "female": 492.0}, {"male": 489.0, "name": "30 to 34 years", "female": 466.0}, {"male": 446.0, "name": "35 to 39 years", "female": 408.0}, {"male": 474.0, "name": "40 to 44 years", "female": 462.0}, {"male": 579.0, "name": "45 to 49 years", "female": 510.0}, {"male": 573.0, "name": "50 to 54 years", "female": 468.0}, {"male": 471.0, "name": "55 to 59 years", "female": 404.0}, {"male": 150.0, "name": "60 to 61 years", "female": 134.0}, {"male": 195.0, "name": "62 to 64 years", "female": 161.0}, {"male": 93.0, "name": "65 and 66 years", "female": 97.0}, {"male": 108.0, "name": "67 to 69 years", "female": 105.0}, {"male": 122.0, "name": "70 to 74 years", "female": 116.0}, {"male": 59.0, "name": "75 to 79 years", "female": 67.0}, {"male": 31.0, "name": "80 to 84 years", "female": 45.0}, {"male": 31.0, "name": "85 years and over", "female": 41.0}], "age_by_sex": [{"name": "Male", "value": 32.200000000000003}, {"name": "Female", "value": 32.799999999999997}], "GEOID": "02150", "NECTA": ""}, "Bristol Bay Borough": {"CNECTA": "", "COUNTY": "060", "HU100": "969", "NAME": "Bristol Bay Borough", "P001001.2000": "1258", "CSA": "999", "P001001": "997", "POP100": "997", "SUMLEV": "050", "STATE": "02", "CBSA": "99999", "race": [{"name": "White", "value": 481}, {"name": "Black", "value": 0}, {"name": "American Indian or Alaska", "value": 334}, {"name": "Asian", "value": 8}, {"name": "Native Hawaiian", "value": 3}, {"name": "Other Race", "value": 4}, {"name": "Two or More Races", "value": 167}], "HU100.2000": "979", "POP100.2000": "1258", "sex_by_age": [{"male": 25.0, "name": "Under 5 years", "female": 23.0}, {"male": 26.0, "name": "5 to 9 years", "female": 33.0}, {"male": 34.0, "name": "10 to 14 years", "female": 38.0}, {"male": 24.0, "name": "15 to 17 years", "female": 22.0}, {"male": 13.0, "name": "18 and 19 years", "female": 6.0}, {"male": 6.0, "name": "20 years", "female": 2.0}, {"male": 6.0, "name": "21 years", "female": 7.0}, {"male": 18.0, "name": "22 to 24 years", "female": 10.0}, {"male": 35.0, "name": "25 to 29 years", "female": 30.0}, {"male": 26.0, "name": "30 to 34 years", "female": 21.0}, {"male": 30.0, "name": "35 to 39 years", "female": 28.0}, {"male": 40.0, "name": "40 to 44 years", "female": 27.0}, {"male": 57.0, "name": "45 to 49 years", "female": 52.0}, {"male": 63.0, "name": "50 to 54 years", "female": 53.0}, {"male": 58.0, "name": "55 to 59 years", "female": 45.0}, {"male": 15.0, "name": "60 to 61 years", "female": 16.0}, {"male": 20.0, "name": "62 to 64 years", "female": 5.0}, {"male": 14.0, "name": "65 and 66 years", "female": 4.0}, {"male": 9.0, "name": "67 to 69 years", "female": 10.0}, {"male": 10.0, "name": "70 to 74 years", "female": 11.0}, {"male": 7.0, "name": "75 to 79 years", "female": 8.0}, {"male": 4.0, "name": "80 to 84 years", "female": 2.0}, {"male": 0.0, "name": "85 years and over", "female": 4.0}], "age_by_sex": [{"name": "Male", "value": 43.799999999999997}, {"name": "Female", "value": 41.899999999999999}], "GEOID": "02060", "NECTA": ""}, "Bethel Census Area": {"CNECTA": "", "COUNTY": "050", "HU100": "5919", "NAME": "Bethel Census Area", "P001001.2000": "16006", "CSA": "999", "P001001": "17013", "POP100": "17013", "SUMLEV": "050", "STATE": "02", "CBSA": "99999", "race": [{"name": "White", "value": 1894}, {"name": "Black", "value": 65}, {"name": "American Indian or Alaska", "value": 14109}, {"name": "Asian", "value": 160}, {"name": "Native Hawaiian", "value": 27}, {"name": "Other Race", "value": 45}, {"name": "Two or More Races", "value": 713}], "HU100.2000": "5188", "POP100.2000": "16006", "sex_by_age": [{"male": 911.0, "name": "Under 5 years", "female": 885.0}, {"male": 919.0, "name": "5 to 9 years", "female": 843.0}, {"male": 871.0, "name": "10 to 14 years", "female": 798.0}, {"male": 513.0, "name": "15 to 17 years", "female": 478.0}, {"male": 319.0, "name": "18 and 19 years", "female": 308.0}, {"male": 147.0, "name": "20 years", "female": 157.0}, {"male": 137.0, "name": "21 years", "female": 112.0}, {"male": 404.0, "name": "22 to 24 years", "female": 392.0}, {"male": 621.0, "name": "25 to 29 years", "female": 589.0}, {"male": 536.0, "name": "30 to 34 years", "female": 511.0}, {"male": 457.0, "name": "35 to 39 years", "female": 436.0}, {"male": 534.0, "name": "40 to 44 years", "female": 431.0}, {"male": 655.0, "name": "45 to 49 years", "female": 507.0}, {"male": 579.0, "name": "50 to 54 years", "female": 469.0}, {"male": 451.0, "name": "55 to 59 years", "female": 399.0}, {"male": 162.0, "name": "60 to 61 years", "female": 119.0}, {"male": 168.0, "name": "62 to 64 years", "female": 154.0}, {"male": 112.0, "name": "65 and 66 years", "female": 86.0}, {"male": 122.0, "name": "67 to 69 years", "female": 131.0}, {"male": 117.0, "name": "70 to 74 years", "female": 96.0}, {"male": 76.0, "name": "75 to 79 years", "female": 118.0}, {"male": 56.0, "name": "80 to 84 years", "female": 58.0}, {"male": 31.0, "name": "85 years and over", "female": 38.0}], "age_by_sex": [{"name": "Male", "value": 26.699999999999999}, {"name": "Female", "value": 25.699999999999999}], "GEOID": "02050", "NECTA": ""}, "Aleutians East Borough": {"CNECTA": "", "COUNTY": "013", "HU100": "747", "NAME": "Aleutians East Borough", "P001001.2000": "2697", "CSA": "999", "P001001": "3141", "POP100": "3141", "SUMLEV": "050", "STATE": "02", "CBSA": "99999", "race": [{"name": "White", "value": 660}, {"name": "Black", "value": 219}, {"name": "American Indian or Alaska", "value": 876}, {"name": "Asian", "value": 1130}, {"name": "Native Hawaiian", "value": 19}, {"name": "Other Race", "value": 84}, {"name": "Two or More Races", "value": 153}], "HU100.2000": "724", "POP100.2000": "2697", "sex_by_age": [{"male": 68.0, "name": "Under 5 years", "female": 55.0}, {"male": 55.0, "name": "5 to 9 years", "female": 50.0}, {"male": 40.0, "name": "10 to 14 years", "female": 48.0}, {"male": 32.0, "name": "15 to 17 years", "female": 23.0}, {"male": 31.0, "name": "18 and 19 years", "female": 18.0}, {"male": 23.0, "name": "20 years", "female": 14.0}, {"male": 27.0, "name": "21 years", "female": 12.0}, {"male": 137.0, "name": "22 to 24 years", "female": 36.0}, {"male": 208.0, "name": "25 to 29 years", "female": 93.0}, {"male": 144.0, "name": "30 to 34 years", "female": 69.0}, {"male": 182.0, "name": "35 to 39 years", "female": 60.0}, {"male": 251.0, "name": "40 to 44 years", "female": 104.0}, {"male": 299.0, "name": "45 to 49 years", "female": 132.0}, {"male": 223.0, "name": "50 to 54 years", "female": 117.0}, {"male": 174.0, "name": "55 to 59 years", "female": 90.0}, {"male": 50.0, "name": "60 to 61 years", "female": 29.0}, {"male": 54.0, "name": "62 to 64 years", "female": 38.0}, {"male": 25.0, "name": "65 and 66 years", "female": 17.0}, {"male": 21.0, "name": "67 to 69 years", "female": 12.0}, {"male": 18.0, "name": "70 to 74 years", "female": 15.0}, {"male": 14.0, "name": "75 to 79 years", "female": 11.0}, {"male": 12.0, "name": "80 to 84 years", "female": 3.0}, {"male": 5.0, "name": "85 years and over", "female": 2.0}], "age_by_sex": [{"name": "Male", "value": 42.100000000000001}, {"name": "Female", "value": 42.299999999999997}], "GEOID": "02013", "NECTA": ""}, "Nome Census Area": {"CNECTA": "", "COUNTY": "180", "HU100": "4008", "NAME": "Nome Census Area", "P001001.2000": "9196", "CSA": "999", "P001001": "9492", "POP100": "9492", "SUMLEV": "050", "STATE": "02", "CBSA": "99999", "race": [{"name": "White", "value": 1552}, {"name": "Black", "value": 27}, {"name": "American Indian or Alaska", "value": 7199}, {"name": "Asian", "value": 96}, {"name": "Native Hawaiian", "value": 9}, {"name": "Other Race", "value": 22}, {"name": "Two or More Races", "value": 587}], "HU100.2000": "3649", "POP100.2000": "9196", "sex_by_age": [{"male": 534.0, "name": "Under 5 years", "female": 483.0}, {"male": 450.0, "name": "5 to 9 years", "female": 448.0}, {"male": 455.0, "name": "10 to 14 years", "female": 402.0}, {"male": 255.0, "name": "15 to 17 years", "female": 232.0}, {"male": 192.0, "name": "18 and 19 years", "female": 183.0}, {"male": 78.0, "name": "20 years", "female": 60.0}, {"male": 81.0, "name": "21 years", "female": 78.0}, {"male": 226.0, "name": "22 to 24 years", "female": 207.0}, {"male": 387.0, "name": "25 to 29 years", "female": 329.0}, {"male": 327.0, "name": "30 to 34 years", "female": 299.0}, {"male": 269.0, "name": "35 to 39 years", "female": 245.0}, {"male": 299.0, "name": "40 to 44 years", "female": 242.0}, {"male": 339.0, "name": "45 to 49 years", "female": 272.0}, {"male": 343.0, "name": "50 to 54 years", "female": 279.0}, {"male": 288.0, "name": "55 to 59 years", "female": 246.0}, {"male": 109.0, "name": "60 to 61 years", "female": 61.0}, {"male": 112.0, "name": "62 to 64 years", "female": 79.0}, {"male": 69.0, "name": "65 and 66 years", "female": 55.0}, {"male": 71.0, "name": "67 to 69 years", "female": 53.0}, {"male": 80.0, "name": "70 to 74 years", "female": 61.0}, {"male": 44.0, "name": "75 to 79 years", "female": 61.0}, {"male": 31.0, "name": "80 to 84 years", "female": 42.0}, {"male": 19.0, "name": "85 years and over", "female": 17.0}], "age_by_sex": [{"name": "Male", "value": 28.300000000000001}, {"name": "Female", "value": 26.699999999999999}], "GEOID": "02180", "NECTA": ""}, "Skagway Municipality": {"CNECTA": "", "COUNTY": "230", "HU100": "636", "NAME": "Skagway Municipality", "P001001.2000": "", "CSA": "999", "P001001": "968", "POP100": "968", "SUMLEV": "050", "STATE": "02", "CBSA": "99999", "race": [{"name": "White", "value": 885}, {"name": "Black", "value": 0}, {"name": "American Indian or Alaska", "value": 34}, {"name": "Asian", "value": 5}, {"name": "Native Hawaiian", "value": 1}, {"name": "Other Race", "value": 4}, {"name": "Two or More Races", "value": 39}], "HU100.2000": "", "POP100.2000": "", "sex_by_age": [{"male": 27.0, "name": "Under 5 years", "female": 22.0}, {"male": 18.0, "name": "5 to 9 years", "female": 15.0}, {"male": 17.0, "name": "10 to 14 years", "female": 18.0}, {"male": 14.0, "name": "15 to 17 years", "female": 21.0}, {"male": 6.0, "name": "18 and 19 years", "female": 5.0}, {"male": 4.0, "name": "20 years", "female": 10.0}, {"male": 0.0, "name": "21 years", "female": 3.0}, {"male": 15.0, "name": "22 to 24 years", "female": 7.0}, {"male": 36.0, "name": "25 to 29 years", "female": 46.0}, {"male": 47.0, "name": "30 to 34 years", "female": 60.0}, {"male": 40.0, "name": "35 to 39 years", "female": 26.0}, {"male": 52.0, "name": "40 to 44 years", "female": 41.0}, {"male": 36.0, "name": "45 to 49 years", "female": 32.0}, {"male": 48.0, "name": "50 to 54 years", "female": 40.0}, {"male": 61.0, "name": "55 to 59 years", "female": 42.0}, {"male": 19.0, "name": "60 to 61 years", "female": 15.0}, {"male": 22.0, "name": "62 to 64 years", "female": 15.0}, {"male": 5.0, "name": "65 and 66 years", "female": 6.0}, {"male": 11.0, "name": "67 to 69 years", "female": 19.0}, {"male": 14.0, "name": "70 to 74 years", "female": 8.0}, {"male": 2.0, "name": "75 to 79 years", "female": 7.0}, {"male": 4.0, "name": "80 to 84 years", "female": 6.0}, {"male": 2.0, "name": "85 years and over", "female": 4.0}], "age_by_sex": [{"name": "Male", "value": 42.600000000000001}, {"name": "Female", "value": 40.100000000000001}], "GEOID": "02230", "NECTA": ""}, "Aleutians West Census Area": {"CNECTA": "", "COUNTY": "016", "HU100": "1929", "NAME": "Aleutians West Census Area", "P001001.2000": "5465", "CSA": "999", "P001001": "5561", "POP100": "5561", "SUMLEV": "050", "STATE": "02", "CBSA": "99999", "race": [{"name": "White", "value": 2004}, {"name": "Black", "value": 332}, {"name": "American Indian or Alaska", "value": 857}, {"name": "Asian", "value": 1606}, {"name": "Native Hawaiian", "value": 103}, {"name": "Other Race", "value": 348}, {"name": "Two or More Races", "value": 311}], "HU100.2000": "2234", "POP100.2000": "5465", "sex_by_age": [{"male": 106.0, "name": "Under 5 years", "female": 99.0}, {"male": 113.0, "name": "5 to 9 years", "female": 114.0}, {"male": 129.0, "name": "10 to 14 years", "female": 97.0}, {"male": 81.0, "name": "15 to 17 years", "female": 76.0}, {"male": 68.0, "name": "18 and 19 years", "female": 24.0}, {"male": 36.0, "name": "20 years", "female": 18.0}, {"male": 45.0, "name": "21 years", "female": 17.0}, {"male": 152.0, "name": "22 to 24 years", "female": 66.0}, {"male": 375.0, "name": "25 to 29 years", "female": 142.0}, {"male": 319.0, "name": "30 to 34 years", "female": 136.0}, {"male": 344.0, "name": "35 to 39 years", "female": 133.0}, {"male": 464.0, "name": "40 to 44 years", "female": 196.0}, {"male": 432.0, "name": "45 to 49 years", "female": 195.0}, {"male": 420.0, "name": "50 to 54 years", "female": 185.0}, {"male": 299.0, "name": "55 to 59 years", "female": 159.0}, {"male": 105.0, "name": "60 to 61 years", "female": 50.0}, {"male": 117.0, "name": "62 to 64 years", "female": 56.0}, {"male": 33.0, "name": "65 and 66 years", "female": 22.0}, {"male": 37.0, "name": "67 to 69 years", "female": 18.0}, {"male": 34.0, "name": "70 to 74 years", "female": 13.0}, {"male": 8.0, "name": "75 to 79 years", "female": 9.0}, {"male": 6.0, "name": "80 to 84 years", "female": 8.0}, {"male": 0.0, "name": "85 years and over", "female": 5.0}], "age_by_sex": [{"name": "Male", "value": 41.100000000000001}, {"name": "Female", "value": 39.899999999999999}], "GEOID": "02016", "NECTA": ""}, "Petersburg Census Area": {"CNECTA": "", "COUNTY": "195", "HU100": "1994", "NAME": "Petersburg Census Area", "P001001.2000": "", "CSA": "999", "P001001": "3815", "POP100": "3815", "SUMLEV": "050", "STATE": "02", "CBSA": "99999", "race": [{"name": "White", "value": 2711}, {"name": "Black", "value": 15}, {"name": "American Indian or Alaska", "value": 614}, {"name": "Asian", "value": 100}, {"name": "Native Hawaiian", "value": 7}, {"name": "Other Race", "value": 42}, {"name": "Two or More Races", "value": 326}], "HU100.2000": "", "POP100.2000": "", "sex_by_age": [{"male": 111.0, "name": "Under 5 years", "female": 116.0}, {"male": 107.0, "name": "5 to 9 years", "female": 116.0}, {"male": 159.0, "name": "10 to 14 years", "female": 124.0}, {"male": 79.0, "name": "15 to 17 years", "female": 79.0}, {"male": 39.0, "name": "18 and 19 years", "female": 48.0}, {"male": 20.0, "name": "20 years", "female": 15.0}, {"male": 22.0, "name": "21 years", "female": 13.0}, {"male": 66.0, "name": "22 to 24 years", "female": 66.0}, {"male": 109.0, "name": "25 to 29 years", "female": 109.0}, {"male": 109.0, "name": "30 to 34 years", "female": 100.0}, {"male": 107.0, "name": "35 to 39 years", "female": 108.0}, {"male": 135.0, "name": "40 to 44 years", "female": 131.0}, {"male": 168.0, "name": "45 to 49 years", "female": 151.0}, {"male": 169.0, "name": "50 to 54 years", "female": 178.0}, {"male": 186.0, "name": "55 to 59 years", "female": 152.0}, {"male": 74.0, "name": "60 to 61 years", "female": 58.0}, {"male": 79.0, "name": "62 to 64 years", "female": 74.0}, {"male": 54.0, "name": "65 and 66 years", "female": 36.0}, {"male": 64.0, "name": "67 to 69 years", "female": 36.0}, {"male": 51.0, "name": "70 to 74 years", "female": 40.0}, {"male": 30.0, "name": "75 to 79 years", "female": 34.0}, {"male": 25.0, "name": "80 to 84 years", "female": 29.0}, {"male": 19.0, "name": "85 years and over", "female": 20.0}], "age_by_sex": [{"name": "Male", "value": 41.899999999999999}, {"name": "Female", "value": 40.799999999999997}], "GEOID": "02195", "NECTA": ""}, "Yakutat City and Borough": {"CNECTA": "", "COUNTY": "282", "HU100": "450", "NAME": "Yakutat City and Borough", "P001001.2000": "808", "CSA": "999", "P001001": "662", "POP100": "662", "SUMLEV": "050", "STATE": "02", "CBSA": "99999", "race": [{"name": "White", "value": 281}, {"name": "Black", "value": 2}, {"name": "American Indian or Alaska", "value": 237}, {"name": "Asian", "value": 27}, {"name": "Native Hawaiian", "value": 12}, {"name": "Other Race", "value": 1}, {"name": "Two or More Races", "value": 102}], "HU100.2000": "499", "POP100.2000": "808", "sex_by_age": [{"male": 17.0, "name": "Under 5 years", "female": 23.0}, {"male": 22.0, "name": "5 to 9 years", "female": 20.0}, {"male": 19.0, "name": "10 to 14 years", "female": 22.0}, {"male": 20.0, "name": "15 to 17 years", "female": 19.0}, {"male": 8.0, "name": "18 and 19 years", "female": 6.0}, {"male": 2.0, "name": "20 years", "female": 6.0}, {"male": 6.0, "name": "21 years", "female": 1.0}, {"male": 8.0, "name": "22 to 24 years", "female": 11.0}, {"male": 27.0, "name": "25 to 29 years", "female": 15.0}, {"male": 17.0, "name": "30 to 34 years", "female": 19.0}, {"male": 28.0, "name": "35 to 39 years", "female": 18.0}, {"male": 28.0, "name": "40 to 44 years", "female": 20.0}, {"male": 35.0, "name": "45 to 49 years", "female": 21.0}, {"male": 32.0, "name": "50 to 54 years", "female": 22.0}, {"male": 39.0, "name": "55 to 59 years", "female": 21.0}, {"male": 8.0, "name": "60 to 61 years", "female": 10.0}, {"male": 16.0, "name": "62 to 64 years", "female": 12.0}, {"male": 6.0, "name": "65 and 66 years", "female": 7.0}, {"male": 8.0, "name": "67 to 69 years", "female": 2.0}, {"male": 12.0, "name": "70 to 74 years", "female": 8.0}, {"male": 1.0, "name": "75 to 79 years", "female": 8.0}, {"male": 0.0, "name": "80 to 84 years", "female": 7.0}, {"male": 1.0, "name": "85 years and over", "female": 4.0}], "age_by_sex": [{"name": "Male", "value": 41.100000000000001}, {"name": "Female", "value": 37.600000000000001}], "GEOID": "02282", "NECTA": ""}, "Wade Hampton Census Area": {"CNECTA": "", "COUNTY": "270", "HU100": "2183", "NAME": "Wade Hampton Census Area", "P001001.2000": "7028", "CSA": "999", "P001001": "7459", "POP100": "7459", "SUMLEV": "050", "STATE": "02", "CBSA": "99999", "race": [{"name": "White", "value": 201}, {"name": "Black", "value": 1}, {"name": "American Indian or Alaska", "value": 7085}, {"name": "Asian", "value": 18}, {"name": "Native Hawaiian", "value": 0}, {"name": "Other Race", "value": 3}, {"name": "Two or More Races", "value": 151}], "HU100.2000": "2063", "POP100.2000": "7028", "sex_by_age": [{"male": 495.0, "name": "Under 5 years", "female": 408.0}, {"male": 424.0, "name": "5 to 9 years", "female": 405.0}, {"male": 459.0, "name": "10 to 14 years", "female": 402.0}, {"male": 252.0, "name": "15 to 17 years", "female": 256.0}, {"male": 162.0, "name": "18 and 19 years", "female": 151.0}, {"male": 109.0, "name": "20 years", "female": 69.0}, {"male": 87.0, "name": "21 years", "female": 62.0}, {"male": 211.0, "name": "22 to 24 years", "female": 186.0}, {"male": 241.0, "name": "25 to 29 years", "female": 239.0}, {"male": 191.0, "name": "30 to 34 years", "female": 176.0}, {"male": 211.0, "name": "35 to 39 years", "female": 163.0}, {"male": 208.0, "name": "40 to 44 years", "female": 197.0}, {"male": 224.0, "name": "45 to 49 years", "female": 199.0}, {"male": 208.0, "name": "50 to 54 years", "female": 157.0}, {"male": 156.0, "name": "55 to 59 years", "female": 129.0}, {"male": 60.0, "name": "60 to 61 years", "female": 49.0}, {"male": 57.0, "name": "62 to 64 years", "female": 52.0}, {"male": 40.0, "name": "65 and 66 years", "female": 30.0}, {"male": 35.0, "name": "67 to 69 years", "female": 34.0}, {"male": 45.0, "name": "70 to 74 years", "female": 60.0}, {"male": 37.0, "name": "75 to 79 years", "female": 42.0}, {"male": 17.0, "name": "80 to 84 years", "female": 23.0}, {"male": 15.0, "name": "85 years and over", "female": 26.0}], "age_by_sex": [{"name": "Male", "value": 21.800000000000001}, {"name": "Female", "value": 22.100000000000001}], "GEOID": "02270", "NECTA": ""}, "Hoonah-Angoon Census Area": {"CNECTA": "", "COUNTY": "105", "HU100": "1771", "NAME": "Hoonah-Angoon Census Area", "P001001.2000": "", "CSA": "999", "P001001": "2150", "POP100": "2150", "SUMLEV": "050", "STATE": "02", "CBSA": "99999", "race": [{"name": "White", "value": 1014}, {"name": "Black", "value": 8}, {"name": "American Indian or Alaska", "value": 890}, {"name": "Asian", "value": 12}, {"name": "Native Hawaiian", "value": 1}, {"name": "Other Race", "value": 6}, {"name": "Two or More Races", "value": 219}], "HU100.2000": "", "POP100.2000": "", "sex_by_age": [{"male": 68.0, "name": "Under 5 years", "female": 57.0}, {"male": 41.0, "name": "5 to 9 years", "female": 69.0}, {"male": 47.0, "name": "10 to 14 years", "female": 62.0}, {"male": 48.0, "name": "15 to 17 years", "female": 32.0}, {"male": 32.0, "name": "18 and 19 years", "female": 25.0}, {"male": 11.0, "name": "20 years", "female": 7.0}, {"male": 11.0, "name": "21 years", "female": 11.0}, {"male": 29.0, "name": "22 to 24 years", "female": 25.0}, {"male": 72.0, "name": "25 to 29 years", "female": 52.0}, {"male": 56.0, "name": "30 to 34 years", "female": 60.0}, {"male": 47.0, "name": "35 to 39 years", "female": 54.0}, {"male": 76.0, "name": "40 to 44 years", "female": 49.0}, {"male": 98.0, "name": "45 to 49 years", "female": 85.0}, {"male": 114.0, "name": "50 to 54 years", "female": 94.0}, {"male": 124.0, "name": "55 to 59 years", "female": 111.0}, {"male": 55.0, "name": "60 to 61 years", "female": 43.0}, {"male": 63.0, "name": "62 to 64 years", "female": 34.0}, {"male": 36.0, "name": "65 and 66 years", "female": 17.0}, {"male": 38.0, "name": "67 to 69 years", "female": 35.0}, {"male": 50.0, "name": "70 to 74 years", "female": 31.0}, {"male": 34.0, "name": "75 to 79 years", "female": 11.0}, {"male": 10.0, "name": "80 to 84 years", "female": 7.0}, {"male": 5.0, "name": "85 years and over", "female": 14.0}], "age_by_sex": [{"name": "Male", "value": 47.299999999999997}, {"name": "Female", "value": 44.0}], "GEOID": "02105", "NECTA": ""}, "Prince of Wales-Hyder Census Area": {"CNECTA": "", "COUNTY": "198", "HU100": "2992", "NAME": "Prince of Wales-Hyder Census Area", "P001001.2000": "", "CSA": "999", "P001001": "5559", "POP100": "5559", "SUMLEV": "050", "STATE": "02", "CBSA": "99999", "race": [{"name": "White", "value": 2799}, {"name": "Black", "value": 17}, {"name": "American Indian or Alaska", "value": 2207}, {"name": "Asian", "value": 21}, {"name": "Native Hawaiian", "value": 21}, {"name": "Other Race", "value": 20}, {"name": "Two or More Races", "value": 474}], "HU100.2000": "", "POP100.2000": "", "sex_by_age": [{"male": 221.0, "name": "Under 5 years", "female": 195.0}, {"male": 182.0, "name": "5 to 9 years", "female": 180.0}, {"male": 232.0, "name": "10 to 14 years", "female": 184.0}, {"male": 130.0, "name": "15 to 17 years", "female": 100.0}, {"male": 75.0, "name": "18 and 19 years", "female": 43.0}, {"male": 32.0, "name": "20 years", "female": 26.0}, {"male": 34.0, "name": "21 years", "female": 20.0}, {"male": 91.0, "name": "22 to 24 years", "female": 100.0}, {"male": 165.0, "name": "25 to 29 years", "female": 138.0}, {"male": 163.0, "name": "30 to 34 years", "female": 140.0}, {"male": 169.0, "name": "35 to 39 years", "female": 168.0}, {"male": 200.0, "name": "40 to 44 years", "female": 168.0}, {"male": 264.0, "name": "45 to 49 years", "female": 207.0}, {"male": 262.0, "name": "50 to 54 years", "female": 226.0}, {"male": 295.0, "name": "55 to 59 years", "female": 227.0}, {"male": 101.0, "name": "60 to 61 years", "female": 64.0}, {"male": 123.0, "name": "62 to 64 years", "female": 75.0}, {"male": 77.0, "name": "65 and 66 years", "female": 48.0}, {"male": 81.0, "name": "67 to 69 years", "female": 57.0}, {"male": 87.0, "name": "70 to 74 years", "female": 50.0}, {"male": 54.0, "name": "75 to 79 years", "female": 38.0}, {"male": 19.0, "name": "80 to 84 years", "female": 23.0}, {"male": 13.0, "name": "85 years and over", "female": 12.0}], "age_by_sex": [{"name": "Male", "value": 40.899999999999999}, {"name": "Female", "value": 38.899999999999999}], "GEOID": "02198", "NECTA": ""}, "Yukon-Koyukuk Census Area": {"CNECTA": "", "COUNTY": "290", "HU100": "4038", "NAME": "Yukon-Koyukuk Census Area", "P001001.2000": "6551", "CSA": "999", "P001001": "5588", "POP100": "5588", "SUMLEV": "050", "STATE": "02", "CBSA": "99999", "race": [{"name": "White", "value": 1243}, {"name": "Black", "value": 10}, {"name": "American Indian or Alaska", "value": 3992}, {"name": "Asian", "value": 14}, {"name": "Native Hawaiian", "value": 6}, {"name": "Other Race", "value": 9}, {"name": "Two or More Races", "value": 314}], "HU100.2000": "3917", "POP100.2000": "6551", "sex_by_age": [{"male": 234.0, "name": "Under 5 years", "female": 209.0}, {"male": 182.0, "name": "5 to 9 years", "female": 189.0}, {"male": 237.0, "name": "10 to 14 years", "female": 230.0}, {"male": 141.0, "name": "15 to 17 years", "female": 130.0}, {"male": 108.0, "name": "18 and 19 years", "female": 75.0}, {"male": 41.0, "name": "20 years", "female": 29.0}, {"male": 50.0, "name": "21 years", "female": 36.0}, {"male": 115.0, "name": "22 to 24 years", "female": 97.0}, {"male": 193.0, "name": "25 to 29 years", "female": 163.0}, {"male": 185.0, "name": "30 to 34 years", "female": 128.0}, {"male": 137.0, "name": "35 to 39 years", "female": 134.0}, {"male": 152.0, "name": "40 to 44 years", "female": 140.0}, {"male": 211.0, "name": "45 to 49 years", "female": 194.0}, {"male": 269.0, "name": "50 to 54 years", "female": 229.0}, {"male": 266.0, "name": "55 to 59 years", "female": 189.0}, {"male": 85.0, "name": "60 to 61 years", "female": 72.0}, {"male": 91.0, "name": "62 to 64 years", "female": 78.0}, {"male": 70.0, "name": "65 and 66 years", "female": 38.0}, {"male": 69.0, "name": "67 to 69 years", "female": 47.0}, {"male": 75.0, "name": "70 to 74 years", "female": 49.0}, {"male": 54.0, "name": "75 to 79 years", "female": 55.0}, {"male": 44.0, "name": "80 to 84 years", "female": 34.0}, {"male": 18.0, "name": "85 years and over", "female": 16.0}], "age_by_sex": [{"name": "Male", "value": 35.700000000000003}, {"name": "Female", "value": 34.799999999999997}], "GEOID": "02290", "NECTA": ""}, "Valdez-Cordova Census Area": {"CNECTA": "", "COUNTY": "261", "HU100": "6102", "NAME": "Valdez-Cordova Census Area", "P001001.2000": "10195", "CSA": "999", "P001001": "9636", "POP100": "9636", "SUMLEV": "050", "STATE": "02", "CBSA": "99999", "race": [{"name": "White", "value": 7127}, {"name": "Black", "value": 46}, {"name": "American Indian or Alaska", "value": 1315}, {"name": "Asian", "value": 354}, {"name": "Native Hawaiian", "value": 54}, {"name": "Other Race", "value": 46}, {"name": "Two or More Races", "value": 694}], "HU100.2000": "5148", "POP100.2000": "10195", "sex_by_age": [{"male": 309.0, "name": "Under 5 years", "female": 312.0}, {"male": 318.0, "name": "5 to 9 years", "female": 307.0}, {"male": 327.0, "name": "10 to 14 years", "female": 352.0}, {"male": 222.0, "name": "15 to 17 years", "female": 201.0}, {"male": 138.0, "name": "18 and 19 years", "female": 111.0}, {"male": 57.0, "name": "20 years", "female": 40.0}, {"male": 64.0, "name": "21 years", "female": 38.0}, {"male": 187.0, "name": "22 to 24 years", "female": 166.0}, {"male": 335.0, "name": "25 to 29 years", "female": 260.0}, {"male": 289.0, "name": "30 to 34 years", "female": 254.0}, {"male": 284.0, "name": "35 to 39 years", "female": 270.0}, {"male": 353.0, "name": "40 to 44 years", "female": 310.0}, {"male": 462.0, "name": "45 to 49 years", "female": 388.0}, {"male": 540.0, "name": "50 to 54 years", "female": 472.0}, {"male": 482.0, "name": "55 to 59 years", "female": 367.0}, {"male": 167.0, "name": "60 to 61 years", "female": 132.0}, {"male": 185.0, "name": "62 to 64 years", "female": 139.0}, {"male": 96.0, "name": "65 and 66 years", "female": 66.0}, {"male": 111.0, "name": "67 to 69 years", "female": 82.0}, {"male": 99.0, "name": "70 to 74 years", "female": 97.0}, {"male": 66.0, "name": "75 to 79 years", "female": 50.0}, {"male": 32.0, "name": "80 to 84 years", "female": 38.0}, {"male": 20.0, "name": "85 years and over", "female": 41.0}], "age_by_sex": [{"name": "Male", "value": 40.700000000000003}, {"name": "Female", "value": 38.799999999999997}], "GEOID": "02261", "NECTA": ""}, "Sitka City and Borough": {"CNECTA": "", "COUNTY": "220", "HU100": "4102", "NAME": "Sitka City and Borough", "P001001.2000": "8835", "CSA": "999", "P001001": "8881", "POP100": "8881", "SUMLEV": "050", "STATE": "02", "CBSA": "99999", "race": [{"name": "White", "value": 5798}, {"name": "Black", "value": 47}, {"name": "American Indian or Alaska", "value": 1493}, {"name": "Asian", "value": 529}, {"name": "Native Hawaiian", "value": 30}, {"name": "Other Race", "value": 113}, {"name": "Two or More Races", "value": 871}], "HU100.2000": "3650", "POP100.2000": "8835", "sex_by_age": [{"male": 343.0, "name": "Under 5 years", "female": 281.0}, {"male": 278.0, "name": "5 to 9 years", "female": 283.0}, {"male": 302.0, "name": "10 to 14 years", "female": 244.0}, {"male": 182.0, "name": "15 to 17 years", "female": 177.0}, {"male": 101.0, "name": "18 and 19 years", "female": 100.0}, {"male": 40.0, "name": "20 years", "female": 47.0}, {"male": 45.0, "name": "21 years", "female": 43.0}, {"male": 157.0, "name": "22 to 24 years", "female": 187.0}, {"male": 299.0, "name": "25 to 29 years", "female": 314.0}, {"male": 330.0, "name": "30 to 34 years", "female": 311.0}, {"male": 311.0, "name": "35 to 39 years", "female": 293.0}, {"male": 297.0, "name": "40 to 44 years", "female": 264.0}, {"male": 333.0, "name": "45 to 49 years", "female": 316.0}, {"male": 391.0, "name": "50 to 54 years", "female": 396.0}, {"male": 350.0, "name": "55 to 59 years", "female": 346.0}, {"male": 137.0, "name": "60 to 61 years", "female": 113.0}, {"male": 144.0, "name": "62 to 64 years", "female": 118.0}, {"male": 69.0, "name": "65 and 66 years", "female": 74.0}, {"male": 97.0, "name": "67 to 69 years", "female": 79.0}, {"male": 119.0, "name": "70 to 74 years", "female": 138.0}, {"male": 68.0, "name": "75 to 79 years", "female": 97.0}, {"male": 53.0, "name": "80 to 84 years", "female": 77.0}, {"male": 35.0, "name": "85 years and over", "female": 102.0}], "age_by_sex": [{"name": "Male", "value": 37.600000000000001}, {"name": "Female", "value": 38.700000000000003}], "GEOID": "02220", "NECTA": ""}, "Lake and Peninsula Borough": {"CNECTA": "", "COUNTY": "164", "HU100": "1502", "NAME": "Lake and Peninsula Borough", "P001001.2000": "1823", "CSA": "999", "P001001": "1631", "POP100": "1631", "SUMLEV": "050", "STATE": "02", "CBSA": "99999", "race": [{"name": "White", "value": 380}, {"name": "Black", "value": 9}, {"name": "American Indian or Alaska", "value": 1061}, {"name": "Asian", "value": 6}, {"name": "Native Hawaiian", "value": 5}, {"name": "Other Race", "value": 6}, {"name": "Two or More Races", "value": 164}], "HU100.2000": "1557", "POP100.2000": "1823", "sex_by_age": [{"male": 67.0, "name": "Under 5 years", "female": 71.0}, {"male": 63.0, "name": "5 to 9 years", "female": 59.0}, {"male": 67.0, "name": "10 to 14 years", "female": 71.0}, {"male": 48.0, "name": "15 to 17 years", "female": 46.0}, {"male": 25.0, "name": "18 and 19 years", "female": 30.0}, {"male": 14.0, "name": "20 years", "female": 19.0}, {"male": 13.0, "name": "21 years", "female": 13.0}, {"male": 36.0, "name": "22 to 24 years", "female": 34.0}, {"male": 64.0, "name": "25 to 29 years", "female": 60.0}, {"male": 58.0, "name": "30 to 34 years", "female": 44.0}, {"male": 41.0, "name": "35 to 39 years", "female": 35.0}, {"male": 49.0, "name": "40 to 44 years", "female": 37.0}, {"male": 80.0, "name": "45 to 49 years", "female": 54.0}, {"male": 83.0, "name": "50 to 54 years", "female": 57.0}, {"male": 47.0, "name": "55 to 59 years", "female": 48.0}, {"male": 13.0, "name": "60 to 61 years", "female": 17.0}, {"male": 23.0, "name": "62 to 64 years", "female": 18.0}, {"male": 15.0, "name": "65 and 66 years", "female": 13.0}, {"male": 16.0, "name": "67 to 69 years", "female": 12.0}, {"male": 19.0, "name": "70 to 74 years", "female": 16.0}, {"male": 9.0, "name": "75 to 79 years", "female": 6.0}, {"male": 7.0, "name": "80 to 84 years", "female": 4.0}, {"male": 2.0, "name": "85 years and over", "female": 8.0}], "age_by_sex": [{"name": "Male", "value": 32.5}, {"name": "Female", "value": 28.5}], "GEOID": "02164", "NECTA": ""}, "Wrangell City and Borough": {"CNECTA": "", "COUNTY": "275", "HU100": "1428", "NAME": "Wrangell City and Borough", "P001001.2000": "", "CSA": "999", "P001001": "2369", "POP100": "2369", "SUMLEV": "050", "STATE": "02", "CBSA": "99999", "race": [{"name": "White", "value": 1719}, {"name": "Black", "value": 4}, {"name": "American Indian or Alaska", "value": 384}, {"name": "Asian", "value": 33}, {"name": "Native Hawaiian", "value": 1}, {"name": "Other Race", "value": 5}, {"name": "Two or More Races", "value": 223}], "HU100.2000": "", "POP100.2000": "", "sex_by_age": [{"male": 60.0, "name": "Under 5 years", "female": 69.0}, {"male": 65.0, "name": "5 to 9 years", "female": 71.0}, {"male": 84.0, "name": "10 to 14 years", "female": 71.0}, {"male": 57.0, "name": "15 to 17 years", "female": 43.0}, {"male": 29.0, "name": "18 and 19 years", "female": 23.0}, {"male": 14.0, "name": "20 years", "female": 9.0}, {"male": 14.0, "name": "21 years", "female": 5.0}, {"male": 42.0, "name": "22 to 24 years", "female": 32.0}, {"male": 60.0, "name": "25 to 29 years", "female": 55.0}, {"male": 42.0, "name": "30 to 34 years", "female": 46.0}, {"male": 59.0, "name": "35 to 39 years", "female": 55.0}, {"male": 57.0, "name": "40 to 44 years", "female": 70.0}, {"male": 102.0, "name": "45 to 49 years", "female": 84.0}, {"male": 130.0, "name": "50 to 54 years", "female": 113.0}, {"male": 123.0, "name": "55 to 59 years", "female": 112.0}, {"male": 52.0, "name": "60 to 61 years", "female": 32.0}, {"male": 58.0, "name": "62 to 64 years", "female": 57.0}, {"male": 25.0, "name": "65 and 66 years", "female": 26.0}, {"male": 39.0, "name": "67 to 69 years", "female": 33.0}, {"male": 62.0, "name": "70 to 74 years", "female": 48.0}, {"male": 36.0, "name": "75 to 79 years", "female": 30.0}, {"male": 21.0, "name": "80 to 84 years", "female": 21.0}, {"male": 11.0, "name": "85 years and over", "female": 22.0}], "age_by_sex": [{"name": "Male", "value": 47.200000000000003}, {"name": "Female", "value": 46.100000000000001}], "GEOID": "02275", "NECTA": ""}, "Fairbanks North Star Borough": {"CNECTA": "", "COUNTY": "090", "HU100": "41783", "NAME": "Fairbanks North Star Borough", "P001001.2000": "82840", "CSA": "999", "P001001": "97581", "POP100": "97581", "SUMLEV": "050", "STATE": "02", "CBSA": "21820", "race": [{"name": "White", "value": 75175}, {"name": "Black", "value": 4423}, {"name": "American Indian or Alaska", "value": 6879}, {"name": "Asian", "value": 2591}, {"name": "Native Hawaiian", "value": 396}, {"name": "Other Race", "value": 1446}, {"name": "Two or More Races", "value": 6671}], "HU100.2000": "33291", "POP100.2000": "82840", "sex_by_age": [{"male": 4114.0, "name": "Under 5 years", "female": 3808.0}, {"male": 3567.0, "name": "5 to 9 years", "female": 3418.0}, {"male": 3274.0, "name": "10 to 14 years", "female": 3024.0}, {"male": 1953.0, "name": "15 to 17 years", "female": 1843.0}, {"male": 1576.0, "name": "18 and 19 years", "female": 1406.0}, {"male": 1028.0, "name": "20 years", "female": 846.0}, {"male": 1194.0, "name": "21 years", "female": 849.0}, {"male": 3567.0, "name": "22 to 24 years", "female": 2611.0}, {"male": 5017.0, "name": "25 to 29 years", "female": 4013.0}, {"male": 3809.0, "name": "30 to 34 years", "female": 3401.0}, {"male": 3417.0, "name": "35 to 39 years", "female": 3075.0}, {"male": 3105.0, "name": "40 to 44 years", "female": 2870.0}, {"male": 3364.0, "name": "45 to 49 years", "female": 3261.0}, {"male": 3536.0, "name": "50 to 54 years", "female": 3384.0}, {"male": 3321.0, "name": "55 to 59 years", "female": 2980.0}, {"male": 1139.0, "name": "60 to 61 years", "female": 954.0}, {"male": 1362.0, "name": "62 to 64 years", "female": 1120.0}, {"male": 654.0, "name": "65 and 66 years", "female": 542.0}, {"male": 767.0, "name": "67 to 69 years", "female": 674.0}, {"male": 794.0, "name": "70 to 74 years", "female": 739.0}, {"male": 465.0, "name": "75 to 79 years", "female": 500.0}, {"male": 330.0, "name": "80 to 84 years", "female": 389.0}, {"male": 178.0, "name": "85 years and over", "female": 343.0}], "age_by_sex": [{"name": "Male", "value": 30.5}, {"name": "Female", "value": 31.699999999999999}], "GEOID": "02090", "NECTA": ""}, "Matanuska-Susitna Borough": {"CNECTA": "", "COUNTY": "170", "HU100": "41329", "NAME": "Matanuska-Susitna Borough", "P001001.2000": "59322", "CSA": "999", "P001001": "88995", "POP100": "88995", "SUMLEV": "050", "STATE": "02", "CBSA": "11260", "race": [{"name": "White", "value": 75540}, {"name": "Black", "value": 856}, {"name": "American Indian or Alaska", "value": 4901}, {"name": "Asian", "value": 1096}, {"name": "Native Hawaiian", "value": 221}, {"name": "Other Race", "value": 640}, {"name": "Two or More Races", "value": 5741}], "HU100.2000": "27329", "POP100.2000": "59322", "sex_by_age": [{"male": 3616.0, "name": "Under 5 years", "female": 3284.0}, {"male": 3631.0, "name": "5 to 9 years", "female": 3451.0}, {"male": 3741.0, "name": "10 to 14 years", "female": 3448.0}, {"male": 2315.0, "name": "15 to 17 years", "female": 2233.0}, {"male": 1265.0, "name": "18 and 19 years", "female": 1172.0}, {"male": 573.0, "name": "20 years", "female": 459.0}, {"male": 564.0, "name": "21 years", "female": 429.0}, {"male": 1533.0, "name": "22 to 24 years", "female": 1451.0}, {"male": 3011.0, "name": "25 to 29 years", "female": 2838.0}, {"male": 2944.0, "name": "30 to 34 years", "female": 2794.0}, {"male": 3006.0, "name": "35 to 39 years", "female": 2940.0}, {"male": 3236.0, "name": "40 to 44 years", "female": 2998.0}, {"male": 3642.0, "name": "45 to 49 years", "female": 3425.0}, {"male": 3837.0, "name": "50 to 54 years", "female": 3442.0}, {"male": 3341.0, "name": "55 to 59 years", "female": 3023.0}, {"male": 1019.0, "name": "60 to 61 years", "female": 933.0}, {"male": 1200.0, "name": "62 to 64 years", "female": 1132.0}, {"male": 660.0, "name": "65 and 66 years", "female": 617.0}, {"male": 899.0, "name": "67 to 69 years", "female": 737.0}, {"male": 890.0, "name": "70 to 74 years", "female": 822.0}, {"male": 589.0, "name": "75 to 79 years", "female": 599.0}, {"male": 338.0, "name": "80 to 84 years", "female": 392.0}, {"male": 190.0, "name": "85 years and over", "female": 336.0}], "age_by_sex": [{"name": "Male", "value": 34.700000000000003}, {"name": "Female", "value": 34.799999999999997}], "GEOID": "02170", "NECTA": ""}, "Kenai Peninsula Borough": {"CNECTA": "", "COUNTY": "122", "HU100": "30578", "NAME": "Kenai Peninsula Borough", "P001001.2000": "49691", "CSA": "999", "P001001": "55400", "POP100": "55400", "SUMLEV": "050", "STATE": "02", "CBSA": "99999", "race": [{"name": "White", "value": 46857}, {"name": "Black", "value": 269}, {"name": "American Indian or Alaska", "value": 4081}, {"name": "Asian", "value": 631}, {"name": "Native Hawaiian", "value": 119}, {"name": "Other Race", "value": 336}, {"name": "Two or More Races", "value": 3107}], "HU100.2000": "24871", "POP100.2000": "49691", "sex_by_age": [{"male": 1713.0, "name": "Under 5 years", "female": 1751.0}, {"male": 1773.0, "name": "5 to 9 years", "female": 1661.0}, {"male": 1897.0, "name": "10 to 14 years", "female": 1865.0}, {"male": 1276.0, "name": "15 to 17 years", "female": 1175.0}, {"male": 847.0, "name": "18 and 19 years", "female": 661.0}, {"male": 366.0, "name": "20 years", "female": 292.0}, {"male": 328.0, "name": "21 years", "female": 261.0}, {"male": 1037.0, "name": "22 to 24 years", "female": 782.0}, {"male": 1746.0, "name": "25 to 29 years", "female": 1499.0}, {"male": 1622.0, "name": "30 to 34 years", "female": 1423.0}, {"male": 1754.0, "name": "35 to 39 years", "female": 1557.0}, {"male": 1838.0, "name": "40 to 44 years", "female": 1706.0}, {"male": 2287.0, "name": "45 to 49 years", "female": 2097.0}, {"male": 2661.0, "name": "50 to 54 years", "female": 2482.0}, {"male": 2646.0, "name": "55 to 59 years", "female": 2411.0}, {"male": 912.0, "name": "60 to 61 years", "female": 777.0}, {"male": 1077.0, "name": "62 to 64 years", "female": 944.0}, {"male": 653.0, "name": "65 and 66 years", "female": 493.0}, {"male": 788.0, "name": "67 to 69 years", "female": 651.0}, {"male": 794.0, "name": "70 to 74 years", "female": 685.0}, {"male": 531.0, "name": "75 to 79 years", "female": 509.0}, {"male": 289.0, "name": "80 to 84 years", "female": 350.0}, {"male": 203.0, "name": "85 years and over", "female": 330.0}], "age_by_sex": [{"name": "Male", "value": 40.399999999999999}, {"name": "Female", "value": 40.799999999999997}], "GEOID": "02122", "NECTA": ""}}