{"Wayne County": {"CNECTA": "", "COUNTY": "055", "HU100": "1591", "NAME": "Wayne County", "P001001.2000": "2509", "CSA": "999", "P001001": "2778", "POP100": "2778", "SUMLEV": "050", "STATE": "49", "CBSA": "99999", "race": [{"name": "White", "value": 2634}, {"name": "Black", "value": 2}, {"name": "American Indian or Alaska", "value": 13}, {"name": "Asian", "value": 19}, {"name": "Native Hawaiian", "value": 4}, {"name": "Other Race", "value": 60}, {"name": "Two or More Races", "value": 46}], "HU100.2000": "1329", "POP100.2000": "2509", "sex_by_age": [{"male": 99.0, "name": "Under 5 years", "female": 101.0}, {"male": 126.0, "name": "5 to 9 years", "female": 136.0}, {"male": 120.0, "name": "10 to 14 years", "female": 118.0}, {"male": 78.0, "name": "15 to 17 years", "female": 60.0}, {"male": 34.0, "name": "18 and 19 years", "female": 24.0}, {"male": 10.0, "name": "20 years", "female": 7.0}, {"male": 10.0, "name": "21 years", "female": 9.0}, {"male": 35.0, "name": "22 to 24 years", "female": 31.0}, {"male": 82.0, "name": "25 to 29 years", "female": 75.0}, {"male": 82.0, "name": "30 to 34 years", "female": 83.0}, {"male": 70.0, "name": "35 to 39 years", "female": 94.0}, {"male": 76.0, "name": "40 to 44 years", "female": 59.0}, {"male": 87.0, "name": "45 to 49 years", "female": 82.0}, {"male": 87.0, "name": "50 to 54 years", "female": 104.0}, {"male": 107.0, "name": "55 to 59 years", "female": 86.0}, {"male": 41.0, "name": "60 to 61 years", "female": 33.0}, {"male": 56.0, "name": "62 to 64 years", "female": 51.0}, {"male": 31.0, "name": "65 and 66 years", "female": 33.0}, {"male": 44.0, "name": "67 to 69 years", "female": 34.0}, {"male": 47.0, "name": "70 to 74 years", "female": 49.0}, {"male": 33.0, "name": "75 to 79 years", "female": 38.0}, {"male": 28.0, "name": "80 to 84 years", "female": 27.0}, {"male": 21.0, "name": "85 years and over", "female": 40.0}], "age_by_sex": [{"name": "Male", "value": 37.0}, {"name": "Female", "value": 37.100000000000001}], "GEOID": "49055", "NECTA": ""}, "Beaver County": {"CNECTA": "", "COUNTY": "001", "HU100": "2908", "NAME": "Beaver County", "P001001.2000": "6005", "CSA": "999", "P001001": "6629", "POP100": "6629", "SUMLEV": "050", "STATE": "49", "CBSA": "99999", "race": [{"name": "White", "value": 5900}, {"name": "Black", "value": 16}, {"name": "American Indian or Alaska", "value": 76}, {"name": "Asian", "value": 70}, {"name": "Native Hawaiian", "value": 19}, {"name": "Other Race", "value": 455}, {"name": "Two or More Races", "value": 93}], "HU100.2000": "2660", "POP100.2000": "6005", "sex_by_age": [{"male": 311.0, "name": "Under 5 years", "female": 303.0}, {"male": 338.0, "name": "5 to 9 years", "female": 293.0}, {"male": 334.0, "name": "10 to 14 years", "female": 293.0}, {"male": 193.0, "name": "15 to 17 years", "female": 179.0}, {"male": 112.0, "name": "18 and 19 years", "female": 78.0}, {"male": 30.0, "name": "20 years", "female": 27.0}, {"male": 34.0, "name": "21 years", "female": 19.0}, {"male": 85.0, "name": "22 to 24 years", "female": 84.0}, {"male": 204.0, "name": "25 to 29 years", "female": 219.0}, {"male": 234.0, "name": "30 to 34 years", "female": 219.0}, {"male": 185.0, "name": "35 to 39 years", "female": 193.0}, {"male": 186.0, "name": "40 to 44 years", "female": 157.0}, {"male": 199.0, "name": "45 to 49 years", "female": 181.0}, {"male": 215.0, "name": "50 to 54 years", "female": 215.0}, {"male": 191.0, "name": "55 to 59 years", "female": 183.0}, {"male": 85.0, "name": "60 to 61 years", "female": 61.0}, {"male": 66.0, "name": "62 to 64 years", "female": 91.0}, {"male": 62.0, "name": "65 and 66 years", "female": 57.0}, {"male": 81.0, "name": "67 to 69 years", "female": 84.0}, {"male": 95.0, "name": "70 to 74 years", "female": 88.0}, {"male": 77.0, "name": "75 to 79 years", "female": 85.0}, {"male": 55.0, "name": "80 to 84 years", "female": 58.0}, {"male": 38.0, "name": "85 years and over", "female": 52.0}], "age_by_sex": [{"name": "Male", "value": 31.300000000000001}, {"name": "Female", "value": 32.5}], "GEOID": "49001", "NECTA": ""}, "San Juan County": {"CNECTA": "", "COUNTY": "037", "HU100": "5734", "NAME": "San Juan County", "P001001.2000": "14413", "CSA": "999", "P001001": "14746", "POP100": "14746", "SUMLEV": "050", "STATE": "49", "CBSA": "99999", "race": [{"name": "White", "value": 6759}, {"name": "Black", "value": 25}, {"name": "American Indian or Alaska", "value": 7431}, {"name": "Asian", "value": 37}, {"name": "Native Hawaiian", "value": 5}, {"name": "Other Race", "value": 150}, {"name": "Two or More Races", "value": 339}], "HU100.2000": "5449", "POP100.2000": "14413", "sex_by_age": [{"male": 713.0, "name": "Under 5 years", "female": 634.0}, {"male": 676.0, "name": "5 to 9 years", "female": 685.0}, {"male": 754.0, "name": "10 to 14 years", "female": 661.0}, {"male": 444.0, "name": "15 to 17 years", "female": 450.0}, {"male": 265.0, "name": "18 and 19 years", "female": 241.0}, {"male": 112.0, "name": "20 years", "female": 101.0}, {"male": 116.0, "name": "21 years", "female": 92.0}, {"male": 291.0, "name": "22 to 24 years", "female": 275.0}, {"male": 441.0, "name": "25 to 29 years", "female": 442.0}, {"male": 438.0, "name": "30 to 34 years", "female": 424.0}, {"male": 438.0, "name": "35 to 39 years", "female": 453.0}, {"male": 419.0, "name": "40 to 44 years", "female": 349.0}, {"male": 453.0, "name": "45 to 49 years", "female": 458.0}, {"male": 411.0, "name": "50 to 54 years", "female": 481.0}, {"male": 362.0, "name": "55 to 59 years", "female": 392.0}, {"male": 133.0, "name": "60 to 61 years", "female": 142.0}, {"male": 203.0, "name": "62 to 64 years", "female": 197.0}, {"male": 116.0, "name": "65 and 66 years", "female": 112.0}, {"male": 142.0, "name": "67 to 69 years", "female": 173.0}, {"male": 198.0, "name": "70 to 74 years", "female": 208.0}, {"male": 130.0, "name": "75 to 79 years", "female": 145.0}, {"male": 73.0, "name": "80 to 84 years", "female": 127.0}, {"male": 75.0, "name": "85 years and over", "female": 101.0}], "age_by_sex": [{"name": "Male", "value": 28.699999999999999}, {"name": "Female", "value": 30.899999999999999}], "GEOID": "49037", "NECTA": ""}, "Duchesne County": {"CNECTA": "", "COUNTY": "013", "HU100": "9493", "NAME": "Duchesne County", "P001001.2000": "14371", "CSA": "999", "P001001": "18607", "POP100": "18607", "SUMLEV": "050", "STATE": "49", "CBSA": "99999", "race": [{"name": "White", "value": 16589}, {"name": "Black", "value": 44}, {"name": "American Indian or Alaska", "value": 842}, {"name": "Asian", "value": 52}, {"name": "Native Hawaiian", "value": 51}, {"name": "Other Race", "value": 491}, {"name": "Two or More Races", "value": 538}], "HU100.2000": "6988", "POP100.2000": "14371", "sex_by_age": [{"male": 990.0, "name": "Under 5 years", "female": 1001.0}, {"male": 894.0, "name": "5 to 9 years", "female": 879.0}, {"male": 820.0, "name": "10 to 14 years", "female": 776.0}, {"male": 480.0, "name": "15 to 17 years", "female": 469.0}, {"male": 246.0, "name": "18 and 19 years", "female": 234.0}, {"male": 109.0, "name": "20 years", "female": 96.0}, {"male": 150.0, "name": "21 years", "female": 118.0}, {"male": 357.0, "name": "22 to 24 years", "female": 390.0}, {"male": 707.0, "name": "25 to 29 years", "female": 697.0}, {"male": 720.0, "name": "30 to 34 years", "female": 629.0}, {"male": 560.0, "name": "35 to 39 years", "female": 493.0}, {"male": 479.0, "name": "40 to 44 years", "female": 437.0}, {"male": 521.0, "name": "45 to 49 years", "female": 530.0}, {"male": 577.0, "name": "50 to 54 years", "female": 553.0}, {"male": 482.0, "name": "55 to 59 years", "female": 447.0}, {"male": 188.0, "name": "60 to 61 years", "female": 160.0}, {"male": 220.0, "name": "62 to 64 years", "female": 214.0}, {"male": 154.0, "name": "65 and 66 years", "female": 142.0}, {"male": 196.0, "name": "67 to 69 years", "female": 164.0}, {"male": 233.0, "name": "70 to 74 years", "female": 281.0}, {"male": 198.0, "name": "75 to 79 years", "female": 186.0}, {"male": 106.0, "name": "80 to 84 years", "female": 134.0}, {"male": 68.0, "name": "85 years and over", "female": 122.0}], "age_by_sex": [{"name": "Male", "value": 29.800000000000001}, {"name": "Female", "value": 29.5}], "GEOID": "49013", "NECTA": ""}, "Piute County": {"CNECTA": "", "COUNTY": "031", "HU100": "898", "NAME": "Piute County", "P001001.2000": "1435", "CSA": "999", "P001001": "1556", "POP100": "1556", "SUMLEV": "050", "STATE": "49", "CBSA": "99999", "race": [{"name": "White", "value": 1474}, {"name": "Black", "value": 2}, {"name": "American Indian or Alaska", "value": 5}, {"name": "Asian", "value": 6}, {"name": "Native Hawaiian", "value": 2}, {"name": "Other Race", "value": 46}, {"name": "Two or More Races", "value": 21}], "HU100.2000": "745", "POP100.2000": "1435", "sex_by_age": [{"male": 52.0, "name": "Under 5 years", "female": 58.0}, {"male": 71.0, "name": "5 to 9 years", "female": 62.0}, {"male": 86.0, "name": "10 to 14 years", "female": 60.0}, {"male": 44.0, "name": "15 to 17 years", "female": 35.0}, {"male": 18.0, "name": "18 and 19 years", "female": 16.0}, {"male": 4.0, "name": "20 years", "female": 5.0}, {"male": 7.0, "name": "21 years", "female": 3.0}, {"male": 17.0, "name": "22 to 24 years", "female": 10.0}, {"male": 36.0, "name": "25 to 29 years", "female": 36.0}, {"male": 39.0, "name": "30 to 34 years", "female": 37.0}, {"male": 37.0, "name": "35 to 39 years", "female": 37.0}, {"male": 35.0, "name": "40 to 44 years", "female": 28.0}, {"male": 49.0, "name": "45 to 49 years", "female": 36.0}, {"male": 49.0, "name": "50 to 54 years", "female": 50.0}, {"male": 42.0, "name": "55 to 59 years", "female": 61.0}, {"male": 22.0, "name": "60 to 61 years", "female": 25.0}, {"male": 30.0, "name": "62 to 64 years", "female": 27.0}, {"male": 24.0, "name": "65 and 66 years", "female": 28.0}, {"male": 27.0, "name": "67 to 69 years", "female": 32.0}, {"male": 44.0, "name": "70 to 74 years", "female": 46.0}, {"male": 27.0, "name": "75 to 79 years", "female": 27.0}, {"male": 25.0, "name": "80 to 84 years", "female": 19.0}, {"male": 11.0, "name": "85 years and over", "female": 22.0}], "age_by_sex": [{"name": "Male", "value": 37.600000000000001}, {"name": "Female", "value": 43.5}], "GEOID": "49031", "NECTA": ""}, "Daggett County": {"CNECTA": "", "COUNTY": "009", "HU100": "1141", "NAME": "Daggett County", "P001001.2000": "921", "CSA": "999", "P001001": "1059", "POP100": "1059", "SUMLEV": "050", "STATE": "49", "CBSA": "99999", "race": [{"name": "White", "value": 1016}, {"name": "Black", "value": 4}, {"name": "American Indian or Alaska", "value": 8}, {"name": "Asian", "value": 4}, {"name": "Native Hawaiian", "value": 1}, {"name": "Other Race", "value": 15}, {"name": "Two or More Races", "value": 11}], "HU100.2000": "1084", "POP100.2000": "921", "sex_by_age": [{"male": 32.0, "name": "Under 5 years", "female": 35.0}, {"male": 40.0, "name": "5 to 9 years", "female": 35.0}, {"male": 36.0, "name": "10 to 14 years", "female": 24.0}, {"male": 20.0, "name": "15 to 17 years", "female": 21.0}, {"male": 4.0, "name": "18 and 19 years", "female": 3.0}, {"male": 4.0, "name": "20 years", "female": 2.0}, {"male": 4.0, "name": "21 years", "female": 0.0}, {"male": 15.0, "name": "22 to 24 years", "female": 15.0}, {"male": 48.0, "name": "25 to 29 years", "female": 26.0}, {"male": 42.0, "name": "30 to 34 years", "female": 31.0}, {"male": 35.0, "name": "35 to 39 years", "female": 26.0}, {"male": 33.0, "name": "40 to 44 years", "female": 23.0}, {"male": 29.0, "name": "45 to 49 years", "female": 36.0}, {"male": 45.0, "name": "50 to 54 years", "female": 24.0}, {"male": 49.0, "name": "55 to 59 years", "female": 40.0}, {"male": 14.0, "name": "60 to 61 years", "female": 15.0}, {"male": 26.0, "name": "62 to 64 years", "female": 26.0}, {"male": 21.0, "name": "65 and 66 years", "female": 10.0}, {"male": 24.0, "name": "67 to 69 years", "female": 20.0}, {"male": 29.0, "name": "70 to 74 years", "female": 23.0}, {"male": 29.0, "name": "75 to 79 years", "female": 13.0}, {"male": 18.0, "name": "80 to 84 years", "female": 13.0}, {"male": 0.0, "name": "85 years and over", "female": 1.0}], "age_by_sex": [{"name": "Male", "value": 42.899999999999999}, {"name": "Female", "value": 42.799999999999997}], "GEOID": "49009", "NECTA": ""}, "Morgan County": {"CNECTA": "", "COUNTY": "029", "HU100": "3006", "NAME": "Morgan County", "P001001.2000": "7129", "CSA": "482", "P001001": "9469", "POP100": "9469", "SUMLEV": "050", "STATE": "49", "CBSA": "36260", "race": [{"name": "White", "value": 9234}, {"name": "Black", "value": 16}, {"name": "American Indian or Alaska", "value": 18}, {"name": "Asian", "value": 34}, {"name": "Native Hawaiian", "value": 10}, {"name": "Other Race", "value": 66}, {"name": "Two or More Races", "value": 91}], "HU100.2000": "2158", "POP100.2000": "7129", "sex_by_age": [{"male": 463.0, "name": "Under 5 years", "female": 441.0}, {"male": 504.0, "name": "5 to 9 years", "female": 440.0}, {"male": 477.0, "name": "10 to 14 years", "female": 465.0}, {"male": 286.0, "name": "15 to 17 years", "female": 273.0}, {"male": 142.0, "name": "18 and 19 years", "female": 132.0}, {"male": 56.0, "name": "20 years", "female": 45.0}, {"male": 33.0, "name": "21 years", "female": 47.0}, {"male": 143.0, "name": "22 to 24 years", "female": 114.0}, {"male": 229.0, "name": "25 to 29 years", "female": 257.0}, {"male": 268.0, "name": "30 to 34 years", "female": 289.0}, {"male": 284.0, "name": "35 to 39 years", "female": 324.0}, {"male": 270.0, "name": "40 to 44 years", "female": 288.0}, {"male": 314.0, "name": "45 to 49 years", "female": 315.0}, {"male": 337.0, "name": "50 to 54 years", "female": 281.0}, {"male": 281.0, "name": "55 to 59 years", "female": 269.0}, {"male": 71.0, "name": "60 to 61 years", "female": 86.0}, {"male": 128.0, "name": "62 to 64 years", "female": 120.0}, {"male": 64.0, "name": "65 and 66 years", "female": 67.0}, {"male": 102.0, "name": "67 to 69 years", "female": 117.0}, {"male": 134.0, "name": "70 to 74 years", "female": 124.0}, {"male": 96.0, "name": "75 to 79 years", "female": 88.0}, {"male": 53.0, "name": "80 to 84 years", "female": 60.0}, {"male": 36.0, "name": "85 years and over", "female": 56.0}], "age_by_sex": [{"name": "Male", "value": 31.199999999999999}, {"name": "Female", "value": 32.700000000000003}], "GEOID": "49029", "NECTA": ""}, "Box Elder County": {"CNECTA": "", "COUNTY": "003", "HU100": "17326", "NAME": "Box Elder County", "P001001.2000": "42745", "CSA": "482", "P001001": "49975", "POP100": "49975", "SUMLEV": "050", "STATE": "49", "CBSA": "14940", "race": [{"name": "White", "value": 45861}, {"name": "Black", "value": 172}, {"name": "American Indian or Alaska", "value": 412}, {"name": "Asian", "value": 443}, {"name": "Native Hawaiian", "value": 84}, {"name": "Other Race", "value": 1886}, {"name": "Two or More Races", "value": 1117}], "HU100.2000": "14209", "POP100.2000": "42745", "sex_by_age": [{"male": 2571.0, "name": "Under 5 years", "female": 2401.0}, {"male": 2407.0, "name": "5 to 9 years", "female": 2373.0}, {"male": 2401.0, "name": "10 to 14 years", "female": 2123.0}, {"male": 1421.0, "name": "15 to 17 years", "female": 1281.0}, {"male": 669.0, "name": "18 and 19 years", "female": 644.0}, {"male": 312.0, "name": "20 years", "female": 266.0}, {"male": 306.0, "name": "21 years", "female": 246.0}, {"male": 801.0, "name": "22 to 24 years", "female": 844.0}, {"male": 1700.0, "name": "25 to 29 years", "female": 1770.0}, {"male": 1826.0, "name": "30 to 34 years", "female": 1774.0}, {"male": 1474.0, "name": "35 to 39 years", "female": 1498.0}, {"male": 1343.0, "name": "40 to 44 years", "female": 1292.0}, {"male": 1502.0, "name": "45 to 49 years", "female": 1515.0}, {"male": 1585.0, "name": "50 to 54 years", "female": 1546.0}, {"male": 1309.0, "name": "55 to 59 years", "female": 1286.0}, {"male": 423.0, "name": "60 to 61 years", "female": 392.0}, {"male": 556.0, "name": "62 to 64 years", "female": 555.0}, {"male": 340.0, "name": "65 and 66 years", "female": 373.0}, {"male": 424.0, "name": "67 to 69 years", "female": 498.0}, {"male": 648.0, "name": "70 to 74 years", "female": 726.0}, {"male": 546.0, "name": "75 to 79 years", "female": 610.0}, {"male": 379.0, "name": "80 to 84 years", "female": 408.0}, {"male": 242.0, "name": "85 years and over", "female": 369.0}], "age_by_sex": [{"name": "Male", "value": 30.0}, {"name": "Female", "value": 31.300000000000001}], "GEOID": "49003", "NECTA": ""}, "Davis County": {"CNECTA": "", "COUNTY": "011", "HU100": "97570", "NAME": "Davis County", "P001001.2000": "238994", "CSA": "482", "P001001": "306479", "POP100": "306479", "SUMLEV": "050", "STATE": "49", "CBSA": "36260", "race": [{"name": "White", "value": 275956}, {"name": "Black", "value": 3702}, {"name": "American Indian or Alaska", "value": 1424}, {"name": "Asian", "value": 5416}, {"name": "Native Hawaiian", "value": 1813}, {"name": "Other Race", "value": 9923}, {"name": "Two or More Races", "value": 8245}], "HU100.2000": "74114", "POP100.2000": "238994", "sex_by_age": [{"male": 16245.0, "name": "Under 5 years", "female": 15115.0}, {"male": 15880.0, "name": "5 to 9 years", "female": 14793.0}, {"male": 14262.0, "name": "10 to 14 years", "female": 13497.0}, {"male": 8114.0, "name": "15 to 17 years", "female": 7433.0}, {"male": 4627.0, "name": "18 and 19 years", "female": 4150.0}, {"male": 2004.0, "name": "20 years", "female": 1875.0}, {"male": 2215.0, "name": "21 years", "female": 1969.0}, {"male": 6129.0, "name": "22 to 24 years", "female": 5899.0}, {"male": 11559.0, "name": "25 to 29 years", "female": 11541.0}, {"male": 12380.0, "name": "30 to 34 years", "female": 12477.0}, {"male": 10206.0, "name": "35 to 39 years", "female": 10343.0}, {"male": 8793.0, "name": "40 to 44 years", "female": 8924.0}, {"male": 8870.0, "name": "45 to 49 years", "female": 9020.0}, {"male": 8671.0, "name": "50 to 54 years", "female": 8708.0}, {"male": 7150.0, "name": "55 to 59 years", "female": 7393.0}, {"male": 2375.0, "name": "60 to 61 years", "female": 2496.0}, {"male": 3123.0, "name": "62 to 64 years", "female": 3251.0}, {"male": 1644.0, "name": "65 and 66 years", "female": 1798.0}, {"male": 2142.0, "name": "67 to 69 years", "female": 2418.0}, {"male": 2728.0, "name": "70 to 74 years", "female": 3145.0}, {"male": 2210.0, "name": "75 to 79 years", "female": 2553.0}, {"male": 1434.0, "name": "80 to 84 years", "female": 1878.0}, {"male": 1130.0, "name": "85 years and over", "female": 1912.0}], "age_by_sex": [{"name": "Male", "value": 28.399999999999999}, {"name": "Female", "value": 30.0}], "GEOID": "49011", "NECTA": ""}, "Garfield County": {"CNECTA": "", "COUNTY": "017", "HU100": "3726", "NAME": "Garfield County", "P001001.2000": "4735", "CSA": "999", "P001001": "5172", "POP100": "5172", "SUMLEV": "050", "STATE": "49", "CBSA": "99999", "race": [{"name": "White", "value": 4869}, {"name": "Black", "value": 22}, {"name": "American Indian or Alaska", "value": 85}, {"name": "Asian", "value": 61}, {"name": "Native Hawaiian", "value": 10}, {"name": "Other Race", "value": 81}, {"name": "Two or More Races", "value": 44}], "HU100.2000": "2767", "POP100.2000": "4735", "sex_by_age": [{"male": 199.0, "name": "Under 5 years", "female": 177.0}, {"male": 195.0, "name": "5 to 9 years", "female": 181.0}, {"male": 210.0, "name": "10 to 14 years", "female": 177.0}, {"male": 126.0, "name": "15 to 17 years", "female": 114.0}, {"male": 76.0, "name": "18 and 19 years", "female": 60.0}, {"male": 26.0, "name": "20 years", "female": 22.0}, {"male": 24.0, "name": "21 years", "female": 37.0}, {"male": 77.0, "name": "22 to 24 years", "female": 72.0}, {"male": 163.0, "name": "25 to 29 years", "female": 127.0}, {"male": 168.0, "name": "30 to 34 years", "female": 125.0}, {"male": 141.0, "name": "35 to 39 years", "female": 146.0}, {"male": 110.0, "name": "40 to 44 years", "female": 121.0}, {"male": 167.0, "name": "45 to 49 years", "female": 154.0}, {"male": 192.0, "name": "50 to 54 years", "female": 174.0}, {"male": 208.0, "name": "55 to 59 years", "female": 204.0}, {"male": 61.0, "name": "60 to 61 years", "female": 83.0}, {"male": 125.0, "name": "62 to 64 years", "female": 99.0}, {"male": 55.0, "name": "65 and 66 years", "female": 37.0}, {"male": 76.0, "name": "67 to 69 years", "female": 74.0}, {"male": 109.0, "name": "70 to 74 years", "female": 97.0}, {"male": 76.0, "name": "75 to 79 years", "female": 89.0}, {"male": 50.0, "name": "80 to 84 years", "female": 58.0}, {"male": 40.0, "name": "85 years and over", "female": 70.0}], "age_by_sex": [{"name": "Male", "value": 37.799999999999997}, {"name": "Female", "value": 40.5}], "GEOID": "49017", "NECTA": ""}, "Iron County": {"CNECTA": "", "COUNTY": "021", "HU100": "19667", "NAME": "Iron County", "P001001.2000": "33779", "CSA": "999", "P001001": "46163", "POP100": "46163", "SUMLEV": "050", "STATE": "49", "CBSA": "16260", "race": [{"name": "White", "value": 41848}, {"name": "Black", "value": 227}, {"name": "American Indian or Alaska", "value": 1019}, {"name": "Asian", "value": 349}, {"name": "Native Hawaiian", "value": 139}, {"name": "Other Race", "value": 1502}, {"name": "Two or More Races", "value": 1079}], "HU100.2000": "13618", "POP100.2000": "33779", "sex_by_age": [{"male": 2196.0, "name": "Under 5 years", "female": 2083.0}, {"male": 1960.0, "name": "5 to 9 years", "female": 1874.0}, {"male": 1828.0, "name": "10 to 14 years", "female": 1819.0}, {"male": 1163.0, "name": "15 to 17 years", "female": 1021.0}, {"male": 999.0, "name": "18 and 19 years", "female": 1403.0}, {"male": 441.0, "name": "20 years", "female": 773.0}, {"male": 528.0, "name": "21 years", "female": 653.0}, {"male": 1546.0, "name": "22 to 24 years", "female": 1347.0}, {"male": 2004.0, "name": "25 to 29 years", "female": 1707.0}, {"male": 1550.0, "name": "30 to 34 years", "female": 1456.0}, {"male": 1212.0, "name": "35 to 39 years", "female": 1221.0}, {"male": 1059.0, "name": "40 to 44 years", "female": 1098.0}, {"male": 1128.0, "name": "45 to 49 years", "female": 1139.0}, {"male": 1171.0, "name": "50 to 54 years", "female": 1183.0}, {"male": 1053.0, "name": "55 to 59 years", "female": 1150.0}, {"male": 424.0, "name": "60 to 61 years", "female": 383.0}, {"male": 521.0, "name": "62 to 64 years", "female": 537.0}, {"male": 300.0, "name": "65 and 66 years", "female": 387.0}, {"male": 428.0, "name": "67 to 69 years", "female": 437.0}, {"male": 620.0, "name": "70 to 74 years", "female": 556.0}, {"male": 404.0, "name": "75 to 79 years", "female": 418.0}, {"male": 245.0, "name": "80 to 84 years", "female": 289.0}, {"male": 173.0, "name": "85 years and over", "female": 276.0}], "age_by_sex": [{"name": "Male", "value": 26.800000000000001}, {"name": "Female", "value": 26.699999999999999}], "GEOID": "49021", "NECTA": ""}, "Tooele County": {"CNECTA": "", "COUNTY": "045", "HU100": "19455", "NAME": "Tooele County", "P001001.2000": "40735", "CSA": "482", "P001001": "58218", "POP100": "58218", "SUMLEV": "050", "STATE": "49", "CBSA": "41620", "race": [{"name": "White", "value": 52804}, {"name": "Black", "value": 406}, {"name": "American Indian or Alaska", "value": 563}, {"name": "Asian", "value": 374}, {"name": "Native Hawaiian", "value": 220}, {"name": "Other Race", "value": 2232}, {"name": "Two or More Races", "value": 1619}], "HU100.2000": "13812", "POP100.2000": "40735", "sex_by_age": [{"male": 3050.0, "name": "Under 5 years", "female": 2914.0}, {"male": 3215.0, "name": "5 to 9 years", "female": 2997.0}, {"male": 2951.0, "name": "10 to 14 years", "female": 2827.0}, {"male": 1548.0, "name": "15 to 17 years", "female": 1516.0}, {"male": 753.0, "name": "18 and 19 years", "female": 737.0}, {"male": 306.0, "name": "20 years", "female": 262.0}, {"male": 278.0, "name": "21 years", "female": 264.0}, {"male": 914.0, "name": "22 to 24 years", "female": 956.0}, {"male": 1932.0, "name": "25 to 29 years", "female": 2080.0}, {"male": 2309.0, "name": "30 to 34 years", "female": 2404.0}, {"male": 2268.0, "name": "35 to 39 years", "female": 2272.0}, {"male": 1913.0, "name": "40 to 44 years", "female": 1732.0}, {"male": 1771.0, "name": "45 to 49 years", "female": 1647.0}, {"male": 1617.0, "name": "50 to 54 years", "female": 1578.0}, {"male": 1392.0, "name": "55 to 59 years", "female": 1294.0}, {"male": 467.0, "name": "60 to 61 years", "female": 491.0}, {"male": 633.0, "name": "62 to 64 years", "female": 551.0}, {"male": 317.0, "name": "65 and 66 years", "female": 337.0}, {"male": 423.0, "name": "67 to 69 years", "female": 429.0}, {"male": 509.0, "name": "70 to 74 years", "female": 549.0}, {"male": 359.0, "name": "75 to 79 years", "female": 449.0}, {"male": 240.0, "name": "80 to 84 years", "female": 316.0}, {"male": 162.0, "name": "85 years and over", "female": 289.0}], "age_by_sex": [{"name": "Male", "value": 29.399999999999999}, {"name": "Female", "value": 29.800000000000001}], "GEOID": "49045", "NECTA": ""}, "Carbon County": {"CNECTA": "", "COUNTY": "007", "HU100": "9551", "NAME": "Carbon County", "P001001.2000": "20422", "CSA": "999", "P001001": "21403", "POP100": "21403", "SUMLEV": "050", "STATE": "49", "CBSA": "39220", "race": [{"name": "White", "value": 19757}, {"name": "Black", "value": 93}, {"name": "American Indian or Alaska", "value": 252}, {"name": "Asian", "value": 125}, {"name": "Native Hawaiian", "value": 23}, {"name": "Other Race", "value": 648}, {"name": "Two or More Races", "value": 505}], "HU100.2000": "8741", "POP100.2000": "20422", "sex_by_age": [{"male": 883.0, "name": "Under 5 years", "female": 826.0}, {"male": 812.0, "name": "5 to 9 years", "female": 813.0}, {"male": 766.0, "name": "10 to 14 years", "female": 757.0}, {"male": 430.0, "name": "15 to 17 years", "female": 435.0}, {"male": 395.0, "name": "18 and 19 years", "female": 392.0}, {"male": 163.0, "name": "20 years", "female": 179.0}, {"male": 155.0, "name": "21 years", "female": 135.0}, {"male": 441.0, "name": "22 to 24 years", "female": 386.0}, {"male": 731.0, "name": "25 to 29 years", "female": 750.0}, {"male": 712.0, "name": "30 to 34 years", "female": 689.0}, {"male": 601.0, "name": "35 to 39 years", "female": 601.0}, {"male": 511.0, "name": "40 to 44 years", "female": 484.0}, {"male": 588.0, "name": "45 to 49 years", "female": 674.0}, {"male": 762.0, "name": "50 to 54 years", "female": 755.0}, {"male": 735.0, "name": "55 to 59 years", "female": 729.0}, {"male": 272.0, "name": "60 to 61 years", "female": 253.0}, {"male": 361.0, "name": "62 to 64 years", "female": 324.0}, {"male": 182.0, "name": "65 and 66 years", "female": 193.0}, {"male": 245.0, "name": "67 to 69 years", "female": 241.0}, {"male": 298.0, "name": "70 to 74 years", "female": 360.0}, {"male": 236.0, "name": "75 to 79 years", "female": 298.0}, {"male": 192.0, "name": "80 to 84 years", "female": 246.0}, {"male": 144.0, "name": "85 years and over", "female": 268.0}], "age_by_sex": [{"name": "Male", "value": 33.600000000000001}, {"name": "Female", "value": 35.200000000000003}], "GEOID": "49007", "NECTA": ""}, "Washington County": {"CNECTA": "", "COUNTY": "053", "HU100": "57734", "NAME": "Washington County", "P001001.2000": "90354", "CSA": "999", "P001001": "138115", "POP100": "138115", "SUMLEV": "050", "STATE": "49", "CBSA": "41100", "race": [{"name": "White", "value": 123914}, {"name": "Black", "value": 790}, {"name": "American Indian or Alaska", "value": 1869}, {"name": "Asian", "value": 982}, {"name": "Native Hawaiian", "value": 1078}, {"name": "Other Race", "value": 6313}, {"name": "Two or More Races", "value": 3169}], "HU100.2000": "36478", "POP100.2000": "90354", "sex_by_age": [{"male": 6425.0, "name": "Under 5 years", "female": 5985.0}, {"male": 6053.0, "name": "5 to 9 years", "female": 5840.0}, {"male": 5740.0, "name": "10 to 14 years", "female": 5247.0}, {"male": 3289.0, "name": "15 to 17 years", "female": 3107.0}, {"male": 1978.0, "name": "18 and 19 years", "female": 2284.0}, {"male": 863.0, "name": "20 years", "female": 969.0}, {"male": 893.0, "name": "21 years", "female": 878.0}, {"male": 2781.0, "name": "22 to 24 years", "female": 2747.0}, {"male": 4699.0, "name": "25 to 29 years", "female": 4631.0}, {"male": 4514.0, "name": "30 to 34 years", "female": 4176.0}, {"male": 3601.0, "name": "35 to 39 years", "female": 3611.0}, {"male": 3266.0, "name": "40 to 44 years", "female": 3265.0}, {"male": 3190.0, "name": "45 to 49 years", "female": 3391.0}, {"male": 3220.0, "name": "50 to 54 years", "female": 3631.0}, {"male": 3127.0, "name": "55 to 59 years", "female": 3690.0}, {"male": 1363.0, "name": "60 to 61 years", "female": 1549.0}, {"male": 2033.0, "name": "62 to 64 years", "female": 2253.0}, {"male": 1288.0, "name": "65 and 66 years", "female": 1539.0}, {"male": 1974.0, "name": "67 to 69 years", "female": 2097.0}, {"male": 2820.0, "name": "70 to 74 years", "female": 3074.0}, {"male": 2409.0, "name": "75 to 79 years", "female": 2371.0}, {"male": 1640.0, "name": "80 to 84 years", "female": 1768.0}, {"male": 1126.0, "name": "85 years and over", "female": 1720.0}], "age_by_sex": [{"name": "Male", "value": 31.399999999999999}, {"name": "Female", "value": 33.799999999999997}], "GEOID": "49053", "NECTA": ""}, "Emery County": {"CNECTA": "", "COUNTY": "015", "HU100": "4489", "NAME": "Emery County", "P001001.2000": "10860", "CSA": "999", "P001001": "10976", "POP100": "10976", "SUMLEV": "050", "STATE": "49", "CBSA": "99999", "race": [{"name": "White", "value": 10309}, {"name": "Black", "value": 26}, {"name": "American Indian or Alaska", "value": 78}, {"name": "Asian", "value": 38}, {"name": "Native Hawaiian", "value": 9}, {"name": "Other Race", "value": 421}, {"name": "Two or More Races", "value": 95}], "HU100.2000": "4093", "POP100.2000": "10860", "sex_by_age": [{"male": 572.0, "name": "Under 5 years", "female": 453.0}, {"male": 503.0, "name": "5 to 9 years", "female": 499.0}, {"male": 496.0, "name": "10 to 14 years", "female": 443.0}, {"male": 268.0, "name": "15 to 17 years", "female": 254.0}, {"male": 163.0, "name": "18 and 19 years", "female": 140.0}, {"male": 60.0, "name": "20 years", "female": 55.0}, {"male": 46.0, "name": "21 years", "female": 48.0}, {"male": 174.0, "name": "22 to 24 years", "female": 179.0}, {"male": 352.0, "name": "25 to 29 years", "female": 368.0}, {"male": 366.0, "name": "30 to 34 years", "female": 354.0}, {"male": 287.0, "name": "35 to 39 years", "female": 281.0}, {"male": 267.0, "name": "40 to 44 years", "female": 256.0}, {"male": 318.0, "name": "45 to 49 years", "female": 339.0}, {"male": 394.0, "name": "50 to 54 years", "female": 370.0}, {"male": 355.0, "name": "55 to 59 years", "female": 355.0}, {"male": 133.0, "name": "60 to 61 years", "female": 117.0}, {"male": 181.0, "name": "62 to 64 years", "female": 162.0}, {"male": 94.0, "name": "65 and 66 years", "female": 88.0}, {"male": 148.0, "name": "67 to 69 years", "female": 149.0}, {"male": 175.0, "name": "70 to 74 years", "female": 178.0}, {"male": 108.0, "name": "75 to 79 years", "female": 123.0}, {"male": 82.0, "name": "80 to 84 years", "female": 96.0}, {"male": 47.0, "name": "85 years and over", "female": 80.0}], "age_by_sex": [{"name": "Male", "value": 32.100000000000001}, {"name": "Female", "value": 33.5}], "GEOID": "49015", "NECTA": ""}, "Weber County": {"CNECTA": "", "COUNTY": "057", "HU100": "86187", "NAME": "Weber County", "P001001.2000": "196533", "CSA": "482", "P001001": "231236", "POP100": "231236", "SUMLEV": "050", "STATE": "49", "CBSA": "36260", "race": [{"name": "White", "value": 197101}, {"name": "Black", "value": 3136}, {"name": "American Indian or Alaska", "value": 1902}, {"name": "Asian", "value": 2911}, {"name": "Native Hawaiian", "value": 614}, {"name": "Other Race", "value": 18680}, {"name": "Two or More Races", "value": 6892}], "HU100.2000": "70454", "POP100.2000": "196533", "sex_by_age": [{"male": 10681.0, "name": "Under 5 years", "female": 10156.0}, {"male": 9999.0, "name": "5 to 9 years", "female": 9668.0}, {"male": 9458.0, "name": "10 to 14 years", "female": 8920.0}, {"male": 5362.0, "name": "15 to 17 years", "female": 5067.0}, {"male": 3520.0, "name": "18 and 19 years", "female": 3312.0}, {"male": 1656.0, "name": "20 years", "female": 1780.0}, {"male": 1719.0, "name": "21 years", "female": 1762.0}, {"male": 5388.0, "name": "22 to 24 years", "female": 5331.0}, {"male": 9946.0, "name": "25 to 29 years", "female": 9185.0}, {"male": 9034.0, "name": "30 to 34 years", "female": 8435.0}, {"male": 7461.0, "name": "35 to 39 years", "female": 7098.0}, {"male": 6484.0, "name": "40 to 44 years", "female": 6415.0}, {"male": 7122.0, "name": "45 to 49 years", "female": 7038.0}, {"male": 7066.0, "name": "50 to 54 years", "female": 7057.0}, {"male": 5950.0, "name": "55 to 59 years", "female": 5954.0}, {"male": 2023.0, "name": "60 to 61 years", "female": 2151.0}, {"male": 2755.0, "name": "62 to 64 years", "female": 2895.0}, {"male": 1494.0, "name": "65 and 66 years", "female": 1594.0}, {"male": 1868.0, "name": "67 to 69 years", "female": 2033.0}, {"male": 2449.0, "name": "70 to 74 years", "female": 2826.0}, {"male": 2010.0, "name": "75 to 79 years", "female": 2430.0}, {"male": 1444.0, "name": "80 to 84 years", "female": 1993.0}, {"male": 1186.0, "name": "85 years and over", "female": 2061.0}], "age_by_sex": [{"name": "Male", "value": 30.199999999999999}, {"name": "Female", "value": 31.399999999999999}], "GEOID": "49057", "NECTA": ""}, "Sanpete County": {"CNECTA": "", "COUNTY": "039", "HU100": "10379", "NAME": "Sanpete County", "P001001.2000": "22763", "CSA": "999", "P001001": "27822", "POP100": "27822", "SUMLEV": "050", "STATE": "49", "CBSA": "99999", "race": [{"name": "White", "value": 25158}, {"name": "Black", "value": 229}, {"name": "American Indian or Alaska", "value": 305}, {"name": "Asian", "value": 150}, {"name": "Native Hawaiian", "value": 138}, {"name": "Other Race", "value": 1353}, {"name": "Two or More Races", "value": 489}], "HU100.2000": "7879", "POP100.2000": "22763", "sex_by_age": [{"male": 1126.0, "name": "Under 5 years", "female": 1093.0}, {"male": 1208.0, "name": "5 to 9 years", "female": 1130.0}, {"male": 1174.0, "name": "10 to 14 years", "female": 1070.0}, {"male": 806.0, "name": "15 to 17 years", "female": 734.0}, {"male": 817.0, "name": "18 and 19 years", "female": 1217.0}, {"male": 244.0, "name": "20 years", "female": 407.0}, {"male": 314.0, "name": "21 years", "female": 200.0}, {"male": 769.0, "name": "22 to 24 years", "female": 442.0}, {"male": 940.0, "name": "25 to 29 years", "female": 715.0}, {"male": 1020.0, "name": "30 to 34 years", "female": 776.0}, {"male": 930.0, "name": "35 to 39 years", "female": 646.0}, {"male": 776.0, "name": "40 to 44 years", "female": 593.0}, {"male": 825.0, "name": "45 to 49 years", "female": 652.0}, {"male": 756.0, "name": "50 to 54 years", "female": 636.0}, {"male": 703.0, "name": "55 to 59 years", "female": 665.0}, {"male": 284.0, "name": "60 to 61 years", "female": 267.0}, {"male": 343.0, "name": "62 to 64 years", "female": 347.0}, {"male": 212.0, "name": "65 and 66 years", "female": 226.0}, {"male": 320.0, "name": "67 to 69 years", "female": 313.0}, {"male": 408.0, "name": "70 to 74 years", "female": 426.0}, {"male": 268.0, "name": "75 to 79 years", "female": 273.0}, {"male": 210.0, "name": "80 to 84 years", "female": 223.0}, {"male": 105.0, "name": "85 years and over", "female": 213.0}], "age_by_sex": [{"name": "Male", "value": 29.300000000000001}, {"name": "Female", "value": 27.399999999999999}], "GEOID": "49039", "NECTA": ""}, "Millard County": {"CNECTA": "", "COUNTY": "027", "HU100": "4939", "NAME": "Millard County", "P001001.2000": "12405", "CSA": "999", "P001001": "12503", "POP100": "12503", "SUMLEV": "050", "STATE": "49", "CBSA": "99999", "race": [{"name": "White", "value": 10950}, {"name": "Black", "value": 12}, {"name": "American Indian or Alaska", "value": 125}, {"name": "Asian", "value": 76}, {"name": "Native Hawaiian", "value": 15}, {"name": "Other Race", "value": 1132}, {"name": "Two or More Races", "value": 193}], "HU100.2000": "4522", "POP100.2000": "12405", "sex_by_age": [{"male": 565.0, "name": "Under 5 years", "female": 541.0}, {"male": 536.0, "name": "5 to 9 years", "female": 540.0}, {"male": 593.0, "name": "10 to 14 years", "female": 537.0}, {"male": 386.0, "name": "15 to 17 years", "female": 363.0}, {"male": 184.0, "name": "18 and 19 years", "female": 122.0}, {"male": 74.0, "name": "20 years", "female": 44.0}, {"male": 78.0, "name": "21 years", "female": 44.0}, {"male": 162.0, "name": "22 to 24 years", "female": 189.0}, {"male": 380.0, "name": "25 to 29 years", "female": 339.0}, {"male": 373.0, "name": "30 to 34 years", "female": 376.0}, {"male": 357.0, "name": "35 to 39 years", "female": 316.0}, {"male": 284.0, "name": "40 to 44 years", "female": 305.0}, {"male": 369.0, "name": "45 to 49 years", "female": 395.0}, {"male": 447.0, "name": "50 to 54 years", "female": 410.0}, {"male": 383.0, "name": "55 to 59 years", "female": 384.0}, {"male": 153.0, "name": "60 to 61 years", "female": 129.0}, {"male": 187.0, "name": "62 to 64 years", "female": 188.0}, {"male": 122.0, "name": "65 and 66 years", "female": 127.0}, {"male": 166.0, "name": "67 to 69 years", "female": 145.0}, {"male": 205.0, "name": "70 to 74 years", "female": 185.0}, {"male": 136.0, "name": "75 to 79 years", "female": 172.0}, {"male": 123.0, "name": "80 to 84 years", "female": 158.0}, {"male": 104.0, "name": "85 years and over", "female": 127.0}], "age_by_sex": [{"name": "Male", "value": 32.899999999999999}, {"name": "Female", "value": 34.600000000000001}], "GEOID": "49027", "NECTA": ""}, "Sevier County": {"CNECTA": "", "COUNTY": "041", "HU100": "8449", "NAME": "Sevier County", "P001001.2000": "18842", "CSA": "999", "P001001": "20802", "POP100": "20802", "SUMLEV": "050", "STATE": "49", "CBSA": "99999", "race": [{"name": "White", "value": 19734}, {"name": "Black", "value": 39}, {"name": "American Indian or Alaska", "value": 230}, {"name": "Asian", "value": 67}, {"name": "Native Hawaiian", "value": 36}, {"name": "Other Race", "value": 377}, {"name": "Two or More Races", "value": 319}], "HU100.2000": "7016", "POP100.2000": "18842", "sex_by_age": [{"male": 944.0, "name": "Under 5 years", "female": 875.0}, {"male": 949.0, "name": "5 to 9 years", "female": 929.0}, {"male": 943.0, "name": "10 to 14 years", "female": 886.0}, {"male": 594.0, "name": "15 to 17 years", "female": 480.0}, {"male": 294.0, "name": "18 and 19 years", "female": 251.0}, {"male": 117.0, "name": "20 years", "female": 108.0}, {"male": 102.0, "name": "21 years", "female": 106.0}, {"male": 299.0, "name": "22 to 24 years", "female": 344.0}, {"male": 665.0, "name": "25 to 29 years", "female": 675.0}, {"male": 766.0, "name": "30 to 34 years", "female": 702.0}, {"male": 600.0, "name": "35 to 39 years", "female": 543.0}, {"male": 506.0, "name": "40 to 44 years", "female": 480.0}, {"male": 593.0, "name": "45 to 49 years", "female": 667.0}, {"male": 612.0, "name": "50 to 54 years", "female": 590.0}, {"male": 563.0, "name": "55 to 59 years", "female": 579.0}, {"male": 203.0, "name": "60 to 61 years", "female": 203.0}, {"male": 275.0, "name": "62 to 64 years", "female": 343.0}, {"male": 197.0, "name": "65 and 66 years", "female": 187.0}, {"male": 268.0, "name": "67 to 69 years", "female": 270.0}, {"male": 391.0, "name": "70 to 74 years", "female": 375.0}, {"male": 269.0, "name": "75 to 79 years", "female": 293.0}, {"male": 192.0, "name": "80 to 84 years", "female": 213.0}, {"male": 152.0, "name": "85 years and over", "female": 209.0}], "age_by_sex": [{"name": "Male", "value": 32.200000000000003}, {"name": "Female", "value": 33.399999999999999}], "GEOID": "49041", "NECTA": ""}, "Cache County": {"CNECTA": "", "COUNTY": "005", "HU100": "37024", "NAME": "Cache County", "P001001.2000": "91391", "CSA": "999", "P001001": "112656", "POP100": "112656", "SUMLEV": "050", "STATE": "49", "CBSA": "30860", "race": [{"name": "White", "value": 100397}, {"name": "Black", "value": 697}, {"name": "American Indian or Alaska", "value": 690}, {"name": "Asian", "value": 2122}, {"name": "Native Hawaiian", "value": 436}, {"name": "Other Race", "value": 6169}, {"name": "Two or More Races", "value": 2145}], "HU100.2000": "29035", "POP100.2000": "91391", "sex_by_age": [{"male": 5773.0, "name": "Under 5 years", "female": 5745.0}, {"male": 5199.0, "name": "5 to 9 years", "female": 5013.0}, {"male": 4501.0, "name": "10 to 14 years", "female": 4404.0}, {"male": 2554.0, "name": "15 to 17 years", "female": 2450.0}, {"male": 2177.0, "name": "18 and 19 years", "female": 3080.0}, {"male": 903.0, "name": "20 years", "female": 1759.0}, {"male": 1305.0, "name": "21 years", "female": 1671.0}, {"male": 4672.0, "name": "22 to 24 years", "female": 3879.0}, {"male": 5779.0, "name": "25 to 29 years", "female": 4883.0}, {"male": 4285.0, "name": "30 to 34 years", "female": 4037.0}, {"male": 3103.0, "name": "35 to 39 years", "female": 3118.0}, {"male": 2667.0, "name": "40 to 44 years", "female": 2513.0}, {"male": 2566.0, "name": "45 to 49 years", "female": 2662.0}, {"male": 2541.0, "name": "50 to 54 years", "female": 2654.0}, {"male": 2306.0, "name": "55 to 59 years", "female": 2328.0}, {"male": 721.0, "name": "60 to 61 years", "female": 761.0}, {"male": 970.0, "name": "62 to 64 years", "female": 983.0}, {"male": 523.0, "name": "65 and 66 years", "female": 585.0}, {"male": 711.0, "name": "67 to 69 years", "female": 775.0}, {"male": 1037.0, "name": "70 to 74 years", "female": 1057.0}, {"male": 748.0, "name": "75 to 79 years", "female": 828.0}, {"male": 540.0, "name": "80 to 84 years", "female": 699.0}, {"male": 418.0, "name": "85 years and over", "female": 773.0}], "age_by_sex": [{"name": "Male", "value": 25.600000000000001}, {"name": "Female", "value": 25.300000000000001}], "GEOID": "49005", "NECTA": ""}, "Kane County": {"CNECTA": "", "COUNTY": "025", "HU100": "5815", "NAME": "Kane County", "P001001.2000": "6046", "CSA": "999", "P001001": "7125", "POP100": "7125", "SUMLEV": "050", "STATE": "49", "CBSA": "99999", "race": [{"name": "White", "value": 6816}, {"name": "Black", "value": 16}, {"name": "American Indian or Alaska", "value": 104}, {"name": "Asian", "value": 31}, {"name": "Native Hawaiian", "value": 1}, {"name": "Other Race", "value": 62}, {"name": "Two or More Races", "value": 95}], "HU100.2000": "3767", "POP100.2000": "6046", "sex_by_age": [{"male": 238.0, "name": "Under 5 years", "female": 258.0}, {"male": 251.0, "name": "5 to 9 years", "female": 220.0}, {"male": 246.0, "name": "10 to 14 years", "female": 221.0}, {"male": 158.0, "name": "15 to 17 years", "female": 137.0}, {"male": 94.0, "name": "18 and 19 years", "female": 82.0}, {"male": 40.0, "name": "20 years", "female": 17.0}, {"male": 33.0, "name": "21 years", "female": 29.0}, {"male": 86.0, "name": "22 to 24 years", "female": 88.0}, {"male": 165.0, "name": "25 to 29 years", "female": 191.0}, {"male": 207.0, "name": "30 to 34 years", "female": 184.0}, {"male": 150.0, "name": "35 to 39 years", "female": 175.0}, {"male": 165.0, "name": "40 to 44 years", "female": 171.0}, {"male": 223.0, "name": "45 to 49 years", "female": 242.0}, {"male": 221.0, "name": "50 to 54 years", "female": 265.0}, {"male": 287.0, "name": "55 to 59 years", "female": 321.0}, {"male": 123.0, "name": "60 to 61 years", "female": 131.0}, {"male": 162.0, "name": "62 to 64 years", "female": 156.0}, {"male": 101.0, "name": "65 and 66 years", "female": 139.0}, {"male": 144.0, "name": "67 to 69 years", "female": 145.0}, {"male": 195.0, "name": "70 to 74 years", "female": 148.0}, {"male": 108.0, "name": "75 to 79 years", "female": 106.0}, {"male": 77.0, "name": "80 to 84 years", "female": 96.0}, {"male": 47.0, "name": "85 years and over", "female": 82.0}], "age_by_sex": [{"name": "Male", "value": 42.799999999999997}, {"name": "Female", "value": 45.600000000000001}], "GEOID": "49025", "NECTA": ""}, "Juab County": {"CNECTA": "", "COUNTY": "023", "HU100": "3502", "NAME": "Juab County", "P001001.2000": "8238", "CSA": "999", "P001001": "10246", "POP100": "10246", "SUMLEV": "050", "STATE": "49", "CBSA": "39340", "race": [{"name": "White", "value": 9831}, {"name": "Black", "value": 25}, {"name": "American Indian or Alaska", "value": 90}, {"name": "Asian", "value": 22}, {"name": "Native Hawaiian", "value": 15}, {"name": "Other Race", "value": 113}, {"name": "Two or More Races", "value": 150}], "HU100.2000": "2810", "POP100.2000": "8238", "sex_by_age": [{"male": 578.0, "name": "Under 5 years", "female": 479.0}, {"male": 574.0, "name": "5 to 9 years", "female": 489.0}, {"male": 570.0, "name": "10 to 14 years", "female": 506.0}, {"male": 330.0, "name": "15 to 17 years", "female": 311.0}, {"male": 132.0, "name": "18 and 19 years", "female": 134.0}, {"male": 50.0, "name": "20 years", "female": 48.0}, {"male": 55.0, "name": "21 years", "female": 42.0}, {"male": 154.0, "name": "22 to 24 years", "female": 163.0}, {"male": 309.0, "name": "25 to 29 years", "female": 301.0}, {"male": 357.0, "name": "30 to 34 years", "female": 371.0}, {"male": 314.0, "name": "35 to 39 years", "female": 330.0}, {"male": 280.0, "name": "40 to 44 years", "female": 270.0}, {"male": 283.0, "name": "45 to 49 years", "female": 286.0}, {"male": 288.0, "name": "50 to 54 years", "female": 259.0}, {"male": 228.0, "name": "55 to 59 years", "female": 265.0}, {"male": 106.0, "name": "60 to 61 years", "female": 98.0}, {"male": 121.0, "name": "62 to 64 years", "female": 122.0}, {"male": 63.0, "name": "65 and 66 years", "female": 72.0}, {"male": 92.0, "name": "67 to 69 years", "female": 94.0}, {"male": 143.0, "name": "70 to 74 years", "female": 123.0}, {"male": 95.0, "name": "75 to 79 years", "female": 97.0}, {"male": 61.0, "name": "80 to 84 years", "female": 82.0}, {"male": 45.0, "name": "85 years and over", "female": 76.0}], "age_by_sex": [{"name": "Male", "value": 27.899999999999999}, {"name": "Female", "value": 30.5}], "GEOID": "49023", "NECTA": ""}, "Utah County": {"CNECTA": "", "COUNTY": "049", "HU100": "148350", "NAME": "Utah County", "P001001.2000": "368536", "CSA": "999", "P001001": "516564", "POP100": "516564", "SUMLEV": "050", "STATE": "49", "CBSA": "39340", "race": [{"name": "White", "value": 461775}, {"name": "Black", "value": 2799}, {"name": "American Indian or Alaska", "value": 3074}, {"name": "Asian", "value": 7032}, {"name": "Native Hawaiian", "value": 3905}, {"name": "Other Race", "value": 23943}, {"name": "Two or More Races", "value": 14036}], "HU100.2000": "104315", "POP100.2000": "368536", "sex_by_age": [{"male": 29932.0, "name": "Under 5 years", "female": 28430.0}, {"male": 27009.0, "name": "5 to 9 years", "female": 25573.0}, {"male": 23668.0, "name": "10 to 14 years", "female": 22380.0}, {"male": 12804.0, "name": "15 to 17 years", "female": 12181.0}, {"male": 10636.0, "name": "18 and 19 years", "female": 12537.0}, {"male": 3272.0, "name": "20 years", "female": 6704.0}, {"male": 5282.0, "name": "21 years", "female": 6689.0}, {"male": 20036.0, "name": "22 to 24 years", "female": 16427.0}, {"male": 25030.0, "name": "25 to 29 years", "female": 22425.0}, {"male": 20588.0, "name": "30 to 34 years", "female": 20059.0}, {"male": 15884.0, "name": "35 to 39 years", "female": 15264.0}, {"male": 12818.0, "name": "40 to 44 years", "female": 12435.0}, {"male": 11293.0, "name": "45 to 49 years", "female": 11140.0}, {"male": 10199.0, "name": "50 to 54 years", "female": 10646.0}, {"male": 8517.0, "name": "55 to 59 years", "female": 8969.0}, {"male": 2941.0, "name": "60 to 61 years", "female": 3224.0}, {"male": 3830.0, "name": "62 to 64 years", "female": 4285.0}, {"male": 2214.0, "name": "65 and 66 years", "female": 2437.0}, {"male": 2763.0, "name": "67 to 69 years", "female": 3239.0}, {"male": 3663.0, "name": "70 to 74 years", "female": 4171.0}, {"male": 2865.0, "name": "75 to 79 years", "female": 3440.0}, {"male": 2030.0, "name": "80 to 84 years", "female": 2521.0}, {"male": 1487.0, "name": "85 years and over", "female": 2627.0}], "age_by_sex": [{"name": "Male", "value": 24.5}, {"name": "Female", "value": 24.600000000000001}], "GEOID": "49049", "NECTA": ""}, "Uintah County": {"CNECTA": "", "COUNTY": "047", "HU100": "11972", "NAME": "Uintah County", "P001001.2000": "25224", "CSA": "999", "P001001": "32588", "POP100": "32588", "SUMLEV": "050", "STATE": "49", "CBSA": "46860", "race": [{"name": "White", "value": 28232}, {"name": "Black", "value": 121}, {"name": "American Indian or Alaska", "value": 2509}, {"name": "Asian", "value": 166}, {"name": "Native Hawaiian", "value": 74}, {"name": "Other Race", "value": 728}, {"name": "Two or More Races", "value": 758}], "HU100.2000": "9040", "POP100.2000": "25224", "sex_by_age": [{"male": 1769.0, "name": "Under 5 years", "female": 1688.0}, {"male": 1624.0, "name": "5 to 9 years", "female": 1526.0}, {"male": 1382.0, "name": "10 to 14 years", "female": 1305.0}, {"male": 815.0, "name": "15 to 17 years", "female": 748.0}, {"male": 473.0, "name": "18 and 19 years", "female": 437.0}, {"male": 207.0, "name": "20 years", "female": 203.0}, {"male": 224.0, "name": "21 years", "female": 220.0}, {"male": 711.0, "name": "22 to 24 years", "female": 669.0}, {"male": 1427.0, "name": "25 to 29 years", "female": 1338.0}, {"male": 1326.0, "name": "30 to 34 years", "female": 1209.0}, {"male": 1017.0, "name": "35 to 39 years", "female": 947.0}, {"male": 859.0, "name": "40 to 44 years", "female": 776.0}, {"male": 920.0, "name": "45 to 49 years", "female": 952.0}, {"male": 973.0, "name": "50 to 54 years", "female": 963.0}, {"male": 832.0, "name": "55 to 59 years", "female": 799.0}, {"male": 270.0, "name": "60 to 61 years", "female": 282.0}, {"male": 372.0, "name": "62 to 64 years", "female": 328.0}, {"male": 191.0, "name": "65 and 66 years", "female": 215.0}, {"male": 247.0, "name": "67 to 69 years", "female": 276.0}, {"male": 338.0, "name": "70 to 74 years", "female": 402.0}, {"male": 255.0, "name": "75 to 79 years", "female": 317.0}, {"male": 204.0, "name": "80 to 84 years", "female": 215.0}, {"male": 133.0, "name": "85 years and over", "female": 204.0}], "age_by_sex": [{"name": "Male", "value": 28.699999999999999}, {"name": "Female", "value": 29.5}], "GEOID": "49047", "NECTA": ""}, "Wasatch County": {"CNECTA": "", "COUNTY": "051", "HU100": "10577", "NAME": "Wasatch County", "P001001.2000": "15215", "CSA": "482", "P001001": "23530", "POP100": "23530", "SUMLEV": "050", "STATE": "49", "CBSA": "25720", "race": [{"name": "White", "value": 21275}, {"name": "Black", "value": 79}, {"name": "American Indian or Alaska", "value": 127}, {"name": "Asian", "value": 181}, {"name": "Native Hawaiian", "value": 29}, {"name": "Other Race", "value": 1513}, {"name": "Two or More Races", "value": 326}], "HU100.2000": "6564", "POP100.2000": "15215", "sex_by_age": [{"male": 1193.0, "name": "Under 5 years", "female": 1141.0}, {"male": 1218.0, "name": "5 to 9 years", "female": 1152.0}, {"male": 1102.0, "name": "10 to 14 years", "female": 1024.0}, {"male": 616.0, "name": "15 to 17 years", "female": 534.0}, {"male": 295.0, "name": "18 and 19 years", "female": 270.0}, {"male": 121.0, "name": "20 years", "female": 119.0}, {"male": 139.0, "name": "21 years", "female": 95.0}, {"male": 386.0, "name": "22 to 24 years", "female": 367.0}, {"male": 713.0, "name": "25 to 29 years", "female": 740.0}, {"male": 880.0, "name": "30 to 34 years", "female": 968.0}, {"male": 938.0, "name": "35 to 39 years", "female": 854.0}, {"male": 760.0, "name": "40 to 44 years", "female": 749.0}, {"male": 761.0, "name": "45 to 49 years", "female": 669.0}, {"male": 743.0, "name": "50 to 54 years", "female": 738.0}, {"male": 590.0, "name": "55 to 59 years", "female": 609.0}, {"male": 222.0, "name": "60 to 61 years", "female": 210.0}, {"male": 277.0, "name": "62 to 64 years", "female": 320.0}, {"male": 171.0, "name": "65 and 66 years", "female": 166.0}, {"male": 217.0, "name": "67 to 69 years", "female": 196.0}, {"male": 247.0, "name": "70 to 74 years", "female": 243.0}, {"male": 180.0, "name": "75 to 79 years", "female": 184.0}, {"male": 122.0, "name": "80 to 84 years", "female": 129.0}, {"male": 71.0, "name": "85 years and over", "female": 91.0}], "age_by_sex": [{"name": "Male", "value": 31.300000000000001}, {"name": "Female", "value": 31.899999999999999}], "GEOID": "49051", "NECTA": ""}, "Summit County": {"CNECTA": "", "COUNTY": "043", "HU100": "26545", "NAME": "Summit County", "P001001.2000": "29736", "CSA": "482", "P001001": "36324", "POP100": "36324", "SUMLEV": "050", "STATE": "49", "CBSA": "41620", "race": [{"name": "White", "value": 32890}, {"name": "Black", "value": 154}, {"name": "American Indian or Alaska", "value": 122}, {"name": "Asian", "value": 446}, {"name": "Native Hawaiian", "value": 38}, {"name": "Other Race", "value": 2077}, {"name": "Two or More Races", "value": 597}], "HU100.2000": "17489", "POP100.2000": "29736", "sex_by_age": [{"male": 1229.0, "name": "Under 5 years", "female": 1239.0}, {"male": 1484.0, "name": "5 to 9 years", "female": 1389.0}, {"male": 1537.0, "name": "10 to 14 years", "female": 1406.0}, {"male": 966.0, "name": "15 to 17 years", "female": 820.0}, {"male": 455.0, "name": "18 and 19 years", "female": 325.0}, {"male": 181.0, "name": "20 years", "female": 126.0}, {"male": 165.0, "name": "21 years", "female": 123.0}, {"male": 648.0, "name": "22 to 24 years", "female": 603.0}, {"male": 1135.0, "name": "25 to 29 years", "female": 1023.0}, {"male": 1179.0, "name": "30 to 34 years", "female": 1092.0}, {"male": 1304.0, "name": "35 to 39 years", "female": 1266.0}, {"male": 1415.0, "name": "40 to 44 years", "female": 1468.0}, {"male": 1600.0, "name": "45 to 49 years", "female": 1625.0}, {"male": 1624.0, "name": "50 to 54 years", "female": 1581.0}, {"male": 1357.0, "name": "55 to 59 years", "female": 1270.0}, {"male": 443.0, "name": "60 to 61 years", "female": 418.0}, {"male": 552.0, "name": "62 to 64 years", "female": 508.0}, {"male": 310.0, "name": "65 and 66 years", "female": 271.0}, {"male": 396.0, "name": "67 to 69 years", "female": 313.0}, {"male": 351.0, "name": "70 to 74 years", "female": 304.0}, {"male": 204.0, "name": "75 to 79 years", "female": 195.0}, {"male": 124.0, "name": "80 to 84 years", "female": 110.0}, {"male": 65.0, "name": "85 years and over", "female": 125.0}], "age_by_sex": [{"name": "Male", "value": 36.399999999999999}, {"name": "Female", "value": 37.799999999999997}], "GEOID": "49043", "NECTA": ""}, "Salt Lake County": {"CNECTA": "", "COUNTY": "035", "HU100": "364031", "NAME": "Salt Lake County", "P001001.2000": "898387", "CSA": "482", "P001001": "1029655", "POP100": "1029655", "SUMLEV": "050", "STATE": "49", "CBSA": "41620", "race": [{"name": "White", "value": 836074}, {"name": "Black", "value": 16404}, {"name": "American Indian or Alaska", "value": 9157}, {"name": "Asian", "value": 33987}, {"name": "Native Hawaiian", "value": 15781}, {"name": "Other Race", "value": 85958}, {"name": "Two or More Races", "value": 32294}], "HU100.2000": "310988", "POP100.2000": "898387", "sex_by_age": [{"male": 46285.0, "name": "Under 5 years", "female": 43821.0}, {"male": 43556.0, "name": "5 to 9 years", "female": 41973.0}, {"male": 40308.0, "name": "10 to 14 years", "female": 38475.0}, {"male": 23425.0, "name": "15 to 17 years", "female": 21938.0}, {"male": 15083.0, "name": "18 and 19 years", "female": 14327.0}, {"male": 7247.0, "name": "20 years", "female": 7495.0}, {"male": 7976.0, "name": "21 years", "female": 7365.0}, {"male": 25418.0, "name": "22 to 24 years", "female": 24403.0}, {"male": 46651.0, "name": "25 to 29 years", "female": 44233.0}, {"male": 44456.0, "name": "30 to 34 years", "female": 41881.0}, {"male": 36980.0, "name": "35 to 39 years", "female": 35059.0}, {"male": 32486.0, "name": "40 to 44 years", "female": 30473.0}, {"male": 31290.0, "name": "45 to 49 years", "female": 31160.0}, {"male": 30291.0, "name": "50 to 54 years", "female": 30701.0}, {"male": 26805.0, "name": "55 to 59 years", "female": 27115.0}, {"male": 8909.0, "name": "60 to 61 years", "female": 9220.0}, {"male": 11450.0, "name": "62 to 64 years", "female": 12033.0}, {"male": 6067.0, "name": "65 and 66 years", "female": 6674.0}, {"male": 7682.0, "name": "67 to 69 years", "female": 8592.0}, {"male": 9369.0, "name": "70 to 74 years", "female": 11111.0}, {"male": 6814.0, "name": "75 to 79 years", "female": 8812.0}, {"male": 5219.0, "name": "80 to 84 years", "female": 7306.0}, {"male": 4114.0, "name": "85 years and over", "female": 7607.0}], "age_by_sex": [{"name": "Male", "value": 30.300000000000001}, {"name": "Female", "value": 31.300000000000001}], "GEOID": "49035", "NECTA": ""}, "Rich County": {"CNECTA": "", "COUNTY": "033", "HU100": "2834", "NAME": "Rich County", "P001001.2000": "1961", "CSA": "999", "P001001": "2264", "POP100": "2264", "SUMLEV": "050", "STATE": "49", "CBSA": "99999", "race": [{"name": "White", "value": 2196}, {"name": "Black", "value": 0}, {"name": "American Indian or Alaska", "value": 16}, {"name": "Asian", "value": 7}, {"name": "Native Hawaiian", "value": 1}, {"name": "Other Race", "value": 16}, {"name": "Two or More Races", "value": 28}], "HU100.2000": "2408", "POP100.2000": "1961", "sex_by_age": [{"male": 116.0, "name": "Under 5 years", "female": 102.0}, {"male": 96.0, "name": "5 to 9 years", "female": 104.0}, {"male": 99.0, "name": "10 to 14 years", "female": 85.0}, {"male": 52.0, "name": "15 to 17 years", "female": 50.0}, {"male": 22.0, "name": "18 and 19 years", "female": 23.0}, {"male": 13.0, "name": "20 years", "female": 6.0}, {"male": 10.0, "name": "21 years", "female": 12.0}, {"male": 35.0, "name": "22 to 24 years", "female": 30.0}, {"male": 68.0, "name": "25 to 29 years", "female": 68.0}, {"male": 76.0, "name": "30 to 34 years", "female": 72.0}, {"male": 67.0, "name": "35 to 39 years", "female": 58.0}, {"male": 52.0, "name": "40 to 44 years", "female": 53.0}, {"male": 66.0, "name": "45 to 49 years", "female": 59.0}, {"male": 74.0, "name": "50 to 54 years", "female": 71.0}, {"male": 83.0, "name": "55 to 59 years", "female": 72.0}, {"male": 20.0, "name": "60 to 61 years", "female": 34.0}, {"male": 37.0, "name": "62 to 64 years", "female": 36.0}, {"male": 30.0, "name": "65 and 66 years", "female": 21.0}, {"male": 34.0, "name": "67 to 69 years", "female": 42.0}, {"male": 46.0, "name": "70 to 74 years", "female": 31.0}, {"male": 41.0, "name": "75 to 79 years", "female": 21.0}, {"male": 18.0, "name": "80 to 84 years", "female": 23.0}, {"male": 15.0, "name": "85 years and over", "female": 21.0}], "age_by_sex": [{"name": "Male", "value": 34.899999999999999}, {"name": "Female", "value": 34.5}], "GEOID": "49033", "NECTA": ""}, "Grand County": {"CNECTA": "", "COUNTY": "019", "HU100": "4816", "NAME": "Grand County", "P001001.2000": "8485", "CSA": "999", "P001001": "9225", "POP100": "9225", "SUMLEV": "050", "STATE": "49", "CBSA": "99999", "race": [{"name": "White", "value": 8207}, {"name": "Black", "value": 29}, {"name": "American Indian or Alaska", "value": 381}, {"name": "Asian", "value": 77}, {"name": "Native Hawaiian", "value": 3}, {"name": "Other Race", "value": 344}, {"name": "Two or More Races", "value": 184}], "HU100.2000": "4062", "POP100.2000": "8485", "sex_by_age": [{"male": 303.0, "name": "Under 5 years", "female": 296.0}, {"male": 299.0, "name": "5 to 9 years", "female": 290.0}, {"male": 301.0, "name": "10 to 14 years", "female": 282.0}, {"male": 189.0, "name": "15 to 17 years", "female": 158.0}, {"male": 103.0, "name": "18 and 19 years", "female": 89.0}, {"male": 31.0, "name": "20 years", "female": 48.0}, {"male": 37.0, "name": "21 years", "female": 59.0}, {"male": 143.0, "name": "22 to 24 years", "female": 145.0}, {"male": 331.0, "name": "25 to 29 years", "female": 286.0}, {"male": 297.0, "name": "30 to 34 years", "female": 312.0}, {"male": 308.0, "name": "35 to 39 years", "female": 322.0}, {"male": 275.0, "name": "40 to 44 years", "female": 273.0}, {"male": 354.0, "name": "45 to 49 years", "female": 316.0}, {"male": 377.0, "name": "50 to 54 years", "female": 364.0}, {"male": 394.0, "name": "55 to 59 years", "female": 372.0}, {"male": 131.0, "name": "60 to 61 years", "female": 119.0}, {"male": 198.0, "name": "62 to 64 years", "female": 172.0}, {"male": 93.0, "name": "65 and 66 years", "female": 90.0}, {"male": 95.0, "name": "67 to 69 years", "female": 116.0}, {"male": 148.0, "name": "70 to 74 years", "female": 161.0}, {"male": 114.0, "name": "75 to 79 years", "female": 129.0}, {"male": 70.0, "name": "80 to 84 years", "female": 93.0}, {"male": 55.0, "name": "85 years and over", "female": 87.0}], "age_by_sex": [{"name": "Male", "value": 39.700000000000003}, {"name": "Female", "value": 40.0}], "GEOID": "49019", "NECTA": ""}}