{"items":[{"year":1960,"coal":0,"gas":3202141,"nuclear":0,"crude-oil":2324826,"renewable":38992},{"year":1961,"coal":0,"gas":3505855,"nuclear":0,"crude-oil":2464780,"renewable":37174},{"year":1962,"coal":0,"gas":3777591,"nuclear":0,"crude-oil":2767487,"renewable":36785},{"year":1963,"coal":0,"gas":4209382,"nuclear":0,"crude-oil":2987331,"renewable":39147},{"year":1964,"coal":0,"gas":4474031,"nuclear":0,"crude-oil":3188248,"renewable":39291},{"year":1965,"coal":0,"gas":4786243,"nuclear":0,"crude-oil":3450147,"renewable":38299},{"year":1966,"coal":0,"gas":5444851,"nuclear":0,"crude-oil":3911044,"renewable":39754},{"year":1967,"coal":0,"gas":6125718,"nuclear":0,"crude-oil":4492257,"renewable":37685},{"year":1968,"coal":0,"gas":6874878,"nuclear":0,"crude-oil":4741071,"renewable":40791},{"year":1969,"coal":0,"gas":7744749,"nuclear":0,"crude-oil":4898697,"renewable":40698},{"year":1970,"coal":0,"gas":8345281,"nuclear":0,"crude-oil":5260061,"renewable":41620},{"year":1971,"coal":0,"gas":8670626,"nuclear":0,"crude-oil":5424409,"renewable":41912},{"year":1972,"coal":0,"gas":8561187,"nuclear":0,"crude-oil":5172597,"renewable":44819},{"year":1973,"coal":0,"gas":8855158,"nuclear":0,"crude-oil":4822839,"renewable":45748},{"year":1974,"coal":0,"gas":8312302,"nuclear":0,"crude-oil":4276479,"renewable":44928},{"year":1975,"coal":0,"gas":7658705,"nuclear":0,"crude-oil":3774872,"renewable":42358},{"year":1976,"coal":0,"gas":7551832,"nuclear":0,"crude-oil":3517706,"renewable":45170},{"year":1977,"coal":0,"gas":7754583,"nuclear":0,"crude-oil":3264849,"renewable":46692},{"year":1978,"coal":0,"gas":8059165,"nuclear":0,"crude-oil":3089892,"renewable":47825},{"year":1979,"coal":0,"gas":7824764,"nuclear":0,"crude-oil":2840185,"renewable":44717},{"year":1980,"coal":0,"gas":7467097,"nuclear":0,"crude-oil":2721018,"renewable":64707},{"year":1981,"coal":0,"gas":7292815,"nuclear":0,"crude-oil":2606027,"renewable":68263},{"year":1982,"coal":0,"gas":6691908,"nuclear":0,"crude-oil":2658691,"renewable":69667},{"year":1983,"coal":0,"gas":5765169,"nuclear":0,"crude-oil":2781500,"renewable":74654},{"year":1984,"coal":0,"gas":6289212,"nuclear":0,"crude-oil":2988554,"renewable":78627},{"year":1985,"coal":2825,"gas":5413298,"nuclear":26102,"crude-oil":2947786,"renewable":78537},{"year":1986,"coal":30942,"gas":5281218,"nuclear":112532,"crude-oil":2970226,"renewable":99811},{"year":1987,"coal":37765,"gas":5535297,"nuclear":128688,"crude-oil":2762129,"renewable":100062},{"year":1988,"coal":40069,"gas":5604104,"nuclear":146152,"crude-oil":2535008,"renewable":103943},{"year":1989,"coal":40917,"gas":5500019,"nuclear":131136,"crude-oil":2347220,"renewable":129287},{"year":1990,"coal":43844,"gas":5667005,"nuclear":150230,"crude-oil":2278516,"renewable":125200},{"year":1991,"coal":43663,"gas":5490336,"nuclear":146317,"crude-oil":2405182,"renewable":127510},{"year":1992,"coal":45042,"gas":5348388,"nuclear":108433,"crude-oil":2439760,"renewable":130800},{"year":1993,"coal":43348,"gas":5392331,"nuclear":151238,"crude-oil":2424122,"renewable":137492},{"year":1994,"coal":47719,"gas":5589622,"nuclear":133562,"crude-oil":2387250,"renewable":147247},{"year":1995,"coal":50748,"gas":5527778,"nuclear":164812,"crude-oil":2473411,"renewable":151600},{"year":1996,"coal":44366,"gas":5748693,"nuclear":165578,"crude-oil":2629937,"renewable":152445},{"year":1997,"coal":48648,"gas":6070649,"nuclear":141785,"crude-oil":2834954,"renewable":149631},{"year":1998,"coal":43535,"gas":5868900,"nuclear":172341,"crude-oil":3053213,"renewable":147485},{"year":1999,"coal":41115,"gas":5755709,"nuclear":137016,"crude-oil":3194025,"renewable":148402},{"year":2000,"coal":50408,"gas":5639721,"nuclear":164734,"crude-oil":3247587,"renewable":142423},{"year":2001,"coal":50817,"gas":5613992,"nuclear":181041,"crude-oil":3366916,"renewable":136090},{"year":2002,"coal":51958,"gas":5128749,"nuclear":180702,"crude-oil":3322776,"renewable":140943},{"year":2003,"coal":54642,"gas":4912943,"nuclear":168052,"crude-oil":3330159,"renewable":148719},{"year":2004,"coal":51659,"gas":4462683,"nuclear":178093,"crude-oil":3067028,"renewable":185655},{"year":2005,"coal":61534,"gas":3733297,"nuclear":163598,"crude-oil":2632772,"renewable":151320},{"year":2006,"coal":57533,"gas":3689676,"nuclear":174651,"crude-oil":2729042,"renewable":149509},{"year":2007,"coal":42871,"gas":3720465,"nuclear":179058,"crude-oil":2802411,"renewable":150049},{"year":2008,"coal":54763,"gas":3323967,"nuclear":160673,"crude-oil":2584517,"renewable":109716},{"year":2009,"coal":50481,"gas":3573114,"nuclear":175541,"crude-oil":3395192,"renewable":107406}]}