{"items":[{"year":1960,"coal":0,"gas":0,"nuclear":0,"crude-oil":0,"renewable":17339},{"year":1961,"coal":0,"gas":0,"nuclear":0,"crude-oil":0,"renewable":15369},{"year":1962,"coal":0,"gas":0,"nuclear":0,"crude-oil":0,"renewable":15682},{"year":1963,"coal":0,"gas":0,"nuclear":0,"crude-oil":0,"renewable":13995},{"year":1964,"coal":0,"gas":0,"nuclear":0,"crude-oil":0,"renewable":13500},{"year":1965,"coal":0,"gas":0,"nuclear":0,"crude-oil":0,"renewable":14396},{"year":1966,"coal":0,"gas":0,"nuclear":0,"crude-oil":0,"renewable":15557},{"year":1967,"coal":0,"gas":0,"nuclear":0,"crude-oil":0,"renewable":15167},{"year":1968,"coal":0,"gas":0,"nuclear":0,"crude-oil":0,"renewable":15086},{"year":1969,"coal":0,"gas":0,"nuclear":0,"crude-oil":0,"renewable":16109},{"year":1970,"coal":0,"gas":0,"nuclear":0,"crude-oil":0,"renewable":14717},{"year":1971,"coal":0,"gas":0,"nuclear":0,"crude-oil":0,"renewable":14594},{"year":1972,"coal":0,"gas":0,"nuclear":1828,"crude-oil":0,"renewable":15955},{"year":1973,"coal":0,"gas":0,"nuclear":17422,"crude-oil":0,"renewable":17149},{"year":1974,"coal":0,"gas":0,"nuclear":27708,"crude-oil":0,"renewable":16134},{"year":1975,"coal":0,"gas":0,"nuclear":39220,"crude-oil":0,"renewable":16361},{"year":1976,"coal":0,"gas":0,"nuclear":36013,"crude-oil":0,"renewable":19325},{"year":1977,"coal":0,"gas":0,"nuclear":38097,"crude-oil":0,"renewable":19373},{"year":1978,"coal":0,"gas":0,"nuclear":35456,"crude-oil":0,"renewable":20504},{"year":1979,"coal":0,"gas":0,"nuclear":37521,"crude-oil":0,"renewable":22340},{"year":1980,"coal":0,"gas":0,"nuclear":32497,"crude-oil":0,"renewable":22881},{"year":1981,"coal":0,"gas":0,"nuclear":39362,"crude-oil":0,"renewable":24825},{"year":1982,"coal":0,"gas":0,"nuclear":46222,"crude-oil":0,"renewable":22667},{"year":1983,"coal":0,"gas":0,"nuclear":31298,"crude-oil":0,"renewable":26554},{"year":1984,"coal":0,"gas":0,"nuclear":36170,"crude-oil":0,"renewable":26036},{"year":1985,"coal":0,"gas":0,"nuclear":31860,"crude-oil":0,"renewable":26890},{"year":1986,"coal":0,"gas":0,"nuclear":21776,"crude-oil":0,"renewable":23871},{"year":1987,"coal":0,"gas":0,"nuclear":36927,"crude-oil":0,"renewable":23132},{"year":1988,"coal":0,"gas":0,"nuclear":43615,"crude-oil":0,"renewable":21704},{"year":1989,"coal":0,"gas":0,"nuclear":38171,"crude-oil":0,"renewable":20018},{"year":1990,"coal":0,"gas":0,"nuclear":38267,"crude-oil":0,"renewable":19483},{"year":1991,"coal":0,"gas":0,"nuclear":43072,"crude-oil":0,"renewable":17309},{"year":1992,"coal":0,"gas":0,"nuclear":39105,"crude-oil":0,"renewable":16014},{"year":1993,"coal":0,"gas":0,"nuclear":35421,"crude-oil":0,"renewable":18237},{"year":1994,"coal":0,"gas":0,"nuclear":45106,"crude-oil":0,"renewable":19068},{"year":1995,"coal":0,"gas":0,"nuclear":40541,"crude-oil":0,"renewable":19166},{"year":1996,"coal":0,"gas":0,"nuclear":39899,"crude-oil":0,"renewable":21866},{"year":1997,"coal":0,"gas":0,"nuclear":44776,"crude-oil":0,"renewable":19949},{"year":1998,"coal":0,"gas":0,"nuclear":35226,"crude-oil":0,"renewable":20289},{"year":1999,"coal":0,"gas":0,"nuclear":42418,"crude-oil":0,"renewable":20838},{"year":2000,"coal":0,"gas":0,"nuclear":47432,"crude-oil":0,"renewable":21427},{"year":2001,"coal":0,"gas":0,"nuclear":43559,"crude-oil":0,"renewable":17341},{"year":2002,"coal":0,"gas":0,"nuclear":41378,"crude-oil":0,"renewable":22714},{"year":2003,"coal":0,"gas":0,"nuclear":46313,"crude-oil":0,"renewable":24189},{"year":2004,"coal":0,"gas":0,"nuclear":40228,"crude-oil":0,"renewable":22048},{"year":2005,"coal":0,"gas":0,"nuclear":42491,"crude-oil":0,"renewable":24323},{"year":2006,"coal":0,"gas":0,"nuclear":53292,"crude-oil":0,"renewable":27688},{"year":2007,"coal":0,"gas":0,"nuclear":49319,"crude-oil":0,"renewable":18747},{"year":2008,"coal":0,"gas":0,"nuclear":51168,"crude-oil":0,"renewable":26892},{"year":2009,"coal":0,"gas":0,"nuclear":56072,"crude-oil":0,"renewable":26524}]}