{"items":[{"year":1960,"coal":9178,"gas":57393,"nuclear":0,"crude-oil":174679,"renewable":48104},{"year":1961,"coal":8864,"gas":61632,"nuclear":0,"crude-oil":169627,"renewable":51144},{"year":1962,"coal":5745,"gas":68532,"nuclear":0,"crude-oil":160364,"renewable":47637},{"year":1963,"coal":4959,"gas":78766,"nuclear":0,"crude-oil":158955,"renewable":41897},{"year":1964,"coal":4757,"gas":78834,"nuclear":0,"crude-oil":155075,"renewable":42732},{"year":1965,"coal":5071,"gas":85732,"nuclear":0,"crude-oil":150394,"renewable":46425},{"year":1966,"coal":5296,"gas":108857,"nuclear":0,"crude-oil":138179,"renewable":51697},{"year":1967,"coal":4241,"gas":120603,"nuclear":0,"crude-oil":122235,"renewable":46124},{"year":1968,"coal":4735,"gas":162112,"nuclear":0,"crude-oil":112891,"renewable":64986},{"year":1969,"coal":5116,"gas":175184,"nuclear":0,"crude-oil":104684,"renewable":64813},{"year":1970,"coal":6014,"gas":187702,"nuclear":0,"crude-oil":104603,"renewable":56933},{"year":1971,"coal":6193,"gas":177562,"nuclear":0,"crude-oil":105925,"renewable":53579},{"year":1972,"coal":9604,"gas":169378,"nuclear":0,"crude-oil":107410,"renewable":53917},{"year":1973,"coal":9093,"gas":159338,"nuclear":0,"crude-oil":104493,"renewable":81723},{"year":1974,"coal":10210,"gas":125478,"nuclear":4024,"crude-oil":95857,"renewable":81339},{"year":1975,"coal":10766,"gas":117374,"nuclear":53676,"crude-oil":93571,"renewable":71589},{"year":1976,"coal":11983,"gas":110569,"nuclear":42614,"crude-oil":104963,"renewable":62300},{"year":1977,"coal":12634,"gas":107369,"nuclear":54759,"crude-oil":117172,"renewable":69746},{"year":1978,"coal":12616,"gas":108285,"nuclear":57113,"crude-oil":117908,"renewable":77088},{"year":1979,"coal":5632,"gas":113634,"nuclear":42139,"crude-oil":109440,"renewable":80773},{"year":1980,"coal":7158,"gas":114473,"nuclear":85438,"crude-oil":105618,"renewable":69996},{"year":1981,"coal":5139,"gas":95566,"nuclear":100093,"crude-oil":106442,"renewable":68190},{"year":1982,"coal":3613,"gas":127217,"nuclear":82852,"crude-oil":109324,"renewable":77582},{"year":1983,"coal":1975,"gas":132637,"nuclear":83380,"crude-oil":109324,"renewable":95310},{"year":1984,"coal":1840,"gas":140013,"nuclear":117188,"crude-oil":108634,"renewable":91421},{"year":1985,"coal":1795,"gas":159999,"nuclear":105042,"crude-oil":110455,"renewable":109186},{"year":1986,"coal":3747,"gas":135759,"nuclear":93900,"crude-oil":91512,"renewable":91234},{"year":1987,"coal":1885,"gas":145562,"nuclear":118720,"crude-oil":82546,"renewable":86688},{"year":1988,"coal":6193,"gas":169930,"nuclear":94309,"crude-oil":78909,"renewable":92546},{"year":1989,"coal":1571,"gas":176657,"nuclear":93599,"crude-oil":65314,"renewable":119780},{"year":1990,"coal":1324,"gas":177929,"nuclear":119387,"crude-oil":60239,"renewable":110021},{"year":1991,"coal":1167,"gas":168003,"nuclear":132746,"crude-oil":59769,"renewable":109849},{"year":1992,"coal":1302,"gas":204994,"nuclear":118591,"crude-oil":59508,"renewable":112610},{"year":1993,"coal":987,"gas":199973,"nuclear":142032,"crude-oil":57855,"renewable":133675},{"year":1994,"coal":1144,"gas":192729,"nuclear":145531,"crude-oil":55494,"renewable":119612},{"year":1995,"coal":651,"gas":202256,"nuclear":122486,"crude-oil":51678,"renewable":117508},{"year":1996,"coal":471,"gas":228372,"nuclear":140285,"crude-oil":51121,"renewable":118051},{"year":1997,"coal":404,"gas":212525,"nuclear":149100,"crude-oil":48888,"renewable":124083},{"year":1998,"coal":539,"gas":193607,"nuclear":137403,"crude-oil":46388,"renewable":114968},{"year":1999,"coal":494,"gas":173922,"nuclear":135009,"crude-oil":41470,"renewable":110921},{"year":2000,"coal":269,"gas":175493,"nuclear":121516,"crude-oil":41493,"renewable":108731},{"year":2001,"coal":381,"gas":170163,"nuclear":154356,"crude-oil":44034,"renewable":94047},{"year":2002,"coal":314,"gas":166257,"nuclear":152024,"crude-oil":42595,"renewable":108662},{"year":2003,"coal":180,"gas":175399,"nuclear":153078,"crude-oil":41911,"renewable":108252},{"year":2004,"coal":157,"gas":189926,"nuclear":161096,"crude-oil":39046,"renewable":112968},{"year":2005,"coal":67,"gas":193589,"nuclear":142864,"crude-oil":36795,"renewable":112463},{"year":2006,"coal":516,"gas":278737,"nuclear":158967,"crude-oil":35403,"renewable":100138},{"year":2007,"coal":1863,"gas":272033,"nuclear":162372,"crude-oil":34980,"renewable":120875},{"year":2008,"coal":1548,"gas":453366,"nuclear":148099,"crude-oil":35258,"renewable":123302},{"year":2009,"coal":112,"gas":691086,"nuclear":158678,"crude-oil":33530,"renewable":120541}]}