{"items":[{"year":1960,"coal":35173,"gas":198149,"nuclear":0,"crude-oil":776678,"renewable":8174},{"year":1961,"coal":43949,"gas":212402,"nuclear":0,"crude-oil":823235,"renewable":8273},{"year":1962,"coal":44644,"gas":223664,"nuclear":0,"crude-oil":787913,"renewable":11746},{"year":1963,"coal":54288,"gas":228099,"nuclear":0,"crude-oil":837561,"renewable":10641},{"year":1964,"coal":53889,"gas":254086,"nuclear":0,"crude-oil":804762,"renewable":10613},{"year":1965,"coal":56652,"gas":257327,"nuclear":0,"crude-oil":802221,"renewable":10793},{"year":1966,"coal":63777,"gas":265545,"nuclear":0,"crude-oil":779926,"renewable":11106},{"year":1967,"coal":62352,"gas":261937,"nuclear":0,"crude-oil":790610,"renewable":9641},{"year":1968,"coal":66540,"gas":271110,"nuclear":0,"crude-oil":836650,"renewable":11560},{"year":1969,"coal":79973,"gas":331158,"nuclear":0,"crude-oil":898681,"renewable":12992},{"year":1970,"coal":125503,"gas":369348,"nuclear":0,"crude-oil":930001,"renewable":12129},{"year":1971,"coal":139927,"gas":413351,"nuclear":0,"crude-oil":859061,"renewable":15331},{"year":1972,"coal":189905,"gas":414919,"nuclear":0,"crude-oil":812064,"renewable":13492},{"year":1973,"coal":275588,"gas":394438,"nuclear":0,"crude-oil":823101,"renewable":14024},{"year":1974,"coal":386138,"gas":352221,"nuclear":0,"crude-oil":811983,"renewable":16196},{"year":1975,"coal":434560,"gas":320169,"nuclear":0,"crude-oil":788469,"renewable":13226},{"year":1976,"coal":562876,"gas":339419,"nuclear":0,"crude-oil":778064,"renewable":12547},{"year":1977,"coal":829722,"gas":338023,"nuclear":0,"crude-oil":791538,"renewable":9937},{"year":1978,"coal":1040681,"gas":352491,"nuclear":0,"crude-oil":796833,"renewable":12774},{"year":1979,"coal":1273792,"gas":416118,"nuclear":0,"crude-oil":764962,"renewable":13906},{"year":1980,"coal":1689894,"gas":461426,"nuclear":0,"crude-oil":732900,"renewable":14250},{"year":1981,"coal":1805421,"gas":464653,"nuclear":0,"crude-oil":757265,"renewable":12117},{"year":1982,"coal":1883980,"gas":462150,"nuclear":0,"crude-oil":686140,"renewable":12241},{"year":1983,"coal":1951950,"gas":508257,"nuclear":0,"crude-oil":686157,"renewable":15778},{"year":1984,"coal":2262190,"gas":598190,"nuclear":0,"crude-oil":720760,"renewable":17197},{"year":1985,"coal":2430658,"gas":497605,"nuclear":0,"crude-oil":745381,"renewable":14997},{"year":1986,"coal":2363205,"gas":469951,"nuclear":0,"crude-oil":703755,"renewable":16232},{"year":1987,"coal":2536336,"gas":571511,"nuclear":0,"crude-oil":668543,"renewable":11117},{"year":1988,"coal":2850214,"gas":588312,"nuclear":0,"crude-oil":661107,"renewable":11398},{"year":1989,"coal":2972702,"gas":753468,"nuclear":0,"crude-oil":624747,"renewable":10449},{"year":1990,"coal":3194482,"gas":858078,"nuclear":0,"crude-oil":602365,"renewable":9451},{"year":1991,"coal":3356524,"gas":878303,"nuclear":0,"crude-oil":579582,"renewable":10494},{"year":1992,"coal":3301795,"gas":945021,"nuclear":0,"crude-oil":561498,"renewable":8786},{"year":1993,"coal":3633351,"gas":720973,"nuclear":0,"crude-oil":508469,"renewable":10208},{"year":1994,"coal":4093410,"gas":791262,"nuclear":0,"crude-oil":461262,"renewable":11936},{"year":1995,"coal":4551803,"gas":776649,"nuclear":0,"crude-oil":457527,"renewable":10703},{"year":1996,"coal":4817051,"gas":782621,"nuclear":0,"crude-oil":425517,"renewable":14832},{"year":1997,"coal":4886100,"gas":864585,"nuclear":0,"crude-oil":407021,"renewable":16423},{"year":1998,"coal":5450488,"gas":1034061,"nuclear":0,"crude-oil":375736,"renewable":15921},{"year":1999,"coal":5837971,"gas":1099853,"nuclear":0,"crude-oil":354531,"renewable":14364},{"year":2000,"coal":5892281,"gas":1236233,"nuclear":0,"crude-oil":352211,"renewable":15260},{"year":2001,"coal":6407633,"gas":1543692,"nuclear":0,"crude-oil":333111,"renewable":14909},{"year":2002,"coal":6486135,"gas":1632473,"nuclear":0,"crude-oil":317359,"renewable":12630},{"year":2003,"coal":6551331,"gas":1719758,"nuclear":0,"crude-oil":303961,"renewable":12177},{"year":2004,"coal":6908962,"gas":1777565,"nuclear":0,"crude-oil":299390,"renewable":14443},{"year":2005,"coal":7019843,"gas":1816933,"nuclear":0,"crude-oil":299431,"renewable":19107},{"year":2006,"coal":7739988,"gas":1995664,"nuclear":0,"crude-oil":306843,"renewable":19399},{"year":2007,"coal":7847634,"gas":2240913,"nuclear":0,"crude-oil":313954,"renewable":18372},{"year":2008,"coal":8087435,"gas":2469391,"nuclear":0,"crude-oil":307069,"renewable":21622},{"year":2009,"coal":7459876,"gas":2544094,"nuclear":0,"crude-oil":297731,"renewable":35013}]}