{"items":[{"year":1960,"coal":18933,"gas":4154,"nuclear":0,"crude-oil":0,"renewable":38447},{"year":1961,"coal":19161,"gas":3657,"nuclear":0,"crude-oil":0,"renewable":35723},{"year":1962,"coal":20781,"gas":2526,"nuclear":0,"crude-oil":0,"renewable":36002},{"year":1963,"coal":29412,"gas":1669,"nuclear":0,"crude-oil":0,"renewable":35457},{"year":1964,"coal":28754,"gas":1411,"nuclear":0,"crude-oil":0,"renewable":37440},{"year":1965,"coal":30627,"gas":417,"nuclear":0,"crude-oil":0,"renewable":39019},{"year":1966,"coal":30931,"gas":711,"nuclear":0,"crude-oil":0,"renewable":42103},{"year":1967,"coal":33032,"gas":635,"nuclear":0,"crude-oil":0,"renewable":49500},{"year":1968,"coal":36626,"gas":883,"nuclear":0,"crude-oil":0,"renewable":47752},{"year":1969,"coal":34627,"gas":1000,"nuclear":0,"crude-oil":0,"renewable":45515},{"year":1970,"coal":40879,"gas":831,"nuclear":0,"crude-oil":0,"renewable":51782},{"year":1971,"coal":41613,"gas":219,"nuclear":0,"crude-oil":0,"renewable":49264},{"year":1972,"coal":41512,"gas":249,"nuclear":0,"crude-oil":0,"renewable":56117},{"year":1973,"coal":40494,"gas":304,"nuclear":0,"crude-oil":0,"renewable":55059},{"year":1974,"coal":51320,"gas":136,"nuclear":0,"crude-oil":0,"renewable":52381},{"year":1975,"coal":59091,"gas":94,"nuclear":48307,"crude-oil":0,"renewable":55834},{"year":1976,"coal":65524,"gas":76,"nuclear":70921,"crude-oil":0,"renewable":56373},{"year":1977,"coal":70349,"gas":83,"nuclear":117181,"crude-oil":0,"renewable":59569},{"year":1978,"coal":69757,"gas":91,"nuclear":108272,"crude-oil":0,"renewable":59254},{"year":1979,"coal":62269,"gas":29,"nuclear":105240,"crude-oil":0,"renewable":66329},{"year":1980,"coal":89500,"gas":69,"nuclear":119409,"crude-oil":0,"renewable":45823},{"year":1981,"coal":107311,"gas":57,"nuclear":127095,"crude-oil":0,"renewable":45372},{"year":1982,"coal":93820,"gas":37,"nuclear":114555,"crude-oil":0,"renewable":51598},{"year":1983,"coal":79120,"gas":32,"nuclear":127325,"crude-oil":0,"renewable":52084},{"year":1984,"coal":100584,"gas":62,"nuclear":126334,"crude-oil":0,"renewable":60086},{"year":1985,"coal":74667,"gas":40,"nuclear":105434,"crude-oil":0,"renewable":55147},{"year":1986,"coal":97659,"gas":21,"nuclear":135704,"crude-oil":0,"renewable":54645},{"year":1987,"coal":99059,"gas":45,"nuclear":105147,"crude-oil":0,"renewable":47753},{"year":1988,"coal":82061,"gas":30,"nuclear":124404,"crude-oil":0,"renewable":46241},{"year":1989,"coal":84480,"gas":35,"nuclear":28777,"crude-oil":0,"renewable":55480},{"year":1990,"coal":88005,"gas":23,"nuclear":13242,"crude-oil":0,"renewable":50546},{"year":1991,"coal":95423,"gas":30,"nuclear":94734,"crude-oil":0,"renewable":41676},{"year":1992,"coal":83956,"gas":34,"nuclear":111662,"crude-oil":0,"renewable":46672},{"year":1993,"coal":84741,"gas":28,"nuclear":129208,"crude-oil":0,"renewable":49263},{"year":1994,"coal":92886,"gas":27,"nuclear":117432,"crude-oil":0,"renewable":52991},{"year":1995,"coal":94134,"gas":23,"nuclear":135939,"crude-oil":0,"renewable":51812},{"year":1996,"coal":103074,"gas":138,"nuclear":127010,"crude-oil":0,"renewable":66006},{"year":1997,"coal":103616,"gas":122,"nuclear":138657,"crude-oil":0,"renewable":52921},{"year":1998,"coal":100208,"gas":65,"nuclear":139851,"crude-oil":0,"renewable":52452},{"year":1999,"coal":94392,"gas":18,"nuclear":139114,"crude-oil":0,"renewable":50891},{"year":2000,"coal":110587,"gas":35,"nuclear":144204,"crude-oil":0,"renewable":54101},{"year":2001,"coal":111689,"gas":34,"nuclear":142612,"crude-oil":0,"renewable":33249},{"year":2002,"coal":125682,"gas":23,"nuclear":126641,"crude-oil":0,"renewable":38066},{"year":2003,"coal":124609,"gas":50,"nuclear":142671,"crude-oil":0,"renewable":54444},{"year":2004,"coal":129130,"gas":35,"nuclear":152028,"crude-oil":0,"renewable":53446},{"year":2005,"coal":126671,"gas":48,"nuclear":153443,"crude-oil":0,"renewable":43647},{"year":2006,"coal":122170,"gas":49,"nuclear":144334,"crude-oil":0,"renewable":45709},{"year":2007,"coal":53756,"gas":36,"nuclear":150493,"crude-oil":0,"renewable":40958},{"year":2008,"coal":65597,"gas":29,"nuclear":153436,"crude-oil":0,"renewable":44518},{"year":2009,"coal":53448,"gas":45,"nuclear":152194,"crude-oil":0,"renewable":42549}]}