{"items":[{"year":1960,"coal":0,"gas":0,"nuclear":0,"crude-oil":0,"renewable":17406},{"year":1961,"coal":0,"gas":0,"nuclear":0,"crude-oil":0,"renewable":17076},{"year":1962,"coal":0,"gas":0,"nuclear":0,"crude-oil":0,"renewable":15937},{"year":1963,"coal":0,"gas":0,"nuclear":0,"crude-oil":0,"renewable":16253},{"year":1964,"coal":0,"gas":0,"nuclear":0,"crude-oil":0,"renewable":16703},{"year":1965,"coal":0,"gas":0,"nuclear":0,"crude-oil":0,"renewable":15500},{"year":1966,"coal":0,"gas":0,"nuclear":0,"crude-oil":0,"renewable":16243},{"year":1967,"coal":0,"gas":0,"nuclear":6056,"crude-oil":0,"renewable":18072},{"year":1968,"coal":0,"gas":0,"nuclear":33941,"crude-oil":0,"renewable":18657},{"year":1969,"coal":0,"gas":0,"nuclear":40166,"crude-oil":0,"renewable":19701},{"year":1970,"coal":0,"gas":0,"nuclear":39567,"crude-oil":0,"renewable":19293},{"year":1971,"coal":0,"gas":0,"nuclear":84173,"crude-oil":0,"renewable":20206},{"year":1972,"coal":0,"gas":0,"nuclear":83932,"crude-oil":0,"renewable":22712},{"year":1973,"coal":0,"gas":0,"nuclear":46911,"crude-oil":0,"renewable":21870},{"year":1974,"coal":0,"gas":0,"nuclear":88951,"crude-oil":0,"renewable":22509},{"year":1975,"coal":0,"gas":0,"nuclear":89590,"crude-oil":0,"renewable":22237},{"year":1976,"coal":0,"gas":0,"nuclear":136215,"crude-oil":0,"renewable":23862},{"year":1977,"coal":0,"gas":0,"nuclear":141876,"crude-oil":0,"renewable":24105},{"year":1978,"coal":0,"gas":0,"nuclear":151674,"crude-oil":0,"renewable":26391},{"year":1979,"coal":0,"gas":0,"nuclear":138231,"crude-oil":0,"renewable":29359},{"year":1980,"coal":0,"gas":0,"nuclear":129094,"crude-oil":0,"renewable":43748},{"year":1981,"coal":0,"gas":0,"nuclear":139788,"crude-oil":0,"renewable":42867},{"year":1982,"coal":0,"gas":0,"nuclear":150866,"crude-oil":0,"renewable":41444},{"year":1983,"coal":0,"gas":0,"nuclear":126367,"crude-oil":0,"renewable":48187},{"year":1984,"coal":0,"gas":0,"nuclear":154967,"crude-oil":0,"renewable":41070},{"year":1985,"coal":0,"gas":0,"nuclear":135127,"crude-oil":0,"renewable":40282},{"year":1986,"coal":0,"gas":0,"nuclear":197480,"crude-oil":0,"renewable":35510},{"year":1987,"coal":0,"gas":0,"nuclear":214482,"crude-oil":0,"renewable":30809},{"year":1988,"coal":0,"gas":0,"nuclear":235904,"crude-oil":0,"renewable":34409},{"year":1989,"coal":0,"gas":0,"nuclear":207033,"crude-oil":0,"renewable":36042},{"year":1990,"coal":0,"gas":0,"nuclear":209272,"crude-oil":0,"renewable":34713},{"year":1991,"coal":0,"gas":0,"nuclear":128355,"crude-oil":0,"renewable":34896},{"year":1992,"coal":0,"gas":0,"nuclear":175606,"crude-oil":0,"renewable":38927},{"year":1993,"coal":0,"gas":0,"nuclear":229006,"crude-oil":0,"renewable":39112},{"year":1994,"coal":0,"gas":0,"nuclear":210712,"crude-oil":0,"renewable":40445},{"year":1995,"coal":0,"gas":0,"nuclear":196995,"crude-oil":0,"renewable":46147},{"year":1996,"coal":0,"gas":0,"nuclear":65384,"crude-oil":0,"renewable":56058},{"year":1997,"coal":0,"gas":0,"nuclear":0,"crude-oil":0,"renewable":50714},{"year":1998,"coal":0,"gas":0,"nuclear":34022,"crude-oil":0,"renewable":49194},{"year":1999,"coal":0,"gas":0,"nuclear":132456,"crude-oil":0,"renewable":49482},{"year":2000,"coal":0,"gas":0,"nuclear":170674,"crude-oil":0,"renewable":50771},{"year":2001,"coal":0,"gas":0,"nuclear":161112,"crude-oil":0,"renewable":29831},{"year":2002,"coal":0,"gas":0,"nuclear":155777,"crude-oil":0,"renewable":28341},{"year":2003,"coal":0,"gas":0,"nuclear":167550,"crude-oil":0,"renewable":31331},{"year":2004,"coal":0,"gas":0,"nuclear":172453,"crude-oil":0,"renewable":30243},{"year":2005,"coal":0,"gas":0,"nuclear":162406,"crude-oil":0,"renewable":25816},{"year":2006,"coal":0,"gas":0,"nuclear":173127,"crude-oil":0,"renewable":25834},{"year":2007,"coal":0,"gas":0,"nuclear":171809,"crude-oil":0,"renewable":24131},{"year":2008,"coal":0,"gas":0,"nuclear":161321,"crude-oil":0,"renewable":26415},{"year":2009,"coal":0,"gas":0,"nuclear":174236,"crude-oil":0,"renewable":26087}]}