{"items":[{"year":1960,"coal":346324,"gas":344,"nuclear":0,"crude-oil":69913,"renewable":24556},{"year":1961,"coal":336695,"gas":384,"nuclear":0,"crude-oil":66700,"renewable":24199},{"year":1962,"coal":350135,"gas":286,"nuclear":0,"crude-oil":70047,"renewable":24089},{"year":1963,"coal":336561,"gas":288,"nuclear":0,"crude-oil":69032,"renewable":24007},{"year":1964,"coal":336004,"gas":201,"nuclear":0,"crude-oil":65441,"renewable":23168},{"year":1965,"coal":346925,"gas":240,"nuclear":0,"crude-oil":66590,"renewable":23060},{"year":1966,"coal":386176,"gas":216,"nuclear":0,"crude-oil":61579,"renewable":24315},{"year":1967,"coal":418406,"gas":199,"nuclear":0,"crude-oil":58470,"renewable":27363},{"year":1968,"coal":412031,"gas":235,"nuclear":0,"crude-oil":50414,"renewable":28677},{"year":1969,"coal":447693,"gas":172,"nuclear":0,"crude-oil":45478,"renewable":29971},{"year":1970,"coal":496216,"gas":154,"nuclear":0,"crude-oil":43425,"renewable":28494},{"year":1971,"coal":476892,"gas":540,"nuclear":0,"crude-oil":38616,"renewable":27156},{"year":1972,"coal":578373,"gas":357,"nuclear":0,"crude-oil":35554,"renewable":30826},{"year":1973,"coal":550911,"gas":275,"nuclear":0,"crude-oil":30810,"renewable":32102},{"year":1974,"coal":514487,"gas":175,"nuclear":0,"crude-oil":28530,"renewable":32017},{"year":1975,"coal":542752,"gas":343,"nuclear":0,"crude-oil":26866,"renewable":31342},{"year":1976,"coal":548266,"gas":190,"nuclear":0,"crude-oil":26854,"renewable":36021},{"year":1977,"coal":601876,"gas":181,"nuclear":0,"crude-oil":30821,"renewable":38768},{"year":1978,"coal":522198,"gas":161,"nuclear":0,"crude-oil":27196,"renewable":45814},{"year":1979,"coal":597456,"gas":469,"nuclear":0,"crude-oil":27347,"renewable":51858},{"year":1980,"coal":670980,"gas":595,"nuclear":0,"crude-oil":28872,"renewable":56145},{"year":1981,"coal":638524,"gas":361,"nuclear":0,"crude-oil":27382,"renewable":59181},{"year":1982,"coal":694737,"gas":257,"nuclear":0,"crude-oil":32265,"renewable":58101},{"year":1983,"coal":697958,"gas":136,"nuclear":0,"crude-oil":30862,"renewable":63692},{"year":1984,"coal":821386,"gas":397,"nuclear":0,"crude-oil":32051,"renewable":60540},{"year":1985,"coal":734611,"gas":370,"nuclear":0,"crude-oil":29974,"renewable":69980},{"year":1986,"coal":729419,"gas":368,"nuclear":0,"crude-oil":27602,"renewable":72081},{"year":1987,"coal":759526,"gas":219,"nuclear":0,"crude-oil":21680,"renewable":76608},{"year":1988,"coal":696994,"gas":418,"nuclear":0,"crude-oil":21257,"renewable":80322},{"year":1989,"coal":747397,"gas":423,"nuclear":0,"crude-oil":19204,"renewable":69239},{"year":1990,"coal":797305,"gas":406,"nuclear":0,"crude-oil":17400,"renewable":60101},{"year":1991,"coal":700941,"gas":235,"nuclear":0,"crude-oil":17481,"renewable":60995},{"year":1992,"coal":679062,"gas":176,"nuclear":0,"crude-oil":17493,"renewable":61853},{"year":1993,"coal":654657,"gas":194,"nuclear":0,"crude-oil":16014,"renewable":52543},{"year":1994,"coal":690819,"gas":108,"nuclear":0,"crude-oil":14454,"renewable":51415},{"year":1995,"coal":578143,"gas":252,"nuclear":0,"crude-oil":16112,"renewable":52503},{"year":1996,"coal":657833,"gas":364,"nuclear":0,"crude-oil":14633,"renewable":48052},{"year":1997,"coal":785240,"gas":532,"nuclear":0,"crude-oil":14094,"renewable":45751},{"year":1998,"coal":812969,"gas":626,"nuclear":0,"crude-oil":12806,"renewable":44184},{"year":1999,"coal":756640,"gas":870,"nuclear":0,"crude-oil":11391,"renewable":43266},{"year":2000,"coal":621169,"gas":921,"nuclear":0,"crude-oil":12168,"renewable":44166},{"year":2001,"coal":813161,"gas":1089,"nuclear":0,"crude-oil":11728,"renewable":49616},{"year":2002,"coal":789153,"gas":1320,"nuclear":0,"crude-oil":11380,"renewable":52536},{"year":2003,"coal":792236,"gas":1592,"nuclear":0,"crude-oil":10817,"renewable":55371},{"year":2004,"coal":786209,"gas":3432,"nuclear":0,"crude-oil":10179,"renewable":54940},{"year":2005,"coal":768995,"gas":3191,"nuclear":0,"crude-oil":10017,"renewable":58662},{"year":2006,"coal":783367,"gas":2971,"nuclear":0,"crude-oil":10040,"renewable":49333},{"year":2007,"coal":783017,"gas":3689,"nuclear":0,"crude-oil":10017,"renewable":72172},{"year":2008,"coal":803043,"gas":4762,"nuclear":0,"crude-oil":10776,"renewable":124123},{"year":2009,"coal":800172,"gas":5001,"nuclear":0,"crude-oil":10463,"renewable":152917}]}