{"items":[{"year":1960,"coal":0,"gas":179776,"nuclear":0,"crude-oil":299703,"renewable":46565},{"year":1961,"coal":0,"gas":179844,"nuclear":0,"crude-oil":317190,"renewable":45532},{"year":1962,"coal":0,"gas":177475,"nuclear":0,"crude-oil":323135,"renewable":44673},{"year":1963,"coal":0,"gas":184288,"nuclear":0,"crude-oil":339990,"renewable":39154},{"year":1964,"coal":0,"gas":189090,"nuclear":0,"crude-oil":329307,"renewable":38448},{"year":1965,"coal":0,"gas":173884,"nuclear":0,"crude-oil":325861,"renewable":37759},{"year":1966,"coal":0,"gas":163280,"nuclear":0,"crude-oil":320317,"renewable":37816},{"year":1967,"coal":0,"gas":145399,"nuclear":0,"crude-oil":331453,"renewable":34261},{"year":1968,"coal":0,"gas":140765,"nuclear":0,"crude-oil":340506,"renewable":35452},{"year":1969,"coal":0,"gas":136787,"nuclear":0,"crude-oil":372841,"renewable":34609},{"year":1970,"coal":0,"gas":131364,"nuclear":0,"crude-oil":377690,"renewable":33527},{"year":1971,"coal":0,"gas":123991,"nuclear":0,"crude-oil":371583,"renewable":32841},{"year":1972,"coal":0,"gas":108502,"nuclear":0,"crude-oil":354380,"renewable":32432},{"year":1973,"coal":0,"gas":103621,"nuclear":0,"crude-oil":325392,"renewable":32195},{"year":1974,"coal":0,"gas":81899,"nuclear":0,"crude-oil":294518,"renewable":31279},{"year":1975,"coal":0,"gas":76977,"nuclear":0,"crude-oil":270361,"renewable":31152},{"year":1976,"coal":0,"gas":73238,"nuclear":0,"crude-oil":267218,"renewable":34819},{"year":1977,"coal":0,"gas":85660,"nuclear":0,"crude-oil":249528,"renewable":36230},{"year":1978,"coal":0,"gas":109596,"nuclear":0,"crude-oil":243739,"renewable":37576},{"year":1979,"coal":0,"gas":149603,"nuclear":0,"crude-oil":216497,"renewable":37510},{"year":1980,"coal":0,"gas":180993,"nuclear":0,"crude-oil":208481,"renewable":38097},{"year":1981,"coal":0,"gas":187304,"nuclear":0,"crude-oil":198383,"renewable":41070},{"year":1982,"coal":0,"gas":173414,"nuclear":0,"crude-oil":191673,"renewable":44643},{"year":1983,"coal":0,"gas":156362,"nuclear":0,"crude-oil":182439,"renewable":45071},{"year":1984,"coal":0,"gas":163680,"nuclear":1789,"crude-oil":190101,"renewable":50468},{"year":1985,"coal":0,"gas":148989,"nuclear":46014,"crude-oil":177718,"renewable":50892},{"year":1986,"coal":0,"gas":145122,"nuclear":43233,"crude-oil":173983,"renewable":49196},{"year":1987,"coal":0,"gas":142979,"nuclear":80577,"crude-oil":162997,"renewable":45439},{"year":1988,"coal":0,"gas":127575,"nuclear":101592,"crude-oil":159807,"renewable":47412},{"year":1989,"coal":0,"gas":106366,"nuclear":82824,"crude-oil":158937,"renewable":76403},{"year":1990,"coal":0,"gas":98506,"nuclear":78541,"crude-oil":156797,"renewable":84868},{"year":1991,"coal":0,"gas":112041,"nuclear":95750,"crude-oil":156919,"renewable":89510},{"year":1992,"coal":0,"gas":96688,"nuclear":85587,"crude-oil":146056,"renewable":90830},{"year":1993,"coal":0,"gas":83213,"nuclear":83019,"crude-oil":131155,"renewable":92435},{"year":1994,"coal":0,"gas":66249,"nuclear":100493,"crude-oil":116719,"renewable":94862},{"year":1995,"coal":0,"gas":98641,"nuclear":84196,"crude-oil":115478,"renewable":94192},{"year":1996,"coal":0,"gas":106916,"nuclear":96886,"crude-oil":113152,"renewable":85740},{"year":1997,"coal":0,"gas":111421,"nuclear":113467,"crude-oil":122015,"renewable":84292},{"year":1998,"coal":0,"gas":113812,"nuclear":96418,"crude-oil":127780,"renewable":64176},{"year":1999,"coal":203,"gas":123615,"nuclear":88075,"crude-oil":104116,"renewable":65223},{"year":2000,"coal":10161,"gas":109481,"nuclear":111534,"crude-oil":115095,"renewable":75481},{"year":2001,"coal":6804,"gas":136220,"nuclear":103635,"crude-oil":113262,"renewable":56086},{"year":2002,"coal":25966,"gas":144014,"nuclear":105041,"crude-oil":104487,"renewable":49642},{"year":2003,"coal":37626,"gas":157903,"nuclear":113614,"crude-oil":96239,"renewable":45347},{"year":2004,"coal":36619,"gas":87941,"nuclear":106697,"crude-oil":99487,"renewable":61253},{"year":2005,"coal":36231,"gas":78340,"nuclear":105172,"crude-oil":102631,"renewable":62676},{"year":2006,"coal":38844,"gas":85443,"nuclear":108728,"crude-oil":100665,"renewable":63183},{"year":2007,"coal":36159,"gas":96146,"nuclear":98127,"crude-oil":118297,"renewable":63696},{"year":2008,"coal":28807,"gas":115553,"nuclear":98225,"crude-oil":128192,"renewable":47283},{"year":2009,"coal":35109,"gas":117636,"nuclear":115044,"crude-oil":134746,"renewable":53335}]}