{"items":[{"year":1960,"coal":2971458,"gas":229602,"nuclear":0,"crude-oil":13340,"renewable":23464},{"year":1961,"coal":2821061,"gas":231581,"nuclear":0,"crude-oil":16008,"renewable":23666},{"year":1962,"coal":2953044,"gas":231737,"nuclear":0,"crude-oil":20126,"renewable":23755},{"year":1963,"coal":3305985,"gas":231214,"nuclear":0,"crude-oil":19430,"renewable":21029},{"year":1964,"coal":3532592,"gas":224229,"nuclear":0,"crude-oil":19546,"renewable":21666},{"year":1965,"coal":3730403,"gas":228127,"nuclear":0,"crude-oil":20474,"renewable":20560},{"year":1966,"coal":3741366,"gas":232740,"nuclear":0,"crude-oil":21309,"renewable":20101},{"year":1967,"coal":3842089,"gas":232575,"nuclear":0,"crude-oil":20654,"renewable":22471},{"year":1968,"coal":3645105,"gas":260633,"nuclear":0,"crude-oil":19210,"renewable":21573},{"year":1969,"coal":3535711,"gas":254901,"nuclear":0,"crude-oil":18003,"renewable":21430},{"year":1970,"coal":3652113,"gas":266661,"nuclear":0,"crude-oil":18119,"renewable":21152},{"year":1971,"coal":2991677,"gas":258690,"nuclear":0,"crude-oil":17220,"renewable":22281},{"year":1972,"coal":3128328,"gas":236442,"nuclear":0,"crude-oil":15527,"renewable":24771},{"year":1973,"coal":2972141,"gas":229989,"nuclear":0,"crude-oil":13833,"renewable":24229},{"year":1974,"coal":2605821,"gas":223676,"nuclear":0,"crude-oil":15457,"renewable":23779},{"year":1975,"coal":2769249,"gas":174574,"nuclear":0,"crude-oil":14378,"renewable":22798},{"year":1976,"coal":2768788,"gas":172661,"nuclear":0,"crude-oil":14610,"renewable":24758},{"year":1977,"coal":2422787,"gas":172139,"nuclear":0,"crude-oil":14604,"renewable":24320},{"year":1978,"coal":2148688,"gas":165843,"nuclear":0,"crude-oil":13816,"renewable":27252},{"year":1979,"coal":2891197,"gas":167745,"nuclear":0,"crude-oil":13955,"renewable":33875},{"year":1980,"coal":3112014,"gas":177452,"nuclear":0,"crude-oil":13549,"renewable":23421},{"year":1981,"coal":2934294,"gas":183825,"nuclear":0,"crude-oil":20143,"renewable":22022},{"year":1982,"coal":3344594,"gas":170144,"nuclear":0,"crude-oil":18717,"renewable":25803},{"year":1983,"coal":3003769,"gas":147369,"nuclear":0,"crude-oil":21042,"renewable":23389},{"year":1984,"coal":3413581,"gas":165753,"nuclear":0,"crude-oil":20439,"renewable":25619},{"year":1985,"coal":3339898,"gas":170759,"nuclear":0,"crude-oil":20619,"renewable":25050},{"year":1986,"coal":3391600,"gas":159846,"nuclear":0,"crude-oil":18241,"renewable":31416},{"year":1987,"coal":3561008,"gas":186559,"nuclear":0,"crude-oil":16443,"renewable":28499},{"year":1988,"coal":3802175,"gas":205121,"nuclear":0,"crude-oil":15208,"renewable":29016},{"year":1989,"coal":3996483,"gas":207716,"nuclear":0,"crude-oil":13009,"renewable":25599},{"year":1990,"coal":4450036,"gas":206250,"nuclear":0,"crude-oil":12429,"renewable":18512},{"year":1991,"coal":4391171,"gas":229586,"nuclear":0,"crude-oil":11385,"renewable":16400},{"year":1992,"coal":4250361,"gas":209477,"nuclear":0,"crude-oil":11994,"renewable":18471},{"year":1993,"coal":3382972,"gas":199903,"nuclear":0,"crude-oil":11878,"renewable":18460},{"year":1994,"coal":4203423,"gas":212940,"nuclear":0,"crude-oil":11124,"renewable":18699},{"year":1995,"coal":4217195,"gas":209421,"nuclear":0,"crude-oil":11298,"renewable":19454},{"year":1996,"coal":4392067,"gas":191130,"nuclear":0,"crude-oil":9744,"renewable":22038},{"year":1997,"coal":4464061,"gas":194898,"nuclear":0,"crude-oil":8752,"renewable":17584},{"year":1998,"coal":4413049,"gas":202451,"nuclear":0,"crude-oil":8532,"renewable":16213},{"year":1999,"coal":4021540,"gas":197171,"nuclear":0,"crude-oil":8532,"renewable":14892},{"year":2000,"coal":4015521,"gas":298105,"nuclear":0,"crude-oil":8120,"renewable":17463},{"year":2001,"coal":4085483,"gas":222938,"nuclear":0,"crude-oil":7111,"renewable":14727},{"year":2002,"coal":3805093,"gas":218897,"nuclear":0,"crude-oil":8016,"renewable":15140},{"year":2003,"coal":3524504,"gas":212634,"nuclear":0,"crude-oil":7737,"renewable":19989},{"year":2004,"coal":3724793,"gas":222612,"nuclear":0,"crude-oil":7766,"renewable":19242},{"year":2005,"coal":3848482,"gas":249956,"nuclear":0,"crude-oil":9065,"renewable":28330},{"year":2006,"coal":3802035,"gas":265768,"nuclear":0,"crude-oil":10144,"renewable":28487},{"year":2007,"coal":3855269,"gas":262351,"nuclear":0,"crude-oil":9129,"renewable":26227},{"year":2008,"coal":3870325,"gas":277282,"nuclear":0,"crude-oil":9239,"renewable":28853},{"year":2009,"coal":3379357,"gas":300896,"nuclear":0,"crude-oil":10811,"renewable":35572}]}