{"items":[{"year":1960,"coal":0,"gas":0,"nuclear":0,"crude-oil":0,"renewable":59784},{"year":1961,"coal":0,"gas":0,"nuclear":0,"crude-oil":0,"renewable":56575},{"year":1962,"coal":0,"gas":0,"nuclear":0,"crude-oil":0,"renewable":55672},{"year":1963,"coal":0,"gas":0,"nuclear":0,"crude-oil":0,"renewable":58874},{"year":1964,"coal":0,"gas":0,"nuclear":0,"crude-oil":0,"renewable":55936},{"year":1965,"coal":0,"gas":0,"nuclear":0,"crude-oil":0,"renewable":51675},{"year":1966,"coal":0,"gas":0,"nuclear":0,"crude-oil":0,"renewable":55812},{"year":1967,"coal":0,"gas":0,"nuclear":0,"crude-oil":0,"renewable":58337},{"year":1968,"coal":0,"gas":0,"nuclear":0,"crude-oil":0,"renewable":59840},{"year":1969,"coal":0,"gas":0,"nuclear":0,"crude-oil":0,"renewable":61658},{"year":1970,"coal":0,"gas":0,"nuclear":0,"crude-oil":0,"renewable":59420},{"year":1971,"coal":0,"gas":0,"nuclear":0,"crude-oil":0,"renewable":55423},{"year":1972,"coal":0,"gas":0,"nuclear":586,"crude-oil":0,"renewable":59882},{"year":1973,"coal":0,"gas":0,"nuclear":36540,"crude-oil":0,"renewable":64648},{"year":1974,"coal":0,"gas":0,"nuclear":39893,"crude-oil":0,"renewable":64263},{"year":1975,"coal":0,"gas":0,"nuclear":49586,"crude-oil":0,"renewable":60423},{"year":1976,"coal":0,"gas":0,"nuclear":65496,"crude-oil":0,"renewable":70099},{"year":1977,"coal":0,"gas":0,"nuclear":55386,"crude-oil":0,"renewable":72689},{"year":1978,"coal":0,"gas":0,"nuclear":58582,"crude-oil":0,"renewable":74889},{"year":1979,"coal":0,"gas":0,"nuclear":48928,"crude-oil":0,"renewable":76896},{"year":1980,"coal":0,"gas":0,"nuclear":48040,"crude-oil":0,"renewable":121124},{"year":1981,"coal":0,"gas":0,"nuclear":57488,"crude-oil":0,"renewable":129782},{"year":1982,"coal":0,"gas":0,"nuclear":50097,"crude-oil":0,"renewable":126910},{"year":1983,"coal":0,"gas":0,"nuclear":62488,"crude-oil":0,"renewable":140252},{"year":1984,"coal":0,"gas":0,"nuclear":55552,"crude-oil":0,"renewable":139329},{"year":1985,"coal":0,"gas":0,"nuclear":56875,"crude-oil":0,"renewable":136042},{"year":1986,"coal":0,"gas":0,"nuclear":66032,"crude-oil":0,"renewable":122771},{"year":1987,"coal":0,"gas":0,"nuclear":42216,"crude-oil":0,"renewable":116377},{"year":1988,"coal":0,"gas":0,"nuclear":53192,"crude-oil":0,"renewable":118029},{"year":1989,"coal":0,"gas":0,"nuclear":73464,"crude-oil":0,"renewable":154426},{"year":1990,"coal":0,"gas":0,"nuclear":51436,"crude-oil":0,"renewable":151631},{"year":1991,"coal":0,"gas":0,"nuclear":65676,"crude-oil":0,"renewable":157263},{"year":1992,"coal":0,"gas":0,"nuclear":56104,"crude-oil":0,"renewable":159037},{"year":1993,"coal":0,"gas":0,"nuclear":60292,"crude-oil":0,"renewable":158155},{"year":1994,"coal":0,"gas":0,"nuclear":69317,"crude-oil":0,"renewable":156739},{"year":1995,"coal":0,"gas":0,"nuclear":2076,"crude-oil":0,"renewable":160888},{"year":1996,"coal":0,"gas":0,"nuclear":53166,"crude-oil":0,"renewable":167221},{"year":1997,"coal":0,"gas":0,"nuclear":0,"crude-oil":0,"renewable":161832},{"year":1998,"coal":0,"gas":0,"nuclear":0,"crude-oil":0,"renewable":151245},{"year":1999,"coal":0,"gas":0,"nuclear":0,"crude-oil":0,"renewable":159274},{"year":2000,"coal":0,"gas":0,"nuclear":0,"crude-oil":0,"renewable":163113},{"year":2001,"coal":0,"gas":0,"nuclear":0,"crude-oil":0,"renewable":146153},{"year":2002,"coal":0,"gas":0,"nuclear":0,"crude-oil":0,"renewable":140393},{"year":2003,"coal":0,"gas":0,"nuclear":0,"crude-oil":0,"renewable":132722},{"year":2004,"coal":0,"gas":0,"nuclear":0,"crude-oil":0,"renewable":136802},{"year":2005,"coal":0,"gas":0,"nuclear":0,"crude-oil":0,"renewable":159687},{"year":2006,"coal":0,"gas":0,"nuclear":0,"crude-oil":0,"renewable":152501},{"year":2007,"coal":0,"gas":0,"nuclear":0,"crude-oil":0,"renewable":155792},{"year":2008,"coal":0,"gas":0,"nuclear":0,"crude-oil":0,"renewable":182520},{"year":2009,"coal":0,"gas":0,"nuclear":0,"crude-oil":0,"renewable":139654}]}