{"items":[{"year":1960,"coal":0,"gas":0,"nuclear":0,"crude-oil":0,"renewable":77688},{"year":1961,"coal":0,"gas":0,"nuclear":0,"crude-oil":0,"renewable":70403},{"year":1962,"coal":0,"gas":0,"nuclear":0,"crude-oil":0,"renewable":73984},{"year":1963,"coal":0,"gas":0,"nuclear":0,"crude-oil":0,"renewable":73227},{"year":1964,"coal":0,"gas":0,"nuclear":0,"crude-oil":0,"renewable":76892},{"year":1965,"coal":0,"gas":0,"nuclear":0,"crude-oil":0,"renewable":79778},{"year":1966,"coal":0,"gas":0,"nuclear":0,"crude-oil":0,"renewable":81379},{"year":1967,"coal":0,"gas":0,"nuclear":0,"crude-oil":0,"renewable":82252},{"year":1968,"coal":0,"gas":0,"nuclear":0,"crude-oil":0,"renewable":80804},{"year":1969,"coal":0,"gas":0,"nuclear":0,"crude-oil":0,"renewable":76228},{"year":1970,"coal":0,"gas":0,"nuclear":0,"crude-oil":0,"renewable":85735},{"year":1971,"coal":0,"gas":0,"nuclear":0,"crude-oil":0,"renewable":89445},{"year":1972,"coal":0,"gas":0,"nuclear":0,"crude-oil":0,"renewable":92776},{"year":1973,"coal":0,"gas":0,"nuclear":0,"crude-oil":0,"renewable":97216},{"year":1974,"coal":0,"gas":0,"nuclear":0,"crude-oil":0,"renewable":111472},{"year":1975,"coal":0,"gas":0,"nuclear":0,"crude-oil":0,"renewable":118011},{"year":1976,"coal":0,"gas":0,"nuclear":0,"crude-oil":0,"renewable":121380},{"year":1977,"coal":0,"gas":0,"nuclear":0,"crude-oil":0,"renewable":85968},{"year":1978,"coal":0,"gas":0,"nuclear":0,"crude-oil":0,"renewable":119334},{"year":1979,"coal":0,"gas":0,"nuclear":0,"crude-oil":0,"renewable":113729},{"year":1980,"coal":0,"gas":0,"nuclear":0,"crude-oil":0,"renewable":113407},{"year":1981,"coal":0,"gas":0,"nuclear":0,"crude-oil":0,"renewable":115694},{"year":1982,"coal":0,"gas":0,"nuclear":0,"crude-oil":0,"renewable":137242},{"year":1983,"coal":0,"gas":0,"nuclear":0,"crude-oil":0,"renewable":152250},{"year":1984,"coal":0,"gas":0,"nuclear":0,"crude-oil":0,"renewable":156347},{"year":1985,"coal":0,"gas":0,"nuclear":0,"crude-oil":0,"renewable":132508},{"year":1986,"coal":0,"gas":0,"nuclear":0,"crude-oil":0,"renewable":146627},{"year":1987,"coal":0,"gas":0,"nuclear":0,"crude-oil":0,"renewable":101722},{"year":1988,"coal":0,"gas":0,"nuclear":0,"crude-oil":0,"renewable":87512},{"year":1989,"coal":0,"gas":0,"nuclear":0,"crude-oil":0,"renewable":124650},{"year":1990,"coal":0,"gas":0,"nuclear":0,"crude-oil":0,"renewable":119510},{"year":1991,"coal":0,"gas":0,"nuclear":0,"crude-oil":0,"renewable":116020},{"year":1992,"coal":0,"gas":0,"nuclear":0,"crude-oil":0,"renewable":95133},{"year":1993,"coal":0,"gas":0,"nuclear":0,"crude-oil":0,"renewable":126225},{"year":1994,"coal":0,"gas":0,"nuclear":0,"crude-oil":0,"renewable":106699},{"year":1995,"coal":0,"gas":0,"nuclear":0,"crude-oil":0,"renewable":139907},{"year":1996,"coal":0,"gas":0,"nuclear":0,"crude-oil":0,"renewable":164235},{"year":1997,"coal":0,"gas":0,"nuclear":0,"crude-oil":0,"renewable":179342},{"year":1998,"coal":0,"gas":0,"nuclear":0,"crude-oil":0,"renewable":160202},{"year":1999,"coal":0,"gas":0,"nuclear":0,"crude-oil":0,"renewable":167805},{"year":2000,"coal":0,"gas":0,"nuclear":0,"crude-oil":0,"renewable":141505},{"year":2001,"coal":0,"gas":0,"nuclear":0,"crude-oil":0,"renewable":105045},{"year":2002,"coal":0,"gas":0,"nuclear":0,"crude-oil":0,"renewable":113779},{"year":2003,"coal":0,"gas":0,"nuclear":0,"crude-oil":0,"renewable":110524},{"year":2004,"coal":0,"gas":0,"nuclear":0,"crude-oil":0,"renewable":112432},{"year":2005,"coal":0,"gas":0,"nuclear":0,"crude-oil":0,"renewable":121078},{"year":2006,"coal":0,"gas":0,"nuclear":0,"crude-oil":0,"renewable":146691},{"year":2007,"coal":0,"gas":0,"nuclear":0,"crude-oil":0,"renewable":125807},{"year":2008,"coal":0,"gas":0,"nuclear":0,"crude-oil":0,"renewable":133299},{"year":2009,"coal":0,"gas":0,"nuclear":0,"crude-oil":0,"renewable":139888}]}