{"items":[{"year":1960,"coal":0,"gas":0,"nuclear":0,"crude-oil":157,"renewable":22110},{"year":1961,"coal":0,"gas":0,"nuclear":0,"crude-oil":893,"renewable":19545},{"year":1962,"coal":0,"gas":0,"nuclear":0,"crude-oil":818,"renewable":21733},{"year":1963,"coal":0,"gas":0,"nuclear":0,"crude-oil":684,"renewable":19804},{"year":1964,"coal":0,"gas":0,"nuclear":0,"crude-oil":1479,"renewable":17842},{"year":1965,"coal":0,"gas":0,"nuclear":0,"crude-oil":1212,"renewable":17544},{"year":1966,"coal":0,"gas":0,"nuclear":0,"crude-oil":1781,"renewable":19632},{"year":1967,"coal":0,"gas":0,"nuclear":0,"crude-oil":1618,"renewable":18985},{"year":1968,"coal":0,"gas":0,"nuclear":0,"crude-oil":1572,"renewable":19142},{"year":1969,"coal":0,"gas":0,"nuclear":0,"crude-oil":1293,"renewable":18771},{"year":1970,"coal":0,"gas":0,"nuclear":0,"crude-oil":864,"renewable":18322},{"year":1971,"coal":0,"gas":0,"nuclear":0,"crude-oil":655,"renewable":18651},{"year":1972,"coal":0,"gas":0,"nuclear":0,"crude-oil":580,"renewable":17274},{"year":1973,"coal":0,"gas":0,"nuclear":0,"crude-oil":557,"renewable":18356},{"year":1974,"coal":0,"gas":0,"nuclear":0,"crude-oil":748,"renewable":17762},{"year":1975,"coal":0,"gas":0,"nuclear":0,"crude-oil":667,"renewable":18827},{"year":1976,"coal":0,"gas":0,"nuclear":0,"crude-oil":829,"renewable":17457},{"year":1977,"coal":0,"gas":0,"nuclear":0,"crude-oil":3834,"renewable":18381},{"year":1978,"coal":0,"gas":0,"nuclear":0,"crude-oil":6705,"renewable":18980},{"year":1979,"coal":0,"gas":0,"nuclear":0,"crude-oil":7163,"renewable":19804},{"year":1980,"coal":0,"gas":0,"nuclear":0,"crude-oil":5104,"renewable":27403},{"year":1981,"coal":0,"gas":0,"nuclear":0,"crude-oil":4060,"renewable":21794},{"year":1982,"coal":0,"gas":null,"nuclear":0,"crude-oil":3555,"renewable":18709},{"year":1983,"coal":0,"gas":null,"nuclear":0,"crude-oil":4698,"renewable":47192},{"year":1984,"coal":0,"gas":null,"nuclear":0,"crude-oil":11061,"renewable":63057},{"year":1985,"coal":0,"gas":null,"nuclear":0,"crude-oil":17626,"renewable":49982},{"year":1986,"coal":0,"gas":null,"nuclear":0,"crude-oil":16861,"renewable":52098},{"year":1987,"coal":0,"gas":null,"nuclear":0,"crude-oil":18050,"renewable":28499},{"year":1988,"coal":0,"gas":null,"nuclear":0,"crude-oil":18740,"renewable":23919},{"year":1989,"coal":0,"gas":null,"nuclear":0,"crude-oil":18653,"renewable":30234},{"year":1990,"coal":0,"gas":null,"nuclear":0,"crude-oil":23264,"renewable":29665},{"year":1991,"coal":0,"gas":55,"nuclear":0,"crude-oil":19795,"renewable":38959},{"year":1992,"coal":0,"gas":30,"nuclear":0,"crude-oil":21582,"renewable":36825},{"year":1993,"coal":0,"gas":22,"nuclear":0,"crude-oil":10904,"renewable":40584},{"year":1994,"coal":0,"gas":16,"nuclear":0,"crude-oil":9848,"renewable":39088},{"year":1995,"coal":0,"gas":14,"nuclear":0,"crude-oil":7784,"renewable":40324},{"year":1996,"coal":0,"gas":11,"nuclear":0,"crude-oil":6136,"renewable":43109},{"year":1997,"coal":0,"gas":10,"nuclear":0,"crude-oil":5684,"renewable":48281},{"year":1998,"coal":0,"gas":9,"nuclear":0,"crude-oil":4634,"renewable":53119},{"year":1999,"coal":0,"gas":8,"nuclear":0,"crude-oil":4095,"renewable":49076},{"year":2000,"coal":0,"gas":7,"nuclear":0,"crude-oil":3602,"renewable":44836},{"year":2001,"coal":0,"gas":7,"nuclear":0,"crude-oil":3318,"renewable":43436},{"year":2002,"coal":0,"gas":7,"nuclear":0,"crude-oil":3207,"renewable":39454},{"year":2003,"coal":0,"gas":6,"nuclear":0,"crude-oil":2859,"renewable":33947},{"year":2004,"coal":0,"gas":6,"nuclear":0,"crude-oil":2685,"renewable":34391},{"year":2005,"coal":0,"gas":5,"nuclear":0,"crude-oil":2593,"renewable":34561},{"year":2006,"coal":0,"gas":5,"nuclear":0,"crude-oil":2471,"renewable":38508},{"year":2007,"coal":0,"gas":5,"nuclear":0,"crude-oil":2366,"renewable":37791},{"year":2008,"coal":0,"gas":4,"nuclear":0,"crude-oil":2529,"renewable":37953},{"year":2009,"coal":0,"gas":4,"nuclear":0,"crude-oil":2639,"renewable":47288}]}