{"items":[{"year":1960,"coal":11263,"gas":248,"nuclear":0,"crude-oil":3242,"renewable":6800},{"year":1961,"coal":11497,"gas":637,"nuclear":0,"crude-oil":36697,"renewable":7313},{"year":1962,"coal":13588,"gas":2205,"nuclear":0,"crude-oil":59502,"renewable":7453},{"year":1963,"coal":13307,"gas":4541,"nuclear":0,"crude-oil":62292,"renewable":7793},{"year":1964,"coal":11622,"gas":6332,"nuclear":0,"crude-oil":64142,"renewable":8102},{"year":1965,"coal":13931,"gas":7324,"nuclear":0,"crude-oil":64542,"renewable":8519},{"year":1966,"coal":14461,"gas":11374,"nuclear":0,"crude-oil":83276,"renewable":8328},{"year":1967,"coal":14430,"gas":14575,"nuclear":0,"crude-oil":168931,"renewable":8457},{"year":1968,"coal":11700,"gas":17508,"nuclear":0,"crude-oil":383983,"renewable":8486},{"year":1969,"coal":10405,"gas":51347,"nuclear":0,"crude-oil":428927,"renewable":8455},{"year":1970,"coal":8564,"gas":112636,"nuclear":0,"crude-oil":484973,"renewable":8835},{"year":1971,"coal":10889,"gas":122427,"nuclear":0,"crude-oil":461065,"renewable":9094},{"year":1972,"coal":10421,"gas":127755,"nuclear":0,"crude-oil":422779,"renewable":8673},{"year":1973,"coal":10826,"gas":134272,"nuclear":0,"crude-oil":419473,"renewable":7844},{"year":1974,"coal":10920,"gas":131761,"nuclear":0,"crude-oil":409497,"renewable":8329},{"year":1975,"coal":11950,"gas":163487,"nuclear":0,"crude-oil":405037,"renewable":8608},{"year":1976,"coal":11014,"gas":169318,"nuclear":0,"crude-oil":367708,"renewable":9201},{"year":1977,"coal":10998,"gas":191411,"nuclear":0,"crude-oil":981366,"renewable":11449},{"year":1978,"coal":11404,"gas":204894,"nuclear":0,"crude-oil":2601996,"renewable":10809},{"year":1979,"coal":12308,"gas":222210,"nuclear":0,"crude-oil":2965743,"renewable":10733},{"year":1980,"coal":12340,"gas":232344,"nuclear":0,"crude-oil":3431547,"renewable":8321},{"year":1981,"coal":12605,"gas":244732,"nuclear":0,"crude-oil":3406555,"renewable":9216},{"year":1982,"coal":12995,"gas":265372,"nuclear":0,"crude-oil":3589678,"renewable":8745},{"year":1983,"coal":12262,"gas":278152,"nuclear":0,"crude-oil":3628057,"renewable":9591},{"year":1984,"coal":13400,"gas":295471,"nuclear":0,"crude-oil":3656326,"renewable":11152},{"year":1985,"coal":22355,"gas":336809,"nuclear":0,"crude-oil":3864151,"renewable":11783},{"year":1986,"coal":24492,"gas":315801,"nuclear":0,"crude-oil":3951598,"renewable":10706},{"year":1987,"coal":23275,"gas":404383,"nuclear":0,"crude-oil":4152533,"renewable":12000},{"year":1988,"coal":27222,"gas":431000,"nuclear":0,"crude-oil":4281235,"renewable":12759},{"year":1989,"coal":24679,"gas":436221,"nuclear":0,"crude-oil":3967078,"renewable":18342},{"year":1990,"coal":26614,"gas":432359,"nuclear":0,"crude-oil":3754392,"renewable":18357},{"year":1991,"coal":22402,"gas":500740,"nuclear":0,"crude-oil":3806824,"renewable":17357},{"year":1992,"coal":23930,"gas":512422,"nuclear":0,"crude-oil":3638468,"renewable":18300},{"year":1993,"coal":24976,"gas":496655,"nuclear":0,"crude-oil":3349471,"renewable":20551},{"year":1994,"coal":24445,"gas":621304,"nuclear":0,"crude-oil":3299916,"renewable":23587},{"year":1995,"coal":26489,"gas":546410,"nuclear":0,"crude-oil":3141593,"renewable":22506},{"year":1996,"coal":23104,"gas":556012,"nuclear":0,"crude-oil":2957994,"renewable":21187},{"year":1997,"coal":22620,"gas":551062,"nuclear":0,"crude-oil":2743104,"renewable":14994},{"year":1998,"coal":20966,"gas":545546,"nuclear":0,"crude-oil":2487330,"renewable":13291},{"year":1999,"coal":24414,"gas":540279,"nuclear":0,"crude-oil":2222554,"renewable":10249},{"year":2000,"coal":25600,"gas":445542,"nuclear":0,"crude-oil":2060154,"renewable":12241},{"year":2001,"coal":23618,"gas":552014,"nuclear":0,"crude-oil":2038184,"renewable":16974},{"year":2002,"coal":17878,"gas":538154,"nuclear":0,"crude-oil":2084143,"renewable":17922},{"year":2003,"coal":16864,"gas":561474,"nuclear":0,"crude-oil":2062376,"renewable":19558},{"year":2004,"coal":23587,"gas":542458,"nuclear":0,"crude-oil":1928297,"renewable":18425},{"year":2005,"coal":22682,"gas":547245,"nuclear":0,"crude-oil":1829436,"renewable":15866},{"year":2006,"coal":22230,"gas":496012,"nuclear":0,"crude-oil":1568819,"renewable":13318},{"year":2007,"coal":20654,"gas":487689,"nuclear":0,"crude-oil":1528851,"renewable":14058},{"year":2008,"coal":23041,"gas":447422,"nuclear":0,"crude-oil":1449269,"renewable":12871},{"year":2009,"coal":29016,"gas":442657,"nuclear":0,"crude-oil":1365900,"renewable":14316}]}