{"items":[{"year":1960,"coal":1586449,"gas":86717,"nuclear":0,"crude-oil":122653,"renewable":50751},{"year":1961,"coal":1493944,"gas":81661,"nuclear":0,"crude-oil":106395,"renewable":48648},{"year":1962,"coal":1638552,"gas":80860,"nuclear":0,"crude-oil":103176,"renewable":51423},{"year":1963,"coal":1832508,"gas":85917,"nuclear":0,"crude-oil":106395,"renewable":47591},{"year":1964,"coal":1963792,"gas":89056,"nuclear":0,"crude-oil":114678,"renewable":47022},{"year":1965,"coal":2037285,"gas":90916,"nuclear":0,"crude-oil":112439,"renewable":47438},{"year":1966,"coal":2212066,"gas":88107,"nuclear":0,"crude-oil":104783,"renewable":49311},{"year":1967,"coal":2380970,"gas":102649,"nuclear":0,"crude-oil":90103,"renewable":61073},{"year":1968,"coal":2400532,"gas":102483,"nuclear":0,"crude-oil":81409,"renewable":53358},{"year":1969,"coal":2597581,"gas":93596,"nuclear":0,"crude-oil":74959,"renewable":51326},{"year":1970,"coal":3017565,"gas":89668,"nuclear":0,"crude-oil":67135,"renewable":57023},{"year":1971,"coal":2869275,"gas":84370,"nuclear":0,"crude-oil":62014,"renewable":61912},{"year":1972,"coal":2910525,"gas":75069,"nuclear":0,"crude-oil":56272,"renewable":66566},{"year":1973,"coal":3057325,"gas":72538,"nuclear":0,"crude-oil":50385,"renewable":67629},{"year":1974,"coal":3248065,"gas":82008,"nuclear":0,"crude-oil":45455,"renewable":66669},{"year":1975,"coal":3440044,"gas":69666,"nuclear":0,"crude-oil":43825,"renewable":66857},{"year":1976,"coal":3479209,"gas":75265,"nuclear":0,"crude-oil":43401,"renewable":68110},{"year":1977,"coal":3513197,"gas":69159,"nuclear":0,"crude-oil":38170,"renewable":64140},{"year":1978,"coal":3266591,"gas":80155,"nuclear":0,"crude-oil":33199,"renewable":70514},{"year":1979,"coal":3639650,"gas":66719,"nuclear":0,"crude-oil":31981,"renewable":82531},{"year":1980,"coal":3703362,"gas":70246,"nuclear":0,"crude-oil":34487,"renewable":55822},{"year":1981,"coal":3960803,"gas":72067,"nuclear":0,"crude-oil":37978,"renewable":55135},{"year":1982,"coal":3760412,"gas":64110,"nuclear":0,"crude-oil":42624,"renewable":69360},{"year":1983,"coal":3285634,"gas":57451,"nuclear":0,"crude-oil":45739,"renewable":64980},{"year":1984,"coal":3997384,"gas":73523,"nuclear":0,"crude-oil":45107,"renewable":74709},{"year":1985,"coal":3831439,"gas":85907,"nuclear":0,"crude-oil":45182,"renewable":69540},{"year":1986,"coal":3877067,"gas":90435,"nuclear":0,"crude-oil":37555,"renewable":63267},{"year":1987,"coal":4152114,"gas":76070,"nuclear":0,"crude-oil":33309,"renewable":60441},{"year":1988,"coal":4011842,"gas":80288,"nuclear":0,"crude-oil":31662,"renewable":56441},{"year":1989,"coal":4220066,"gas":77854,"nuclear":0,"crude-oil":31401,"renewable":73036},{"year":1990,"coal":4414362,"gas":81883,"nuclear":0,"crude-oil":31372,"renewable":50476},{"year":1991,"coal":4054871,"gas":86639,"nuclear":0,"crude-oil":31813,"renewable":56629},{"year":1992,"coal":4112739,"gas":88465,"nuclear":0,"crude-oil":31778,"renewable":57999},{"year":1993,"coal":3962427,"gas":95194,"nuclear":0,"crude-oil":26651,"renewable":47980},{"year":1994,"coal":4107496,"gas":81184,"nuclear":0,"crude-oil":23275,"renewable":56671},{"year":1995,"coal":3910027,"gas":85917,"nuclear":0,"crude-oil":20254,"renewable":51206},{"year":1996,"coal":3860466,"gas":89489,"nuclear":0,"crude-oil":20892,"renewable":55143},{"year":1997,"coal":3940216,"gas":87437,"nuclear":0,"crude-oil":17330,"renewable":47970},{"year":1998,"coal":3832682,"gas":88324,"nuclear":0,"crude-oil":16942,"renewable":43480},{"year":1999,"coal":3502887,"gas":83000,"nuclear":0,"crude-oil":16107,"renewable":38342},{"year":2000,"coal":3270194,"gas":87158,"nuclear":0,"crude-oil":20097,"renewable":36190},{"year":2001,"coal":3326940,"gas":87105,"nuclear":0,"crude-oil":17220,"renewable":53167},{"year":2002,"coal":3098985,"gas":94222,"nuclear":0,"crude-oil":15538,"renewable":62832},{"year":2003,"coal":2809836,"gas":93027,"nuclear":0,"crude-oil":14720,"renewable":66038},{"year":2004,"coal":2845496,"gas":101150,"nuclear":0,"crude-oil":14778,"renewable":68899},{"year":2005,"coal":2973897,"gas":98070,"nuclear":0,"crude-oil":14703,"renewable":66850},{"year":2006,"coal":3000879,"gas":101324,"nuclear":0,"crude-oil":13572,"renewable":61971},{"year":2007,"coal":2872880,"gas":100808,"nuclear":0,"crude-oil":15463,"renewable":55833},{"year":2008,"coal":2927900,"gas":121462,"nuclear":0,"crude-oil":15341,"renewable":57623},{"year":2009,"coal":2616139,"gas":121953,"nuclear":0,"crude-oil":15132,"renewable":66193}]}