{"items":[{"year":1960,"coal":0,"gas":0,"nuclear":0,"crude-oil":0,"renewable":4982},{"year":1961,"coal":0,"gas":0,"nuclear":0,"crude-oil":0,"renewable":5101},{"year":1962,"coal":0,"gas":0,"nuclear":0,"crude-oil":0,"renewable":5134},{"year":1963,"coal":0,"gas":0,"nuclear":0,"crude-oil":0,"renewable":5356},{"year":1964,"coal":0,"gas":0,"nuclear":0,"crude-oil":0,"renewable":5510},{"year":1965,"coal":0,"gas":0,"nuclear":0,"crude-oil":0,"renewable":5577},{"year":1966,"coal":0,"gas":0,"nuclear":0,"crude-oil":0,"renewable":5852},{"year":1967,"coal":0,"gas":0,"nuclear":0,"crude-oil":0,"renewable":5783},{"year":1968,"coal":0,"gas":0,"nuclear":0,"crude-oil":0,"renewable":6594},{"year":1969,"coal":0,"gas":0,"nuclear":0,"crude-oil":0,"renewable":7073},{"year":1970,"coal":0,"gas":0,"nuclear":0,"crude-oil":0,"renewable":7021},{"year":1971,"coal":0,"gas":0,"nuclear":0,"crude-oil":0,"renewable":7673},{"year":1972,"coal":0,"gas":0,"nuclear":0,"crude-oil":0,"renewable":8190},{"year":1973,"coal":0,"gas":0,"nuclear":0,"crude-oil":0,"renewable":8483},{"year":1974,"coal":0,"gas":0,"nuclear":0,"crude-oil":0,"renewable":8466},{"year":1975,"coal":0,"gas":0,"nuclear":0,"crude-oil":0,"renewable":7901},{"year":1976,"coal":0,"gas":0,"nuclear":0,"crude-oil":0,"renewable":9607},{"year":1977,"coal":0,"gas":0,"nuclear":0,"crude-oil":0,"renewable":10161},{"year":1978,"coal":0,"gas":0,"nuclear":0,"crude-oil":0,"renewable":10667},{"year":1979,"coal":0,"gas":0,"nuclear":0,"crude-oil":0,"renewable":8729},{"year":1980,"coal":0,"gas":0,"nuclear":0,"crude-oil":0,"renewable":2472},{"year":1981,"coal":0,"gas":0,"nuclear":0,"crude-oil":0,"renewable":2006},{"year":1982,"coal":0,"gas":0,"nuclear":0,"crude-oil":0,"renewable":3170},{"year":1983,"coal":0,"gas":0,"nuclear":0,"crude-oil":0,"renewable":2224},{"year":1984,"coal":0,"gas":0,"nuclear":0,"crude-oil":0,"renewable":2927},{"year":1985,"coal":0,"gas":0,"nuclear":0,"crude-oil":0,"renewable":3019},{"year":1986,"coal":0,"gas":0,"nuclear":0,"crude-oil":0,"renewable":2765},{"year":1987,"coal":0,"gas":0,"nuclear":0,"crude-oil":0,"renewable":2162},{"year":1988,"coal":0,"gas":0,"nuclear":0,"crude-oil":0,"renewable":2310},{"year":1989,"coal":0,"gas":0,"nuclear":0,"crude-oil":0,"renewable":2515},{"year":1990,"coal":0,"gas":0,"nuclear":0,"crude-oil":0,"renewable":1653},{"year":1991,"coal":0,"gas":0,"nuclear":0,"crude-oil":0,"renewable":1733},{"year":1992,"coal":0,"gas":0,"nuclear":0,"crude-oil":0,"renewable":1783},{"year":1993,"coal":0,"gas":0,"nuclear":0,"crude-oil":0,"renewable":2492},{"year":1994,"coal":0,"gas":0,"nuclear":0,"crude-oil":0,"renewable":2421},{"year":1995,"coal":0,"gas":0,"nuclear":0,"crude-oil":0,"renewable":2476},{"year":1996,"coal":0,"gas":0,"nuclear":0,"crude-oil":0,"renewable":2641},{"year":1997,"coal":0,"gas":0,"nuclear":0,"crude-oil":0,"renewable":2202},{"year":1998,"coal":0,"gas":0,"nuclear":0,"crude-oil":0,"renewable":1935},{"year":1999,"coal":0,"gas":0,"nuclear":0,"crude-oil":0,"renewable":2033},{"year":2000,"coal":0,"gas":0,"nuclear":0,"crude-oil":0,"renewable":2322},{"year":2001,"coal":0,"gas":0,"nuclear":0,"crude-oil":0,"renewable":1322},{"year":2002,"coal":0,"gas":0,"nuclear":0,"crude-oil":0,"renewable":1311},{"year":2003,"coal":0,"gas":0,"nuclear":0,"crude-oil":0,"renewable":1397},{"year":2004,"coal":0,"gas":0,"nuclear":0,"crude-oil":0,"renewable":1430},{"year":2005,"coal":0,"gas":0,"nuclear":0,"crude-oil":0,"renewable":946},{"year":2006,"coal":0,"gas":0,"nuclear":0,"crude-oil":0,"renewable":865},{"year":2007,"coal":0,"gas":0,"nuclear":0,"crude-oil":0,"renewable":1520},{"year":2008,"coal":0,"gas":0,"nuclear":0,"crude-oil":0,"renewable":2907},{"year":2009,"coal":0,"gas":0,"nuclear":0,"crude-oil":0,"renewable":2758}]}