{"items":[{"year":1960,"coal":0,"gas":0,"nuclear":0,"crude-oil":0,"renewable":127507},{"year":1961,"coal":0,"gas":0,"nuclear":0,"crude-oil":0,"renewable":120692},{"year":1962,"coal":0,"gas":0,"nuclear":0,"crude-oil":0,"renewable":127402},{"year":1963,"coal":0,"gas":0,"nuclear":0,"crude-oil":0,"renewable":116481},{"year":1964,"coal":0,"gas":0,"nuclear":0,"crude-oil":0,"renewable":131745},{"year":1965,"coal":0,"gas":0,"nuclear":0,"crude-oil":0,"renewable":123608},{"year":1966,"coal":0,"gas":0,"nuclear":0,"crude-oil":0,"renewable":114335},{"year":1967,"coal":0,"gas":0,"nuclear":0,"crude-oil":0,"renewable":118616},{"year":1968,"coal":0,"gas":0,"nuclear":0,"crude-oil":0,"renewable":117146},{"year":1969,"coal":0,"gas":0,"nuclear":0,"crude-oil":0,"renewable":119495},{"year":1970,"coal":0,"gas":0,"nuclear":0,"crude-oil":0,"renewable":111796},{"year":1971,"coal":0,"gas":0,"nuclear":0,"crude-oil":0,"renewable":128148},{"year":1972,"coal":0,"gas":0,"nuclear":0,"crude-oil":0,"renewable":135756},{"year":1973,"coal":0,"gas":0,"nuclear":0,"crude-oil":0,"renewable":142789},{"year":1974,"coal":0,"gas":0,"nuclear":0,"crude-oil":0,"renewable":139607},{"year":1975,"coal":0,"gas":0,"nuclear":15477,"crude-oil":0,"renewable":139828},{"year":1976,"coal":0,"gas":0,"nuclear":27744,"crude-oil":0,"renewable":136973},{"year":1977,"coal":0,"gas":0,"nuclear":60997,"crude-oil":0,"renewable":146565},{"year":1978,"coal":0,"gas":0,"nuclear":108501,"crude-oil":0,"renewable":159172},{"year":1979,"coal":0,"gas":0,"nuclear":74080,"crude-oil":0,"renewable":191639},{"year":1980,"coal":0,"gas":0,"nuclear":62997,"crude-oil":0,"renewable":135910},{"year":1981,"coal":0,"gas":0,"nuclear":68894,"crude-oil":0,"renewable":108155},{"year":1982,"coal":0,"gas":0,"nuclear":101057,"crude-oil":0,"renewable":143303},{"year":1983,"coal":0,"gas":0,"nuclear":134819,"crude-oil":0,"renewable":149635},{"year":1984,"coal":0,"gas":0,"nuclear":219376,"crude-oil":0,"renewable":159880},{"year":1985,"coal":0,"gas":0,"nuclear":205037,"crude-oil":0,"renewable":136770},{"year":1986,"coal":0,"gas":0,"nuclear":214610,"crude-oil":0,"renewable":114112},{"year":1987,"coal":0,"gas":0,"nuclear":298644,"crude-oil":0,"renewable":134887},{"year":1988,"coal":0,"gas":0,"nuclear":309008,"crude-oil":0,"renewable":115314},{"year":1989,"coal":0,"gas":0,"nuclear":309152,"crude-oil":0,"renewable":167665},{"year":1990,"coal":0,"gas":0,"nuclear":274130,"crude-oil":0,"renewable":168723},{"year":1991,"coal":0,"gas":0,"nuclear":317795,"crude-oil":0,"renewable":137285},{"year":1992,"coal":0,"gas":0,"nuclear":238255,"crude-oil":0,"renewable":159701},{"year":1993,"coal":0,"gas":0,"nuclear":249564,"crude-oil":0,"renewable":157310},{"year":1994,"coal":0,"gas":0,"nuclear":338080,"crude-oil":0,"renewable":186811},{"year":1995,"coal":0,"gas":0,"nuclear":377308,"crude-oil":0,"renewable":168716},{"year":1996,"coal":0,"gas":0,"nuclear":354142,"crude-oil":0,"renewable":171376},{"year":1997,"coal":0,"gas":0,"nuclear":340563,"crude-oil":0,"renewable":164824},{"year":1998,"coal":0,"gas":0,"nuclear":406822,"crude-oil":0,"renewable":159633},{"year":1999,"coal":0,"gas":0,"nuclear":392121,"crude-oil":0,"renewable":140076},{"year":2000,"coal":0,"gas":0,"nuclear":408054,"crude-oil":0,"renewable":136579},{"year":2001,"coal":0,"gas":0,"nuclear":394485,"crude-oil":0,"renewable":127355},{"year":2002,"coal":0,"gas":0,"nuclear":413784,"crude-oil":0,"renewable":125233},{"year":2003,"coal":0,"gas":0,"nuclear":426291,"crude-oil":0,"renewable":182394},{"year":2004,"coal":0,"gas":0,"nuclear":418025,"crude-oil":0,"renewable":139837},{"year":2005,"coal":0,"gas":0,"nuclear":417249,"crude-oil":0,"renewable":145281},{"year":2006,"coal":0,"gas":0,"nuclear":417056,"crude-oil":0,"renewable":137006},{"year":2007,"coal":0,"gas":0,"nuclear":419869,"crude-oil":0,"renewable":113078},{"year":2008,"coal":0,"gas":0,"nuclear":415781,"crude-oil":0,"renewable":142197},{"year":2009,"coal":0,"gas":0,"nuclear":427267,"crude-oil":0,"renewable":147988}]}