{"items":[{"year":1960,"coal":0,"gas":0,"nuclear":0,"crude-oil":0,"renewable":190489},{"year":1961,"coal":0,"gas":0,"nuclear":0,"crude-oil":0,"renewable":188915},{"year":1962,"coal":0,"gas":0,"nuclear":0,"crude-oil":0,"renewable":197646},{"year":1963,"coal":0,"gas":0,"nuclear":0,"crude-oil":0,"renewable":199225},{"year":1964,"coal":0,"gas":0,"nuclear":0,"crude-oil":0,"renewable":215793},{"year":1965,"coal":0,"gas":0,"nuclear":0,"crude-oil":0,"renewable":230410},{"year":1966,"coal":0,"gas":0,"nuclear":0,"crude-oil":0,"renewable":232649},{"year":1967,"coal":0,"gas":0,"nuclear":0,"crude-oil":0,"renewable":243110},{"year":1968,"coal":0,"gas":0,"nuclear":0,"crude-oil":0,"renewable":271743},{"year":1969,"coal":0,"gas":0,"nuclear":0,"crude-oil":0,"renewable":350230},{"year":1970,"coal":0,"gas":0,"nuclear":0,"crude-oil":0,"renewable":371350},{"year":1971,"coal":0,"gas":0,"nuclear":0,"crude-oil":0,"renewable":419311},{"year":1972,"coal":0,"gas":0,"nuclear":0,"crude-oil":0,"renewable":435930},{"year":1973,"coal":0,"gas":0,"nuclear":0,"crude-oil":0,"renewable":351043},{"year":1974,"coal":0,"gas":0,"nuclear":0,"crude-oil":0,"renewable":432867},{"year":1975,"coal":0,"gas":0,"nuclear":23,"crude-oil":0,"renewable":417387},{"year":1976,"coal":0,"gas":0,"nuclear":23227,"crude-oil":0,"renewable":434370},{"year":1977,"coal":0,"gas":0,"nuclear":69916,"crude-oil":0,"renewable":327769},{"year":1978,"coal":0,"gas":0,"nuclear":17104,"crude-oil":0,"renewable":408647},{"year":1979,"coal":0,"gas":2,"nuclear":48900,"crude-oil":0,"renewable":387287},{"year":1980,"coal":0,"gas":5,"nuclear":58844,"crude-oil":0,"renewable":401129},{"year":1981,"coal":0,"gas":5,"nuclear":70856,"crude-oil":0,"renewable":428803},{"year":1982,"coal":0,"gas":3,"nuclear":53062,"crude-oil":0,"renewable":561110},{"year":1983,"coal":0,"gas":3,"nuclear":40186,"crude-oil":0,"renewable":574196},{"year":1984,"coal":0,"gas":2890,"nuclear":51348,"crude-oil":0,"renewable":590527},{"year":1985,"coal":0,"gas":4202,"nuclear":73406,"crude-oil":0,"renewable":529624},{"year":1986,"coal":0,"gas":4701,"nuclear":74912,"crude-oil":0,"renewable":532746},{"year":1987,"coal":0,"gas":3906,"nuclear":45399,"crude-oil":0,"renewable":477093},{"year":1988,"coal":0,"gas":4092,"nuclear":67204,"crude-oil":0,"renewable":470568},{"year":1989,"coal":0,"gas":2588,"nuclear":56080,"crude-oil":0,"renewable":481681},{"year":1990,"coal":0,"gas":2880,"nuclear":64273,"crude-oil":0,"renewable":487414},{"year":1991,"coal":0,"gas":2820,"nuclear":15363,"crude-oil":0,"renewable":484643},{"year":1992,"coal":0,"gas":2670,"nuclear":47880,"crude-oil":0,"renewable":374219},{"year":1993,"coal":0,"gas":4151,"nuclear":0,"crude-oil":0,"renewable":414160},{"year":1994,"coal":0,"gas":3350,"nuclear":0,"crude-oil":0,"renewable":368004},{"year":1995,"coal":0,"gas":2000,"nuclear":0,"crude-oil":0,"renewable":467175},{"year":1996,"coal":0,"gas":1496,"nuclear":0,"crude-oil":0,"renewable":517464},{"year":1997,"coal":0,"gas":1227,"nuclear":0,"crude-oil":0,"renewable":530611},{"year":1998,"coal":0,"gas":1113,"nuclear":0,"crude-oil":0,"renewable":454369},{"year":1999,"coal":0,"gas":1357,"nuclear":0,"crude-oil":0,"renewable":510062},{"year":2000,"coal":0,"gas":1247,"nuclear":0,"crude-oil":0,"renewable":436899},{"year":2001,"coal":0,"gas":1139,"nuclear":0,"crude-oil":0,"renewable":349989},{"year":2002,"coal":0,"gas":856,"nuclear":0,"crude-oil":0,"renewable":400684},{"year":2003,"coal":0,"gas":740,"nuclear":0,"crude-oil":0,"renewable":388448},{"year":2004,"coal":0,"gas":473,"nuclear":0,"crude-oil":0,"renewable":384899},{"year":2005,"coal":0,"gas":468,"nuclear":0,"crude-oil":0,"renewable":364174},{"year":2006,"coal":0,"gas":641,"nuclear":0,"crude-oil":0,"renewable":433417},{"year":2007,"coal":0,"gas":419,"nuclear":0,"crude-oil":0,"renewable":397420},{"year":2008,"coal":0,"gas":796,"nuclear":0,"crude-oil":0,"renewable":414691},{"year":2009,"coal":0,"gas":841,"nuclear":0,"crude-oil":0,"renewable":410345}]}