{"items":[{"year":1960,"coal":1020689,"gas":21185,"nuclear":2958,"crude-oil":448578,"renewable":33020},{"year":1961,"coal":1004461,"gas":18105,"nuclear":6144,"crude-oil":445544,"renewable":32237},{"year":1962,"coal":1076411,"gas":19340,"nuclear":13870,"crude-oil":457017,"renewable":32864},{"year":1963,"coal":1148539,"gas":17177,"nuclear":11093,"crude-oil":433817,"renewable":34418},{"year":1964,"coal":1221511,"gas":14286,"nuclear":11710,"crude-oil":406974,"renewable":34491},{"year":1965,"coal":1298323,"gas":13431,"nuclear":11393,"crude-oil":369506,"renewable":35036},{"year":1966,"coal":1411276,"gas":13129,"nuclear":16358,"crude-oil":357634,"renewable":37080},{"year":1967,"coal":1445953,"gas":9341,"nuclear":9325,"crude-oil":343024,"renewable":37444},{"year":1968,"coal":1386190,"gas":7954,"nuclear":10380,"crude-oil":327068,"renewable":40029},{"year":1969,"coal":1436828,"gas":6901,"nuclear":9111,"crude-oil":294199,"renewable":41716},{"year":1970,"coal":1445642,"gas":8807,"nuclear":27600,"crude-oil":253733,"renewable":41064},{"year":1971,"coal":1296524,"gas":931,"nuclear":47396,"crude-oil":226687,"renewable":40628},{"year":1972,"coal":1454611,"gas":2237,"nuclear":141019,"crude-oil":202269,"renewable":41490},{"year":1973,"coal":1328293,"gas":3021,"nuclear":218614,"crude-oil":177880,"renewable":43861},{"year":1974,"coal":1250179,"gas":2633,"nuclear":218667,"crude-oil":159807,"renewable":43952},{"year":1975,"coal":1274516,"gas":2609,"nuclear":245760,"crude-oil":151189,"renewable":42898},{"year":1976,"coal":1257808,"gas":2833,"nuclear":292243,"crude-oil":152378,"renewable":47471},{"year":1977,"coal":1151662,"gas":1821,"nuclear":307424,"crude-oil":148526,"renewable":51314},{"year":1978,"coal":1046959,"gas":2057,"nuclear":360238,"crude-oil":135500,"renewable":62925},{"year":1979,"coal":1292838,"gas":2947,"nuclear":298772,"crude-oil":126399,"renewable":64626},{"year":1980,"coal":1357156,"gas":3041,"nuclear":302604,"crude-oil":131672,"renewable":92366},{"year":1981,"coal":1136610,"gas":2454,"nuclear":325199,"crude-oil":139722,"renewable":103172},{"year":1982,"coal":1320155,"gas":2154,"nuclear":305891,"crude-oil":160718,"renewable":117555},{"year":1983,"coal":1250606,"gas":1873,"nuclear":305571,"crude-oil":169360,"renewable":145584},{"year":1984,"coal":1406384,"gas":2828,"nuclear":379243,"crude-oil":167434,"renewable":145656},{"year":1985,"coal":1311336,"gas":2477,"nuclear":415387,"crude-oil":175537,"renewable":150398},{"year":1986,"coal":1375045,"gas":3462,"nuclear":450809,"crude-oil":158021,"renewable":160460},{"year":1987,"coal":1314790,"gas":2553,"nuclear":524124,"crude-oil":139084,"renewable":171863},{"year":1988,"coal":1310536,"gas":1475,"nuclear":733298,"crude-oil":130361,"renewable":180027},{"year":1989,"coal":1323209,"gas":1657,"nuclear":791821,"crude-oil":118192,"renewable":149115},{"year":1990,"coal":1350262,"gas":844,"nuclear":760711,"crude-oil":115733,"renewable":116948},{"year":1991,"coal":1350461,"gas":662,"nuclear":753444,"crude-oil":110594,"renewable":126105},{"year":1992,"coal":1347558,"gas":534,"nuclear":772156,"crude-oil":111957,"renewable":134419},{"year":1993,"coal":929772,"gas":504,"nuclear":823235,"crude-oil":100955,"renewable":121026},{"year":1994,"coal":1184962,"gas":484,"nuclear":759385,"crude-oil":99458,"renewable":122484},{"year":1995,"coal":1081872,"gas":481,"nuclear":824598,"crude-oil":93902,"renewable":120807},{"year":1996,"coal":1055469,"gas":415,"nuclear":732840,"crude-oil":90335,"renewable":88200},{"year":1997,"coal":926669,"gas":428,"nuclear":535916,"crude-oil":93467,"renewable":102905},{"year":1998,"coal":900852,"gas":328,"nuclear":583254,"crude-oil":79646,"renewable":105217},{"year":1999,"coal":929031,"gas":291,"nuclear":854224,"crude-oil":69977,"renewable":104290},{"year":2000,"coal":775392,"gas":264,"nuclear":932749,"crude-oil":70795,"renewable":110073},{"year":2001,"coal":772290,"gas":243,"nuclear":964500,"crude-oil":58534,"renewable":112809},{"year":2002,"coal":758830,"gas":255,"nuclear":948761,"crude-oil":69896,"renewable":139902},{"year":2003,"coal":721185,"gas":250,"nuclear":987213,"crude-oil":67837,"renewable":159149},{"year":2004,"coal":722774,"gas":246,"nuclear":959777,"crude-oil":63707,"renewable":153942},{"year":2005,"coal":727433,"gas":238,"nuclear":973293,"crude-oil":59201,"renewable":137179},{"year":2006,"coal":740927,"gas":241,"nuclear":982593,"crude-oil":59873,"renewable":135516},{"year":2007,"coal":748745,"gas":1483,"nuclear":1003717,"crude-oil":55732,"renewable":165064},{"year":2008,"coal":758122,"gas":1269,"nuclear":994621,"crude-oil":54653,"renewable":196949},{"year":2009,"coal":783300,"gas":1506,"nuclear":998657,"crude-oil":52774,"renewable":239478}]}