{"items":[{"year":1960,"coal":752355,"gas":2285,"nuclear":0,"crude-oil":12,"renewable":69706},{"year":1961,"coal":818669,"gas":2530,"nuclear":0,"crude-oil":12,"renewable":66456},{"year":1962,"coal":794606,"gas":2564,"nuclear":0,"crude-oil":17,"renewable":67678},{"year":1963,"coal":823684,"gas":2139,"nuclear":0,"crude-oil":17,"renewable":64267},{"year":1964,"coal":855445,"gas":1651,"nuclear":0,"crude-oil":35,"renewable":63580},{"year":1965,"coal":921140,"gas":3234,"nuclear":0,"crude-oil":23,"renewable":63439},{"year":1966,"coal":961710,"gas":4359,"nuclear":0,"crude-oil":6,"renewable":64055},{"year":1967,"coal":992721,"gas":3917,"nuclear":0,"crude-oil":17,"renewable":61774},{"year":1968,"coal":998969,"gas":3477,"nuclear":0,"crude-oil":17,"renewable":63863},{"year":1969,"coal":964455,"gas":2920,"nuclear":0,"crude-oil":6,"renewable":64159},{"year":1970,"coal":960260,"gas":2878,"nuclear":0,"crude-oil":6,"renewable":62711},{"year":1971,"coal":838224,"gas":2687,"nuclear":0,"crude-oil":6,"renewable":66364},{"year":1972,"coal":930648,"gas":2859,"nuclear":4836,"crude-oil":null,"renewable":70488},{"year":1973,"coal":867073,"gas":5229,"nuclear":74765,"crude-oil":0,"renewable":69214},{"year":1974,"coal":862074,"gas":7252,"nuclear":66437,"crude-oil":17,"renewable":66085},{"year":1975,"coal":886808,"gas":6851,"nuclear":98782,"crude-oil":17,"renewable":66861},{"year":1976,"coal":1020380,"gas":7069,"nuclear":85506,"crude-oil":17,"renewable":76045},{"year":1977,"coal":947701,"gas":8409,"nuclear":102103,"crude-oil":12,"renewable":73803},{"year":1978,"coal":803194,"gas":8669,"nuclear":154249,"crude-oil":12,"renewable":86397},{"year":1979,"coal":961044,"gas":8727,"nuclear":76758,"crude-oil":23,"renewable":95181},{"year":1980,"coal":1063349,"gas":7937,"nuclear":125071,"crude-oil":58,"renewable":85571},{"year":1981,"coal":1104467,"gas":9117,"nuclear":196535,"crude-oil":75,"renewable":79291},{"year":1982,"coal":1048592,"gas":7066,"nuclear":192897,"crude-oil":284,"renewable":93492},{"year":1983,"coal":933640,"gas":4476,"nuclear":203636,"crude-oil":377,"renewable":95860},{"year":1984,"coal":1079425,"gas":9221,"nuclear":184824,"crude-oil":186,"renewable":102908},{"year":1985,"coal":1100878,"gas":15628,"nuclear":236905,"crude-oil":151,"renewable":99955},{"year":1986,"coal":1106055,"gas":16044,"nuclear":224429,"crude-oil":104,"renewable":83623},{"year":1987,"coal":1193987,"gas":19992,"nuclear":189468,"crude-oil":93,"renewable":85820},{"year":1988,"coal":1243991,"gas":19179,"nuclear":223036,"crude-oil":145,"renewable":78435},{"year":1989,"coal":1155118,"gas":18670,"nuclear":150955,"crude-oil":133,"renewable":96555},{"year":1990,"coal":1276214,"gas":15395,"nuclear":252065,"crude-oil":93,"renewable":104857},{"year":1991,"coal":1131253,"gas":15532,"nuclear":250424,"crude-oil":75,"renewable":106702},{"year":1992,"coal":1159688,"gas":25698,"nuclear":244334,"crude-oil":70,"renewable":110244},{"year":1993,"coal":1046530,"gas":39505,"nuclear":238323,"crude-oil":70,"renewable":119275},{"year":1994,"coal":987555,"gas":52169,"nuclear":265782,"crude-oil":64,"renewable":122637},{"year":1995,"coal":913518,"gas":51363,"nuclear":264092,"crude-oil":64,"renewable":126484},{"year":1996,"coal":946719,"gas":56408,"nuclear":276085,"crude-oil":75,"renewable":136363},{"year":1997,"coal":956413,"gas":60812,"nuclear":284220,"crude-oil":58,"renewable":123592},{"year":1998,"coal":905967,"gas":59726,"nuclear":285716,"crude-oil":29,"renewable":123074},{"year":1999,"coal":854725,"gas":74932,"nuclear":295742,"crude-oil":46,"renewable":120508},{"year":2000,"coal":870044,"gas":74049,"nuclear":295361,"crude-oil":52,"renewable":114360},{"year":2001,"coal":863870,"gas":74190,"nuclear":269003,"crude-oil":64,"renewable":92841},{"year":2002,"coal":793381,"gas":79530,"nuclear":285549,"crude-oil":128,"renewable":77086},{"year":2003,"coal":827937,"gas":148816,"nuclear":258608,"crude-oil":29,"renewable":104430},{"year":2004,"coal":817769,"gas":88073,"nuclear":295244,"crude-oil":110,"renewable":110848},{"year":2005,"coal":716557,"gas":92154,"nuclear":291357,"crude-oil":46,"renewable":126854},{"year":2006,"coal":768443,"gas":106530,"nuclear":287966,"crude-oil":41,"renewable":119200},{"year":2007,"coal":656314,"gas":116539,"nuclear":285910,"crude-oil":104,"renewable":117236},{"year":2008,"coal":623303,"gas":133335,"nuclear":291960,"crude-oil":41,"renewable":117051},{"year":2009,"coal":535643,"gas":145805,"nuclear":295100,"crude-oil":81,"renewable":115068}]}