{"items":[{"year":1960,"coal":5587,"gas":38716,"nuclear":0,"crude-oil":175392,"renewable":69936},{"year":1961,"coal":6622,"gas":39276,"nuclear":0,"crude-oil":179255,"renewable":76550},{"year":1962,"coal":6818,"gas":34704,"nuclear":0,"crude-oil":183558,"renewable":74894},{"year":1963,"coal":6122,"gas":34786,"nuclear":0,"crude-oil":179046,"renewable":70429},{"year":1964,"coal":6176,"gas":29181,"nuclear":0,"crude-oil":177753,"renewable":79375},{"year":1965,"coal":6497,"gas":32561,"nuclear":0,"crude-oil":190112,"renewable":95505},{"year":1966,"coal":7479,"gas":35550,"nuclear":0,"crude-oil":205204,"renewable":90332},{"year":1967,"coal":6622,"gas":29967,"nuclear":0,"crude-oil":202762,"renewable":98163},{"year":1968,"coal":9264,"gas":22375,"nuclear":0,"crude-oil":281068,"renewable":100651},{"year":1969,"coal":18385,"gas":47766,"nuclear":0,"crude-oil":254933,"renewable":106143},{"year":1970,"coal":61526,"gas":49476,"nuclear":0,"crude-oil":219698,"renewable":98397},{"year":1971,"coal":126087,"gas":35196,"nuclear":0,"crude-oil":200674,"renewable":107251},{"year":1972,"coal":146739,"gas":36152,"nuclear":0,"crude-oil":196643,"renewable":104348},{"year":1973,"coal":191993,"gas":59706,"nuclear":0,"crude-oil":200796,"renewable":84637},{"year":1974,"coal":256114,"gas":57694,"nuclear":0,"crude-oil":200413,"renewable":106573},{"year":1975,"coal":397118,"gas":43083,"nuclear":0,"crude-oil":190495,"renewable":112007},{"year":1976,"coal":471445,"gas":44516,"nuclear":0,"crude-oil":190321,"renewable":135822},{"year":1977,"coal":487861,"gas":48350,"nuclear":0,"crude-oil":189544,"renewable":97331},{"year":1978,"coal":476422,"gas":47414,"nuclear":0,"crude-oil":176709,"renewable":132188},{"year":1979,"coal":585822,"gas":55021,"nuclear":0,"crude-oil":173751,"renewable":119406},{"year":1980,"coal":535551,"gas":54493,"nuclear":0,"crude-oil":171587,"renewable":114608},{"year":1981,"coal":605809,"gas":58964,"nuclear":0,"crude-oil":178715,"renewable":131005},{"year":1982,"coal":499797,"gas":59355,"nuclear":0,"crude-oil":179342,"renewable":126659},{"year":1983,"coal":524278,"gas":54467,"nuclear":0,"crude-oil":169505,"renewable":135686},{"year":1984,"coal":591908,"gas":53766,"nuclear":0,"crude-oil":172614,"renewable":130528},{"year":1985,"coal":597846,"gas":54837,"nuclear":0,"crude-oil":172654,"renewable":120930},{"year":1986,"coal":610004,"gas":48603,"nuclear":0,"crude-oil":157018,"renewable":133914},{"year":1987,"coal":617562,"gas":49348,"nuclear":0,"crude-oil":145377,"renewable":111156},{"year":1988,"coal":693998,"gas":54879,"nuclear":0,"crude-oil":135378,"renewable":103886},{"year":1989,"coal":677753,"gas":54287,"nuclear":0,"crude-oil":121545,"renewable":110933},{"year":1990,"coal":678342,"gas":53808,"nuclear":0,"crude-oil":114898,"renewable":123487},{"year":1991,"coal":688453,"gas":55390,"nuclear":0,"crude-oil":113558,"renewable":142368},{"year":1992,"coal":704046,"gas":56686,"nuclear":0,"crude-oil":107196,"renewable":95905},{"year":1993,"coal":649268,"gas":56822,"nuclear":0,"crude-oil":101198,"renewable":108980},{"year":1994,"coal":752552,"gas":52706,"nuclear":0,"crude-oil":95862,"renewable":94511},{"year":1995,"coal":712989,"gas":52792,"nuclear":0,"crude-oil":95874,"renewable":127549},{"year":1996,"coal":689154,"gas":53450,"nuclear":0,"crude-oil":92330,"renewable":158573},{"year":1997,"coal":740072,"gas":54702,"nuclear":0,"crude-oil":90051,"renewable":153337},{"year":1998,"coal":773038,"gas":59805,"nuclear":0,"crude-oil":95601,"renewable":128312},{"year":1999,"coal":741898,"gas":63322,"nuclear":0,"crude-oil":86635,"renewable":157075},{"year":2000,"coal":696895,"gas":72029,"nuclear":0,"crude-oil":89482,"renewable":113836},{"year":2001,"coal":708173,"gas":83953,"nuclear":0,"crude-oil":92336,"renewable":80567},{"year":2002,"coal":676052,"gas":88824,"nuclear":0,"crude-oil":97759,"renewable":108640},{"year":2003,"coal":665901,"gas":89011,"nuclear":0,"crude-oil":112056,"renewable":101378},{"year":2004,"coal":721570,"gas":100308,"nuclear":0,"crude-oil":143399,"renewable":101558},{"year":2005,"coal":726845,"gas":114086,"nuclear":0,"crude-oil":190559,"renewable":113981},{"year":2006,"coal":754967,"gas":117012,"nuclear":0,"crude-oil":210320,"renewable":122363},{"year":2007,"coal":778069,"gas":121198,"nuclear":0,"crude-oil":202008,"renewable":117864},{"year":2008,"coal":794235,"gas":116780,"nuclear":0,"crude-oil":182961,"renewable":122852},{"year":2009,"coal":703719,"gas":102057,"nuclear":0,"crude-oil":160614,"renewable":117302}]}