{"items":[{"year":1960,"coal":0,"gas":0,"nuclear":0,"crude-oil":0,"renewable":64968},{"year":1961,"coal":0,"gas":0,"nuclear":0,"crude-oil":0,"renewable":60619},{"year":1962,"coal":0,"gas":0,"nuclear":0,"crude-oil":0,"renewable":61695},{"year":1963,"coal":0,"gas":0,"nuclear":0,"crude-oil":0,"renewable":55114},{"year":1964,"coal":0,"gas":0,"nuclear":0,"crude-oil":0,"renewable":54980},{"year":1965,"coal":0,"gas":0,"nuclear":0,"crude-oil":0,"renewable":61690},{"year":1966,"coal":0,"gas":0,"nuclear":0,"crude-oil":0,"renewable":60892},{"year":1967,"coal":0,"gas":0,"nuclear":0,"crude-oil":0,"renewable":61003},{"year":1968,"coal":0,"gas":0,"nuclear":0,"crude-oil":0,"renewable":65830},{"year":1969,"coal":0,"gas":0,"nuclear":0,"crude-oil":0,"renewable":62804},{"year":1970,"coal":0,"gas":0,"nuclear":1725,"crude-oil":0,"renewable":58313},{"year":1971,"coal":0,"gas":0,"nuclear":37596,"crude-oil":0,"renewable":61793},{"year":1972,"coal":0,"gas":0,"nuclear":35547,"crude-oil":0,"renewable":65646},{"year":1973,"coal":0,"gas":0,"nuclear":64894,"crude-oil":0,"renewable":67818},{"year":1974,"coal":0,"gas":0,"nuclear":92144,"crude-oil":0,"renewable":65621},{"year":1975,"coal":0,"gas":0,"nuclear":113356,"crude-oil":0,"renewable":66067},{"year":1976,"coal":0,"gas":0,"nuclear":118450,"crude-oil":0,"renewable":69570},{"year":1977,"coal":0,"gas":0,"nuclear":117864,"crude-oil":0,"renewable":74518},{"year":1978,"coal":0,"gas":0,"nuclear":128208,"crude-oil":0,"renewable":90777},{"year":1979,"coal":0,"gas":0,"nuclear":113175,"crude-oil":0,"renewable":92876},{"year":1980,"coal":0,"gas":0,"nuclear":108111,"crude-oil":0,"renewable":187312},{"year":1981,"coal":0,"gas":0,"nuclear":107201,"crude-oil":0,"renewable":196641},{"year":1982,"coal":0,"gas":0,"nuclear":113696,"crude-oil":0,"renewable":195431},{"year":1983,"coal":0,"gas":0,"nuclear":101404,"crude-oil":0,"renewable":217656},{"year":1984,"coal":0,"gas":0,"nuclear":116513,"crude-oil":0,"renewable":215468},{"year":1985,"coal":0,"gas":0,"nuclear":116623,"crude-oil":0,"renewable":217765},{"year":1986,"coal":0,"gas":0,"nuclear":118477,"crude-oil":0,"renewable":161718},{"year":1987,"coal":0,"gas":0,"nuclear":118109,"crude-oil":0,"renewable":152842},{"year":1988,"coal":0,"gas":0,"nuclear":121546,"crude-oil":0,"renewable":157160},{"year":1989,"coal":0,"gas":0,"nuclear":114802,"crude-oil":0,"renewable":123660},{"year":1990,"coal":0,"gas":0,"nuclear":118793,"crude-oil":0,"renewable":102568},{"year":1991,"coal":0,"gas":0,"nuclear":115234,"crude-oil":0,"renewable":108262},{"year":1992,"coal":0,"gas":0,"nuclear":117350,"crude-oil":0,"renewable":108922},{"year":1993,"coal":0,"gas":0,"nuclear":120424,"crude-oil":0,"renewable":104604},{"year":1994,"coal":0,"gas":0,"nuclear":120370,"crude-oil":0,"renewable":106760},{"year":1995,"coal":0,"gas":0,"nuclear":115258,"crude-oil":0,"renewable":111563},{"year":1996,"coal":0,"gas":0,"nuclear":106305,"crude-oil":0,"renewable":123865},{"year":1997,"coal":0,"gas":0,"nuclear":41093,"crude-oil":0,"renewable":123197},{"year":1998,"coal":0,"gas":0,"nuclear":98586,"crude-oil":0,"renewable":108162},{"year":1999,"coal":0,"gas":0,"nuclear":120120,"crude-oil":0,"renewable":114348},{"year":2000,"coal":0,"gas":0,"nuclear":120059,"crude-oil":0,"renewable":113462},{"year":2001,"coal":0,"gas":0,"nuclear":120168,"crude-oil":0,"renewable":121859},{"year":2002,"coal":0,"gas":0,"nuclear":129991,"crude-oil":0,"renewable":101559},{"year":2003,"coal":0,"gas":0,"nuclear":127297,"crude-oil":0,"renewable":115716},{"year":2004,"coal":0,"gas":0,"nuclear":123955,"crude-oil":0,"renewable":108822},{"year":2005,"coal":0,"gas":0,"nuclear":103535,"crude-oil":0,"renewable":145002},{"year":2006,"coal":0,"gas":0,"nuclear":127669,"crude-oil":0,"renewable":145413},{"year":2007,"coal":0,"gas":0,"nuclear":135365,"crude-oil":0,"renewable":149426},{"year":2008,"coal":0,"gas":0,"nuclear":127051,"crude-oil":0,"renewable":176558},{"year":2009,"coal":0,"gas":0,"nuclear":132666,"crude-oil":0,"renewable":179377}]}