{"items":[{"year":1960,"coal":22058,"gas":0,"nuclear":0,"crude-oil":0,"renewable":15884},{"year":1961,"coal":19146,"gas":0,"nuclear":0,"crude-oil":0,"renewable":15713},{"year":1962,"coal":23339,"gas":0,"nuclear":0,"crude-oil":0,"renewable":15580},{"year":1963,"coal":25053,"gas":0,"nuclear":0,"crude-oil":0,"renewable":13403},{"year":1964,"coal":20096,"gas":0,"nuclear":0,"crude-oil":0,"renewable":12798},{"year":1965,"coal":21542,"gas":0,"nuclear":0,"crude-oil":0,"renewable":15160},{"year":1966,"coal":21170,"gas":0,"nuclear":0,"crude-oil":0,"renewable":14994},{"year":1967,"coal":18237,"gas":0,"nuclear":0,"crude-oil":0,"renewable":14243},{"year":1968,"coal":18093,"gas":0,"nuclear":0,"crude-oil":0,"renewable":16244},{"year":1969,"coal":18650,"gas":0,"nuclear":0,"crude-oil":0,"renewable":15250},{"year":1970,"coal":20385,"gas":0,"nuclear":0,"crude-oil":0,"renewable":16080},{"year":1971,"coal":19394,"gas":0,"nuclear":0,"crude-oil":0,"renewable":16122},{"year":1972,"coal":17576,"gas":0,"nuclear":0,"crude-oil":0,"renewable":17235},{"year":1973,"coal":11297,"gas":0,"nuclear":0,"crude-oil":0,"renewable":16691},{"year":1974,"coal":11312,"gas":0,"nuclear":14842,"crude-oil":0,"renewable":16976},{"year":1975,"coal":11825,"gas":0,"nuclear":25235,"crude-oil":0,"renewable":17029},{"year":1976,"coal":12359,"gas":0,"nuclear":27384,"crude-oil":0,"renewable":15187},{"year":1977,"coal":9916,"gas":0,"nuclear":31102,"crude-oil":0,"renewable":17088},{"year":1978,"coal":8824,"gas":0,"nuclear":13225,"crude-oil":0,"renewable":19287},{"year":1979,"coal":11719,"gas":0,"nuclear":31432,"crude-oil":0,"renewable":18947},{"year":1980,"coal":10284,"gas":0,"nuclear":27955,"crude-oil":0,"renewable":58556},{"year":1981,"coal":14717,"gas":0,"nuclear":24309,"crude-oil":0,"renewable":65235},{"year":1982,"coal":11514,"gas":0,"nuclear":25126,"crude-oil":0,"renewable":66306},{"year":1983,"coal":7861,"gas":0,"nuclear":25177,"crude-oil":0,"renewable":72311},{"year":1984,"coal":10335,"gas":0,"nuclear":29274,"crude-oil":0,"renewable":77577},{"year":1985,"coal":11820,"gas":0,"nuclear":20467,"crude-oil":0,"renewable":78655},{"year":1986,"coal":9649,"gas":0,"nuclear":31666,"crude-oil":0,"renewable":107397},{"year":1987,"coal":9330,"gas":0,"nuclear":26348,"crude-oil":0,"renewable":118754},{"year":1988,"coal":7043,"gas":0,"nuclear":33536,"crude-oil":0,"renewable":122555},{"year":1989,"coal":8796,"gas":0,"nuclear":33221,"crude-oil":0,"renewable":91329},{"year":1990,"coal":7717,"gas":0,"nuclear":31868,"crude-oil":0,"renewable":88503},{"year":1991,"coal":6771,"gas":0,"nuclear":43475,"crude-oil":0,"renewable":91919},{"year":1992,"coal":5674,"gas":0,"nuclear":35655,"crude-oil":0,"renewable":100239},{"year":1993,"coal":3421,"gas":0,"nuclear":33981,"crude-oil":0,"renewable":106281},{"year":1994,"coal":899,"gas":0,"nuclear":42930,"crude-oil":0,"renewable":114015},{"year":1995,"coal":0,"gas":0,"nuclear":39191,"crude-oil":0,"renewable":113121},{"year":1996,"coal":0,"gas":0,"nuclear":41210,"crude-oil":0,"renewable":119724},{"year":1997,"coal":0,"gas":0,"nuclear":43541,"crude-oil":0,"renewable":110180},{"year":1998,"coal":0,"gas":0,"nuclear":39525,"crude-oil":0,"renewable":107978},{"year":1999,"coal":0,"gas":0,"nuclear":38041,"crude-oil":0,"renewable":114298},{"year":2000,"coal":0,"gas":0,"nuclear":46439,"crude-oil":0,"renewable":109486},{"year":2001,"coal":0,"gas":0,"nuclear":40234,"crude-oil":0,"renewable":104930},{"year":2002,"coal":0,"gas":0,"nuclear":47761,"crude-oil":0,"renewable":113207},{"year":2003,"coal":0,"gas":0,"nuclear":41555,"crude-oil":0,"renewable":134476},{"year":2004,"coal":0,"gas":0,"nuclear":51394,"crude-oil":0,"renewable":173174},{"year":2005,"coal":0,"gas":0,"nuclear":47362,"crude-oil":0,"renewable":213356},{"year":2006,"coal":0,"gas":0,"nuclear":53176,"crude-oil":0,"renewable":264953},{"year":2007,"coal":0,"gas":0,"nuclear":47380,"crude-oil":0,"renewable":335191},{"year":2008,"coal":0,"gas":0,"nuclear":55215,"crude-oil":0,"renewable":402096},{"year":2009,"coal":0,"gas":0,"nuclear":48942,"crude-oil":0,"renewable":539707}]}