{"items":[{"year":1960,"coal":0,"gas":0,"nuclear":0,"crude-oil":0,"renewable":292},{"year":1961,"coal":0,"gas":0,"nuclear":0,"crude-oil":0,"renewable":258},{"year":1962,"coal":0,"gas":0,"nuclear":0,"crude-oil":0,"renewable":214},{"year":1963,"coal":0,"gas":0,"nuclear":0,"crude-oil":0,"renewable":446},{"year":1964,"coal":0,"gas":0,"nuclear":0,"crude-oil":0,"renewable":1429},{"year":1965,"coal":0,"gas":0,"nuclear":0,"crude-oil":0,"renewable":1265},{"year":1966,"coal":0,"gas":0,"nuclear":0,"crude-oil":0,"renewable":1309},{"year":1967,"coal":0,"gas":0,"nuclear":0,"crude-oil":0,"renewable":1389},{"year":1968,"coal":0,"gas":0,"nuclear":0,"crude-oil":0,"renewable":1657},{"year":1969,"coal":0,"gas":0,"nuclear":0,"crude-oil":0,"renewable":1773},{"year":1970,"coal":0,"gas":0,"nuclear":0,"crude-oil":0,"renewable":1559},{"year":1971,"coal":0,"gas":0,"nuclear":0,"crude-oil":0,"renewable":1283},{"year":1972,"coal":0,"gas":0,"nuclear":0,"crude-oil":0,"renewable":1491},{"year":1973,"coal":0,"gas":0,"nuclear":0,"crude-oil":0,"renewable":1528},{"year":1974,"coal":0,"gas":0,"nuclear":0,"crude-oil":0,"renewable":1550},{"year":1975,"coal":0,"gas":0,"nuclear":0,"crude-oil":0,"renewable":1498},{"year":1976,"coal":0,"gas":0,"nuclear":0,"crude-oil":0,"renewable":1663},{"year":1977,"coal":0,"gas":0,"nuclear":0,"crude-oil":0,"renewable":1355},{"year":1978,"coal":0,"gas":0,"nuclear":0,"crude-oil":0,"renewable":1143},{"year":1979,"coal":0,"gas":0,"nuclear":0,"crude-oil":0,"renewable":1258},{"year":1980,"coal":0,"gas":0,"nuclear":0,"crude-oil":0,"renewable":12808},{"year":1981,"coal":0,"gas":0,"nuclear":0,"crude-oil":0,"renewable":13571},{"year":1982,"coal":0,"gas":0,"nuclear":0,"crude-oil":0,"renewable":13379},{"year":1983,"coal":0,"gas":0,"nuclear":0,"crude-oil":0,"renewable":14920},{"year":1984,"coal":0,"gas":0,"nuclear":0,"crude-oil":0,"renewable":15372},{"year":1985,"coal":0,"gas":0,"nuclear":0,"crude-oil":0,"renewable":15307},{"year":1986,"coal":0,"gas":0,"nuclear":0,"crude-oil":0,"renewable":17315},{"year":1987,"coal":0,"gas":0,"nuclear":0,"crude-oil":0,"renewable":18834},{"year":1988,"coal":0,"gas":0,"nuclear":0,"crude-oil":0,"renewable":20427},{"year":1989,"coal":0,"gas":0,"nuclear":0,"crude-oil":0,"renewable":28887},{"year":1990,"coal":0,"gas":0,"nuclear":0,"crude-oil":0,"renewable":27951},{"year":1991,"coal":0,"gas":0,"nuclear":0,"crude-oil":0,"renewable":27532},{"year":1992,"coal":0,"gas":0,"nuclear":0,"crude-oil":0,"renewable":26815},{"year":1993,"coal":0,"gas":0,"nuclear":0,"crude-oil":0,"renewable":27850},{"year":1994,"coal":0,"gas":0,"nuclear":0,"crude-oil":0,"renewable":25428},{"year":1995,"coal":0,"gas":0,"nuclear":0,"crude-oil":0,"renewable":24636},{"year":1996,"coal":0,"gas":0,"nuclear":0,"crude-oil":0,"renewable":24117},{"year":1997,"coal":0,"gas":0,"nuclear":0,"crude-oil":0,"renewable":22540},{"year":1998,"coal":0,"gas":0,"nuclear":0,"crude-oil":0,"renewable":21701},{"year":1999,"coal":0,"gas":0,"nuclear":0,"crude-oil":0,"renewable":21821},{"year":2000,"coal":0,"gas":0,"nuclear":0,"crude-oil":0,"renewable":20447},{"year":2001,"coal":0,"gas":0,"nuclear":0,"crude-oil":0,"renewable":12469},{"year":2002,"coal":0,"gas":0,"nuclear":0,"crude-oil":0,"renewable":10550},{"year":2003,"coal":0,"gas":0,"nuclear":0,"crude-oil":0,"renewable":13460},{"year":2004,"coal":0,"gas":0,"nuclear":0,"crude-oil":0,"renewable":13917},{"year":2005,"coal":0,"gas":0,"nuclear":0,"crude-oil":0,"renewable":13148},{"year":2006,"coal":0,"gas":0,"nuclear":0,"crude-oil":0,"renewable":14293},{"year":2007,"coal":0,"gas":0,"nuclear":0,"crude-oil":0,"renewable":15416},{"year":2008,"coal":0,"gas":0,"nuclear":0,"crude-oil":0,"renewable":16499},{"year":2009,"coal":0,"gas":0,"nuclear":0,"crude-oil":0,"renewable":16382}]}