{"items":[{"year":1960,"coal":0,"gas":0,"nuclear":0,"crude-oil":0,"renewable":2951},{"year":1961,"coal":0,"gas":0,"nuclear":0,"crude-oil":0,"renewable":3011},{"year":1962,"coal":0,"gas":0,"nuclear":0,"crude-oil":0,"renewable":3139},{"year":1963,"coal":0,"gas":0,"nuclear":0,"crude-oil":0,"renewable":3221},{"year":1964,"coal":0,"gas":0,"nuclear":0,"crude-oil":0,"renewable":3533},{"year":1965,"coal":0,"gas":0,"nuclear":0,"crude-oil":0,"renewable":3561},{"year":1966,"coal":0,"gas":0,"nuclear":0,"crude-oil":0,"renewable":3771},{"year":1967,"coal":0,"gas":0,"nuclear":0,"crude-oil":0,"renewable":4150},{"year":1968,"coal":0,"gas":0,"nuclear":0,"crude-oil":0,"renewable":4266},{"year":1969,"coal":0,"gas":0,"nuclear":0,"crude-oil":0,"renewable":4428},{"year":1970,"coal":0,"gas":0,"nuclear":0,"crude-oil":0,"renewable":5268},{"year":1971,"coal":0,"gas":0,"nuclear":0,"crude-oil":0,"renewable":4851},{"year":1972,"coal":0,"gas":0,"nuclear":0,"crude-oil":0,"renewable":4934},{"year":1973,"coal":0,"gas":0,"nuclear":0,"crude-oil":0,"renewable":5108},{"year":1974,"coal":0,"gas":0,"nuclear":0,"crude-oil":0,"renewable":5023},{"year":1975,"coal":0,"gas":0,"nuclear":0,"crude-oil":0,"renewable":4050},{"year":1976,"coal":0,"gas":0,"nuclear":0,"crude-oil":0,"renewable":4704},{"year":1977,"coal":0,"gas":0,"nuclear":0,"crude-oil":0,"renewable":5295},{"year":1978,"coal":0,"gas":0,"nuclear":0,"crude-oil":0,"renewable":6577},{"year":1979,"coal":0,"gas":0,"nuclear":0,"crude-oil":0,"renewable":7124},{"year":1980,"coal":0,"gas":0,"nuclear":0,"crude-oil":0,"renewable":7287},{"year":1981,"coal":0,"gas":0,"nuclear":0,"crude-oil":0,"renewable":6645},{"year":1982,"coal":0,"gas":0,"nuclear":0,"crude-oil":0,"renewable":6053},{"year":1983,"coal":0,"gas":0,"nuclear":0,"crude-oil":0,"renewable":7401},{"year":1984,"coal":0,"gas":0,"nuclear":0,"crude-oil":0,"renewable":4946},{"year":1985,"coal":0,"gas":0,"nuclear":0,"crude-oil":0,"renewable":5081},{"year":1986,"coal":0,"gas":0,"nuclear":0,"crude-oil":0,"renewable":4653},{"year":1987,"coal":0,"gas":0,"nuclear":0,"crude-oil":0,"renewable":3302},{"year":1988,"coal":0,"gas":0,"nuclear":0,"crude-oil":0,"renewable":3528},{"year":1989,"coal":0,"gas":0,"nuclear":0,"crude-oil":0,"renewable":3806},{"year":1990,"coal":0,"gas":0,"nuclear":0,"crude-oil":0,"renewable":4499},{"year":1991,"coal":0,"gas":0,"nuclear":0,"crude-oil":0,"renewable":4585},{"year":1992,"coal":0,"gas":0,"nuclear":0,"crude-oil":0,"renewable":4840},{"year":1993,"coal":0,"gas":0,"nuclear":0,"crude-oil":0,"renewable":5181},{"year":1994,"coal":0,"gas":0,"nuclear":0,"crude-oil":0,"renewable":5066},{"year":1995,"coal":0,"gas":0,"nuclear":0,"crude-oil":0,"renewable":5079},{"year":1996,"coal":0,"gas":0,"nuclear":0,"crude-oil":0,"renewable":5562},{"year":1997,"coal":0,"gas":0,"nuclear":0,"crude-oil":0,"renewable":4347},{"year":1998,"coal":0,"gas":0,"nuclear":0,"crude-oil":0,"renewable":4197},{"year":1999,"coal":0,"gas":0,"nuclear":0,"crude-oil":0,"renewable":4460},{"year":2000,"coal":0,"gas":0,"nuclear":0,"crude-oil":0,"renewable":4577},{"year":2001,"coal":0,"gas":0,"nuclear":0,"crude-oil":0,"renewable":3898},{"year":2002,"coal":0,"gas":0,"nuclear":0,"crude-oil":0,"renewable":3699},{"year":2003,"coal":0,"gas":0,"nuclear":0,"crude-oil":0,"renewable":3787},{"year":2004,"coal":0,"gas":0,"nuclear":0,"crude-oil":0,"renewable":3845},{"year":2005,"coal":0,"gas":0,"nuclear":0,"crude-oil":0,"renewable":877},{"year":2006,"coal":0,"gas":0,"nuclear":0,"crude-oil":0,"renewable":2617},{"year":2007,"coal":0,"gas":0,"nuclear":0,"crude-oil":0,"renewable":2771},{"year":2008,"coal":0,"gas":0,"nuclear":0,"crude-oil":0,"renewable":2903},{"year":2009,"coal":0,"gas":0,"nuclear":0,"crude-oil":0,"renewable":2652}]}