{"items":[{"year":1960,"coal":114689,"gas":51218,"nuclear":0,"crude-oil":218045,"renewable":5494},{"year":1961,"coal":119411,"gas":57374,"nuclear":0,"crude-oil":192084,"renewable":4591},{"year":1962,"coal":99459,"gas":74386,"nuclear":0,"crude-oil":179968,"renewable":6192},{"year":1963,"coal":100917,"gas":77391,"nuclear":0,"crude-oil":193923,"renewable":5699},{"year":1964,"coal":109250,"gas":80454,"nuclear":0,"crude-oil":165735,"renewable":10151},{"year":1965,"coal":115545,"gas":71865,"nuclear":0,"crude-oil":146728,"renewable":11501},{"year":1966,"coal":107282,"gas":69608,"nuclear":0,"crude-oil":139850,"renewable":10173},{"year":1967,"coal":96635,"gas":49136,"nuclear":0,"crude-oil":139478,"renewable":13266},{"year":1968,"coal":99899,"gas":46312,"nuclear":0,"crude-oil":136323,"renewable":12791},{"year":1969,"coal":107791,"gas":46896,"nuclear":0,"crude-oil":135111,"renewable":13957},{"year":1970,"coal":109551,"gas":42930,"nuclear":0,"crude-oil":135546,"renewable":10079},{"year":1971,"coal":107074,"gas":47429,"nuclear":0,"crude-oil":137054,"renewable":12615},{"year":1972,"coal":111148,"gas":43823,"nuclear":0,"crude-oil":154106,"renewable":15234},{"year":1973,"coal":134315,"gas":47257,"nuclear":0,"crude-oil":189405,"renewable":14683},{"year":1974,"coal":142066,"gas":55829,"nuclear":0,"crude-oil":228305,"renewable":12440},{"year":1975,"coal":165908,"gas":59420,"nuclear":0,"crude-oil":245346,"renewable":14074},{"year":1976,"coal":179080,"gas":61884,"nuclear":0,"crude-oil":198963,"renewable":14974},{"year":1977,"coal":198555,"gas":65896,"nuclear":0,"crude-oil":192055,"renewable":11709},{"year":1978,"coal":210600,"gas":62182,"nuclear":0,"crude-oil":181934,"renewable":12093},{"year":1979,"coal":280172,"gas":64852,"nuclear":0,"crude-oil":160822,"renewable":13634},{"year":1980,"coal":309778,"gas":104188,"nuclear":0,"crude-oil":144872,"renewable":13025},{"year":1981,"coal":319632,"gas":108861,"nuclear":0,"crude-oil":149988,"renewable":12388},{"year":1982,"coal":396545,"gas":98055,"nuclear":0,"crude-oil":130152,"renewable":16757},{"year":1983,"coal":271785,"gas":75920,"nuclear":0,"crude-oil":171297,"renewable":21168},{"year":1984,"coal":285333,"gas":88109,"nuclear":0,"crude-oil":201196,"renewable":21624},{"year":1985,"coal":301122,"gas":96836,"nuclear":0,"crude-oil":236594,"renewable":18680},{"year":1986,"coal":331530,"gas":104635,"nuclear":0,"crude-oil":227198,"renewable":22999},{"year":1987,"coal":383552,"gas":116387,"nuclear":0,"crude-oil":207576,"renewable":14262},{"year":1988,"coal":420403,"gas":146705,"nuclear":0,"crude-oil":191493,"renewable":11778},{"year":1989,"coal":459838,"gas":161963,"nuclear":0,"crude-oil":164807,"renewable":11676},{"year":1990,"coal":511406,"gas":189348,"nuclear":0,"crude-oil":160103,"renewable":10775},{"year":1991,"coal":507979,"gas":180438,"nuclear":0,"crude-oil":141909,"renewable":12553},{"year":1992,"coal":492997,"gas":204652,"nuclear":0,"crude-oil":131776,"renewable":12379},{"year":1993,"coal":506837,"gas":266161,"nuclear":0,"crude-oil":126562,"renewable":14576},{"year":1994,"coal":566914,"gas":312008,"nuclear":0,"crude-oil":119834,"renewable":13809},{"year":1995,"coal":586398,"gas":279415,"nuclear":0,"crude-oil":115930,"renewable":15541},{"year":1996,"coal":640410,"gas":278775,"nuclear":0,"crude-oil":112526,"renewable":17161},{"year":1997,"coal":616384,"gas":295690,"nuclear":0,"crude-oil":112039,"renewable":20403},{"year":1998,"coal":600793,"gas":308881,"nuclear":0,"crude-oil":111354,"renewable":19504},{"year":1999,"coal":620369,"gas":294828,"nuclear":0,"crude-oil":94267,"renewable":20445},{"year":2000,"coal":631270,"gas":302189,"nuclear":0,"crude-oil":90689,"renewable":15489},{"year":2001,"coal":640594,"gas":316851,"nuclear":0,"crude-oil":88462,"renewable":10818},{"year":2002,"coal":586926,"gas":295223,"nuclear":0,"crude-oil":79321,"renewable":10882},{"year":2003,"coal":536150,"gas":289847,"nuclear":0,"crude-oil":75957,"renewable":10327},{"year":2004,"coal":490146,"gas":298103,"nuclear":0,"crude-oil":84848,"renewable":10588},{"year":2005,"coal":554221,"gas":321689,"nuclear":0,"crude-oil":96576,"renewable":13609},{"year":2006,"coal":593321,"gas":372315,"nuclear":0,"crude-oil":103878,"renewable":13250},{"year":2007,"coal":556436,"gas":402048,"nuclear":0,"crude-oil":113216,"renewable":11083},{"year":2008,"coal":564147,"gas":463960,"nuclear":0,"crude-oil":127588,"renewable":13884},{"year":2009,"coal":502598,"gas":475937,"nuclear":0,"crude-oil":132977,"renewable":17055}]}