{"items":[{"year":1960,"coal":3714,"gas":0,"nuclear":0,"crude-oil":6,"renewable":428129},{"year":1961,"coal":3111,"gas":0,"nuclear":0,"crude-oil":0,"renewable":455762},{"year":1962,"coal":3828,"gas":0,"nuclear":0,"crude-oil":0,"renewable":476680},{"year":1963,"coal":3095,"gas":0,"nuclear":0,"crude-oil":0,"renewable":514264},{"year":1964,"coal":1108,"gas":0,"nuclear":0,"crude-oil":0,"renewable":557343},{"year":1965,"coal":896,"gas":0,"nuclear":0,"crude-oil":0,"renewable":581530},{"year":1966,"coal":961,"gas":0,"nuclear":11497,"crude-oil":0,"renewable":617245},{"year":1967,"coal":961,"gas":0,"nuclear":23287,"crude-oil":0,"renewable":678045},{"year":1968,"coal":2899,"gas":0,"nuclear":44091,"crude-oil":0,"renewable":736245},{"year":1969,"coal":945,"gas":0,"nuclear":40475,"crude-oil":0,"renewable":772827},{"year":1970,"coal":603,"gas":0,"nuclear":28693,"crude-oil":0,"renewable":796121},{"year":1971,"coal":18471,"gas":0,"nuclear":27667,"crude-oil":0,"renewable":817275},{"year":1972,"coal":42903,"gas":0,"nuclear":31500,"crude-oil":0,"renewable":854559},{"year":1973,"coal":52974,"gas":0,"nuclear":48321,"crude-oil":0,"renewable":783243},{"year":1974,"coal":63391,"gas":0,"nuclear":43409,"crude-oil":0,"renewable":926539},{"year":1975,"coal":60637,"gas":0,"nuclear":36432,"crude-oil":0,"renewable":935362},{"year":1976,"coal":66566,"gas":0,"nuclear":26568,"crude-oil":0,"renewable":1051188},{"year":1977,"coal":81923,"gas":0,"nuclear":46468,"crude-oil":0,"renewable":773465},{"year":1978,"coal":76270,"gas":0,"nuclear":45301,"crude-oil":0,"renewable":1002202},{"year":1979,"coal":82166,"gas":0,"nuclear":39301,"crude-oil":0,"renewable":900631},{"year":1980,"coal":83268,"gas":0,"nuclear":22269,"crude-oil":0,"renewable":951633},{"year":1981,"coal":75087,"gas":0,"nuclear":22523,"crude-oil":0,"renewable":1074488},{"year":1982,"coal":67457,"gas":0,"nuclear":40206,"crude-oil":0,"renewable":1008273},{"year":1983,"coal":63034,"gas":0,"nuclear":38098,"crude-oil":0,"renewable":1005126},{"year":1984,"coal":62726,"gas":0,"nuclear":57614,"crude-oil":0,"renewable":982001},{"year":1985,"coal":71896,"gas":0,"nuclear":85377,"crude-oil":0,"renewable":917722},{"year":1986,"coal":74536,"gas":0,"nuclear":89276,"crude-oil":0,"renewable":943292},{"year":1987,"coal":72074,"gas":0,"nuclear":57728,"crude-oil":0,"renewable":850801},{"year":1988,"coal":84209,"gas":0,"nuclear":63616,"crude-oil":0,"renewable":835492},{"year":1989,"coal":81690,"gas":0,"nuclear":64745,"crude-oil":0,"renewable":855595},{"year":1990,"coal":81056,"gas":0,"nuclear":60762,"crude-oil":0,"renewable":1004350},{"year":1991,"coal":82320,"gas":0,"nuclear":44346,"crude-oil":0,"renewable":1007488},{"year":1992,"coal":83184,"gas":0,"nuclear":59605,"crude-oil":0,"renewable":803153},{"year":1993,"coal":74933,"gas":0,"nuclear":74946,"crude-oil":0,"renewable":791632},{"year":1994,"coal":77210,"gas":0,"nuclear":70444,"crude-oil":0,"renewable":774003},{"year":1995,"coal":78433,"gas":0,"nuclear":72938,"crude-oil":0,"renewable":942025},{"year":1996,"coal":72089,"gas":0,"nuclear":58691,"crude-oil":0,"renewable":1109149},{"year":1997,"coal":71253,"gas":0,"nuclear":65526,"crude-oil":0,"renewable":1158996},{"year":1998,"coal":72809,"gas":0,"nuclear":72556,"crude-oil":0,"renewable":902003},{"year":1999,"coal":63997,"gas":0,"nuclear":63598,"crude-oil":0,"renewable":1082180},{"year":2000,"coal":66520,"gas":0,"nuclear":89744,"crude-oil":0,"renewable":909226},{"year":2001,"coal":72134,"gas":0,"nuclear":86159,"crude-oil":0,"renewable":659078},{"year":2002,"coal":91335,"gas":0,"nuclear":94484,"crude-oil":0,"renewable":887919},{"year":2003,"coal":97712,"gas":0,"nuclear":79353,"crude-oil":0,"renewable":837609},{"year":2004,"coal":89958,"gas":0,"nuclear":93651,"crude-oil":0,"renewable":818089},{"year":2005,"coal":82685,"gas":0,"nuclear":86016,"crude-oil":0,"renewable":807743},{"year":2006,"coal":40268,"gas":0,"nuclear":97350,"crude-oil":0,"renewable":928534},{"year":2007,"coal":0,"gas":0,"nuclear":85018,"crude-oil":0,"renewable":883426},{"year":2008,"coal":0,"gas":0,"nuclear":96896,"crude-oil":0,"renewable":879019},{"year":2009,"coal":0,"gas":0,"nuclear":69392,"crude-oil":0,"renewable":826289}]}