{"items":[{"year":1960,"coal":318818,"gas":94,"nuclear":0,"crude-oil":42508,"renewable":112809},{"year":1961,"coal":316466,"gas":92,"nuclear":0,"crude-oil":40200,"renewable":118021},{"year":1962,"coal":315608,"gas":211,"nuclear":0,"crude-oil":43343,"renewable":125564},{"year":1963,"coal":302842,"gas":291,"nuclear":0,"crude-oil":53215,"renewable":112682},{"year":1964,"coal":353712,"gas":273,"nuclear":0,"crude-oil":49288,"renewable":137992},{"year":1965,"coal":363440,"gas":334,"nuclear":0,"crude-oil":46771,"renewable":121888},{"year":1966,"coal":348419,"gas":415,"nuclear":0,"crude-oil":46574,"renewable":121238},{"year":1967,"coal":379465,"gas":408,"nuclear":0,"crude-oil":42618,"renewable":144384},{"year":1968,"coal":402842,"gas":378,"nuclear":0,"crude-oil":44283,"renewable":129673},{"year":1969,"coal":427738,"gas":296,"nuclear":0,"crude-oil":44666,"renewable":131856},{"year":1970,"coal":503797,"gas":1032,"nuclear":0,"crude-oil":42125,"renewable":132471},{"year":1971,"coal":439720,"gas":688,"nuclear":0,"crude-oil":45426,"renewable":158182},{"year":1972,"coal":510021,"gas":4195,"nuclear":0,"crude-oil":57617,"renewable":164946},{"year":1973,"coal":453403,"gas":11942,"nuclear":3425,"crude-oil":67727,"renewable":181706},{"year":1974,"coal":463397,"gas":29487,"nuclear":70195,"crude-oil":77273,"renewable":166734},{"year":1975,"coal":534693,"gas":40035,"nuclear":29978,"crude-oil":78167,"renewable":184701},{"year":1976,"coal":508453,"gas":43744,"nuclear":46557,"crude-oil":85295,"renewable":160994},{"year":1977,"coal":505588,"gas":60496,"nuclear":210228,"crude-oil":105862,"renewable":174751},{"year":1978,"coal":492162,"gas":91431,"nuclear":249788,"crude-oil":115008,"renewable":148341},{"year":1979,"coal":579943,"gas":96795,"nuclear":240321,"crude-oil":111134,"renewable":190737},{"year":1980,"coal":633365,"gas":75631,"nuclear":256310,"crude-oil":128487,"renewable":238766},{"year":1981,"coal":592489,"gas":90343,"nuclear":260780,"crude-oil":119944,"renewable":213355},{"year":1982,"coal":645392,"gas":87325,"nuclear":306734,"crude-oil":116081,"renewable":265453},{"year":1983,"coal":577139,"gas":102199,"nuclear":274203,"crude-oil":108727,"renewable":281940},{"year":1984,"coal":657109,"gas":113715,"nuclear":262518,"crude-oil":114863,"renewable":287856},{"year":1985,"coal":676254,"gas":120284,"nuclear":152028,"crude-oil":125170,"renewable":247353},{"year":1986,"coal":634516,"gas":119010,"nuclear":122308,"crude-oil":122508,"renewable":213815},{"year":1987,"coal":627490,"gas":129279,"nuclear":117450,"crude-oil":119521,"renewable":229572},{"year":1988,"coal":649791,"gas":141542,"nuclear":137623,"crude-oil":120623,"renewable":213088},{"year":1989,"coal":680322,"gas":140747,"nuclear":121962,"crude-oil":114915,"renewable":302391},{"year":1990,"coal":707762,"gas":147737,"nuclear":127533,"crude-oil":107520,"renewable":251669},{"year":1991,"coal":662161,"gas":184047,"nuclear":166430,"crude-oil":108095,"renewable":255593},{"year":1992,"coal":623932,"gas":374146,"nuclear":203111,"crude-oil":110345,"renewable":255016},{"year":1993,"coal":600869,"gas":408989,"nuclear":187216,"crude-oil":108327,"renewable":268151},{"year":1994,"coal":568577,"gas":540147,"nuclear":214054,"crude-oil":106401,"renewable":332536},{"year":1995,"coal":607150,"gas":543450,"nuclear":218045,"crude-oil":108640,"renewable":320105},{"year":1996,"coal":607031,"gas":557090,"nuclear":312018,"crude-oil":97834,"renewable":323376},{"year":1997,"coal":600683,"gas":614459,"nuclear":310336,"crude-oil":86026,"renewable":299680},{"year":1998,"coal":568308,"gas":591345,"nuclear":300698,"crude-oil":71908,"renewable":317071},{"year":1999,"coal":477574,"gas":593030,"nuclear":322826,"crude-oil":64513,"renewable":290355},{"year":2000,"coal":472699,"gas":582743,"nuclear":327143,"crude-oil":60651,"renewable":263462},{"year":2001,"coal":469962,"gas":561078,"nuclear":317019,"crude-oil":54137,"renewable":251530},{"year":2002,"coal":460201,"gas":543370,"nuclear":332650,"crude-oil":50070,"renewable":252696},{"year":2003,"coal":486363,"gas":520745,"nuclear":330106,"crude-oil":45885,"renewable":284904},{"year":2004,"coal":531179,"gas":473658,"nuclear":329866,"crude-oil":43284,"renewable":290768},{"year":2005,"coal":518423,"gas":424501,"nuclear":330761,"crude-oil":45604,"renewable":279606},{"year":2006,"coal":443032,"gas":419774,"nuclear":333024,"crude-oil":43680,"renewable":266269},{"year":2007,"coal":469036,"gas":402116,"nuclear":359899,"crude-oil":41692,"renewable":228272},{"year":2008,"coal":506837,"gas":432133,"nuclear":407590,"crude-oil":43996,"renewable":233592},{"year":2009,"coal":459529,"gas":451824,"nuclear":415431,"crude-oil":42038,"renewable":263727}]}