{"items":[{"year":1960,"coal":26409,"gas":6610704,"nuclear":0,"crude-oil":5379378,"renewable":50155},{"year":1961,"coal":26535,"gas":6690244,"nuclear":0,"crude-oil":5447308,"renewable":52023},{"year":1962,"coal":25855,"gas":6821057,"nuclear":0,"crude-oil":5471302,"renewable":47721},{"year":1963,"coal":27441,"gas":6961090,"nuclear":0,"crude-oil":5671443,"renewable":42718},{"year":1964,"coal":28839,"gas":7320770,"nuclear":0,"crude-oil":5739245,"renewable":43884},{"year":1965,"coal":30349,"gas":7445190,"nuclear":0,"crude-oil":5804344,"renewable":48967},{"year":1966,"coal":28360,"gas":7801078,"nuclear":0,"crude-oil":6134695,"renewable":51980},{"year":1967,"coal":27102,"gas":8064836,"nuclear":0,"crude-oil":6495780,"renewable":49944},{"year":1968,"coal":28839,"gas":8408697,"nuclear":0,"crude-oil":6573604,"renewable":62939},{"year":1969,"coal":28310,"gas":8810076,"nuclear":0,"crude-oil":6680295,"renewable":64351},{"year":1970,"coal":29078,"gas":9376067,"nuclear":0,"crude-oil":7248243,"renewable":62757},{"year":1971,"coal":28360,"gas":9595860,"nuclear":0,"crude-oil":7092971,"renewable":60471},{"year":1972,"coal":50918,"gas":9733316,"nuclear":0,"crude-oil":7549773,"renewable":67560},{"year":1973,"coal":97216,"gas":9559535,"nuclear":0,"crude-oil":7509092,"renewable":78102},{"year":1974,"coal":107576,"gas":9176625,"nuclear":0,"crude-oil":7320331,"renewable":76691},{"year":1975,"coal":144160,"gas":8415742,"nuclear":0,"crude-oil":7087188,"renewable":75872},{"year":1976,"coal":182651,"gas":8095615,"nuclear":0,"crude-oil":6899233,"renewable":75965},{"year":1977,"coal":209460,"gas":7942019,"nuclear":0,"crude-oil":6599704,"renewable":82566},{"year":1978,"coal":265268,"gas":7361539,"nuclear":0,"crude-oil":6229490,"renewable":84175},{"year":1979,"coal":356524,"gas":7999621,"nuclear":0,"crude-oil":5904945,"renewable":89721},{"year":1980,"coal":385041,"gas":7966295,"nuclear":0,"crude-oil":5669129,"renewable":65819},{"year":1981,"coal":418838,"gas":7786476,"nuclear":0,"crude-oil":5481766,"renewable":70520},{"year":1982,"coal":448801,"gas":7302001,"nuclear":0,"crude-oil":5366717,"renewable":80452},{"year":1983,"coal":493048,"gas":6722393,"nuclear":0,"crude-oil":5235521,"renewable":75817},{"year":1984,"coal":515269,"gas":7060736,"nuclear":0,"crude-oil":5247689,"renewable":87064},{"year":1985,"coal":574734,"gas":6924656,"nuclear":0,"crude-oil":5155220,"renewable":93532},{"year":1986,"coal":615490,"gas":7018350,"nuclear":0,"crude-oil":4869715,"renewable":110360},{"year":1987,"coal":640051,"gas":6972153,"nuclear":0,"crude-oil":4554606,"renewable":116905},{"year":1988,"coal":658102,"gas":7132909,"nuclear":40201,"crude-oil":4424760,"renewable":108936},{"year":1989,"coal":675280,"gas":7054658,"nuclear":105722,"crude-oil":4151047,"renewable":125463},{"year":1990,"coal":706720,"gas":7175830,"nuclear":167823,"crude-oil":4077496,"renewable":115298},{"year":1991,"coal":674067,"gas":7110440,"nuclear":207582,"crude-oil":4099176,"renewable":120335},{"year":1992,"coal":685491,"gas":7020276,"nuclear":256502,"crude-oil":3908960,"renewable":133856},{"year":1993,"coal":682967,"gas":7058330,"nuclear":130321,"crude-oil":3717388,"renewable":117234},{"year":1994,"coal":660044,"gas":7200827,"nuclear":300448,"crude-oil":3592788,"renewable":114104},{"year":1995,"coal":664511,"gas":7174481,"nuclear":379842,"crude-oil":3482314,"renewable":117898},{"year":1996,"coal":709509,"gas":7303998,"nuclear":375656,"crude-oil":3455058,"renewable":110544},{"year":1997,"coal":687914,"gas":7228303,"nuclear":392031,"crude-oil":3445785,"renewable":122677},{"year":1998,"coal":677016,"gas":7253722,"nuclear":405846,"crude-oil":3252953,"renewable":110087},{"year":1999,"coal":671989,"gas":6983174,"nuclear":384141,"crude-oil":2973144,"renewable":94267},{"year":2000,"coal":632360,"gas":7180898,"nuclear":391670,"crude-oil":2970430,"renewable":96346},{"year":2001,"coal":578696,"gas":7172333,"nuclear":398535,"crude-oil":2951558,"renewable":96563},{"year":2002,"coal":581168,"gas":6892162,"nuclear":371923,"crude-oil":2902191,"renewable":121062},{"year":2003,"coal":594734,"gas":7008037,"nuclear":348452,"crude-oil":2846893,"renewable":115900},{"year":2004,"coal":572489,"gas":6908959,"nuclear":421620,"crude-oil":2780290,"renewable":120887},{"year":2005,"coal":595612,"gas":6934172,"nuclear":398994,"crude-oil":2766663,"renewable":137565},{"year":2006,"coal":593496,"gas":7071528,"nuclear":430634,"crude-oil":2752515,"renewable":152715},{"year":2007,"coal":554720,"gas":7548609,"nuclear":429413,"crude-oil":2647511,"renewable":192261},{"year":2008,"coal":515493,"gas":8228008,"nuclear":425723,"crude-oil":2593041,"renewable":298183},{"year":2009,"coal":455507,"gas":8074816,"nuclear":434065,"crude-oil":2646911,"renewable":303697}]}