{"items":[{"year":1960,"coal":2169831,"gas":117869,"nuclear":2674,"crude-oil":34852,"renewable":66100},{"year":1961,"coal":2060353,"gas":103901,"nuclear":3548,"crude-oil":32729,"renewable":61121},{"year":1962,"coal":2112248,"gas":93168,"nuclear":3717,"crude-oil":30752,"renewable":61767},{"year":1963,"coal":2308097,"gas":95862,"nuclear":4221,"crude-oil":29481,"renewable":60798},{"year":1964,"coal":2413787,"gas":85008,"nuclear":301,"crude-oil":29655,"renewable":60590},{"year":1965,"coal":2453589,"gas":87383,"nuclear":3691,"crude-oil":28548,"renewable":61262},{"year":1966,"coal":2432385,"gas":94059,"nuclear":6107,"crude-oil":25155,"renewable":63676},{"year":1967,"coal":2361801,"gas":93078,"nuclear":6968,"crude-oil":25445,"renewable":68253},{"year":1968,"coal":2257714,"gas":91031,"nuclear":5286,"crude-oil":24128,"renewable":62881},{"year":1969,"coal":2303517,"gas":81871,"nuclear":4579,"crude-oil":25798,"renewable":61805},{"year":1970,"coal":2357967,"gas":79499,"nuclear":5102,"crude-oil":23739,"renewable":67525},{"year":1971,"coal":2127367,"gas":79064,"nuclear":4823,"crude-oil":22028,"renewable":60573},{"year":1972,"coal":2164590,"gas":76512,"nuclear":3112,"crude-oil":19958,"renewable":70114},{"year":1973,"coal":2096942,"gas":81453,"nuclear":3941,"crude-oil":19036,"renewable":70871},{"year":1974,"coal":2150183,"gas":84751,"nuclear":78108,"crude-oil":20172,"renewable":72077},{"year":1975,"coal":2246057,"gas":86899,"nuclear":174766,"crude-oil":18931,"renewable":73865},{"year":1976,"coal":2321250,"gas":91716,"nuclear":181447,"crude-oil":17510,"renewable":81184},{"year":1977,"coal":2270585,"gas":93713,"nuclear":191913,"crude-oil":15747,"renewable":84322},{"year":1978,"coal":2172466,"gas":99960,"nuclear":244304,"crude-oil":16745,"renewable":90536},{"year":1979,"coal":2390769,"gas":98381,"nuclear":204484,"crude-oil":16669,"renewable":106837},{"year":1980,"coal":2370499,"gas":99657,"nuclear":131893,"crude-oil":15376,"renewable":136826},{"year":1981,"coal":2138782,"gas":125200,"nuclear":157462,"crude-oil":21628,"renewable":147662},{"year":1982,"coal":2029338,"gas":124572,"nuclear":182395,"crude-oil":24836,"renewable":149605},{"year":1983,"coal":1785151,"gas":121896,"nuclear":160505,"crude-oil":24836,"renewable":167142},{"year":1984,"coal":1983208,"gas":172101,"nuclear":233815,"crude-oil":24847,"renewable":152019},{"year":1985,"coal":1832983,"gas":155591,"nuclear":278637,"crude-oil":28136,"renewable":148238},{"year":1986,"coal":1842452,"gas":166035,"nuclear":421260,"crude-oil":21941,"renewable":117214},{"year":1987,"coal":1807237,"gas":169740,"nuclear":365282,"crude-oil":19152,"renewable":108025},{"year":1988,"coal":1825287,"gas":173577,"nuclear":401416,"crude-oil":16391,"renewable":108182},{"year":1989,"coal":1822907,"gas":199303,"nuclear":414489,"crude-oil":15648,"renewable":98084},{"year":1990,"coal":1831440,"gas":184705,"nuclear":611503,"crude-oil":15318,"renewable":91862},{"year":1991,"coal":1701624,"gas":158521,"nuclear":602575,"crude-oil":14680,"renewable":90254},{"year":1992,"coal":1812815,"gas":144686,"nuclear":629650,"crude-oil":12395,"renewable":107594},{"year":1993,"coal":1553125,"gas":137875,"nuclear":623208,"crude-oil":11809,"renewable":104773},{"year":1994,"coal":1621471,"gas":125678,"nuclear":702446,"crude-oil":14604,"renewable":112121},{"year":1995,"coal":1602243,"gas":115831,"nuclear":698311,"crude-oil":11246,"renewable":113303},{"year":1996,"coal":1766791,"gas":140536,"nuclear":721262,"crude-oil":9814,"renewable":131103},{"year":1997,"coal":1982914,"gas":83940,"nuclear":709967,"crude-oil":7662,"renewable":114676},{"year":1998,"coal":2133532,"gas":136137,"nuclear":641517,"crude-oil":11484,"renewable":110562},{"year":1999,"coal":1994709,"gas":182383,"nuclear":743282,"crude-oil":8532,"renewable":109587},{"year":2000,"coal":1946487,"gas":156171,"nuclear":769361,"crude-oil":8700,"renewable":113932},{"year":2001,"coal":1929615,"gas":139061,"nuclear":769971,"crude-oil":9396,"renewable":95752},{"year":2002,"coal":1734216,"gas":164610,"nuclear":794521,"crude-oil":12951,"renewable":96630},{"year":2003,"coal":1599175,"gas":167358,"nuclear":774915,"crude-oil":14065,"renewable":110378},{"year":2004,"coal":1600275,"gas":206076,"nuclear":807661,"crude-oil":14720,"renewable":110434},{"year":2005,"coal":1607811,"gas":176540,"nuclear":796157,"crude-oil":22893,"renewable":104248},{"year":2006,"coal":1583197,"gas":184071,"nuclear":785806,"crude-oil":21031,"renewable":107647},{"year":2007,"coal":1557006,"gas":190936,"nuclear":811291,"crude-oil":21187,"renewable":105673},{"year":2008,"coal":1591997,"gas":207582,"nuclear":822213,"crude-oil":20944,"renewable":114758},{"year":2009,"coal":1439895,"gas":286238,"nuclear":808848,"crude-oil":20538,"renewable":118269}]}