{"items":[{"year":1960,"coal":0,"gas":5095,"nuclear":0,"crude-oil":10515,"renewable":189314},{"year":1961,"coal":0,"gas":5863,"nuclear":0,"crude-oil":9616,"renewable":250832},{"year":1962,"coal":0,"gas":4352,"nuclear":706,"crude-oil":9216,"renewable":277979},{"year":1963,"coal":0,"gas":4045,"nuclear":7017,"crude-oil":9738,"renewable":260059},{"year":1964,"coal":0,"gas":3191,"nuclear":4555,"crude-oil":10869,"renewable":247409},{"year":1965,"coal":0,"gas":3410,"nuclear":8585,"crude-oil":9466,"renewable":262743},{"year":1966,"coal":0,"gas":2756,"nuclear":9274,"crude-oil":10063,"renewable":288582},{"year":1967,"coal":0,"gas":3918,"nuclear":13321,"crude-oil":11438,"renewable":301664},{"year":1968,"coal":0,"gas":4729,"nuclear":12131,"crude-oil":8886,"renewable":320307},{"year":1969,"coal":0,"gas":4963,"nuclear":14042,"crude-oil":7285,"renewable":339647},{"year":1970,"coal":0,"gas":3429,"nuclear":46908,"crude-oil":6925,"renewable":325491},{"year":1971,"coal":0,"gas":2248,"nuclear":70670,"crude-oil":6531,"renewable":326609},{"year":1972,"coal":0,"gas":3756,"nuclear":69775,"crude-oil":5904,"renewable":347985},{"year":1973,"coal":0,"gas":4675,"nuclear":78793,"crude-oil":5609,"renewable":364685},{"year":1974,"coal":0,"gas":5105,"nuclear":103490,"crude-oil":5197,"renewable":362988},{"year":1975,"coal":0,"gas":7742,"nuclear":144387,"crude-oil":5075,"renewable":354900},{"year":1976,"coal":0,"gas":9364,"nuclear":172988,"crude-oil":4971,"renewable":368500},{"year":1977,"coal":0,"gas":10800,"nuclear":221730,"crude-oil":4779,"renewable":342161},{"year":1978,"coal":0,"gas":14065,"nuclear":237431,"crude-oil":4942,"renewable":354864},{"year":1979,"coal":0,"gas":15740,"nuclear":201340,"crude-oil":4959,"renewable":368358},{"year":1980,"coal":0,"gas":16034,"nuclear":210259,"crude-oil":4779,"renewable":404671},{"year":1981,"coal":0,"gas":16395,"nuclear":192412,"crude-oil":4878,"renewable":413896},{"year":1982,"coal":0,"gas":16242,"nuclear":159870,"crude-oil":4837,"renewable":397442},{"year":1983,"coal":0,"gas":18318,"nuclear":178577,"crude-oil":4820,"renewable":435889},{"year":1984,"coal":0,"gas":25880,"nuclear":229730,"crude-oil":4872,"renewable":409565},{"year":1985,"coal":0,"gas":32476,"nuclear":255910,"crude-oil":6212,"renewable":415540},{"year":1986,"coal":0,"gas":30833,"nuclear":233632,"crude-oil":4947,"renewable":429134},{"year":1987,"coal":0,"gas":26446,"nuclear":239397,"crude-oil":4118,"renewable":400041},{"year":1988,"coal":0,"gas":24135,"nuclear":256306,"crude-oil":3265,"renewable":365628},{"year":1989,"coal":0,"gas":21026,"nuclear":241794,"crude-oil":2888,"renewable":379015},{"year":1990,"coal":0,"gas":25774,"nuclear":249982,"crude-oil":2407,"renewable":390944},{"year":1991,"coal":0,"gas":23415,"nuclear":298252,"crude-oil":2477,"renewable":379045},{"year":1992,"coal":0,"gas":24190,"nuclear":252926,"crude-oil":2343,"renewable":395100},{"year":1993,"coal":0,"gas":21797,"nuclear":282445,"crude-oil":1943,"renewable":421291},{"year":1994,"coal":0,"gas":21038,"nuclear":305527,"crude-oil":1734,"renewable":409229},{"year":1995,"coal":0,"gas":18915,"nuclear":276714,"crude-oil":1763,"renewable":391259},{"year":1996,"coal":0,"gas":18603,"nuclear":369977,"crude-oil":1792,"renewable":439283},{"year":1997,"coal":0,"gas":16609,"nuclear":310304,"crude-oil":1601,"renewable":491152},{"year":1998,"coal":0,"gas":17167,"nuclear":328512,"crude-oil":1259,"renewable":458805},{"year":1999,"coal":0,"gas":16557,"nuclear":386844,"crude-oil":1195,"renewable":421104},{"year":2000,"coal":0,"gas":18254,"nuclear":328597,"crude-oil":1218,"renewable":431163},{"year":2001,"coal":0,"gas":28593,"nuclear":421845,"crude-oil":963,"renewable":350741},{"year":2002,"coal":0,"gas":37663,"nuclear":413686,"crude-oil":957,"renewable":363954},{"year":2003,"coal":0,"gas":37113,"nuclear":423918,"crude-oil":835,"renewable":360188},{"year":2004,"coal":0,"gas":47247,"nuclear":423756,"crude-oil":986,"renewable":359027},{"year":2005,"coal":0,"gas":56559,"nuclear":442937,"crude-oil":1143,"renewable":365526},{"year":2006,"coal":0,"gas":57156,"nuclear":440649,"crude-oil":1850,"renewable":379849},{"year":2007,"coal":0,"gas":56261,"nuclear":445118,"crude-oil":2204,"renewable":365030},{"year":2008,"coal":0,"gas":51377,"nuclear":451665,"crude-oil":2239,"renewable":397314},{"year":2009,"coal":0,"gas":45791,"nuclear":454849,"crude-oil":1966,"renewable":407678}]}