{"items":[{"year":1960,"coal":0,"gas":23087,"nuclear":0,"crude-oil":92214,"renewable":59100},{"year":1961,"coal":0,"gas":30757,"nuclear":0,"crude-oil":109626,"renewable":55209},{"year":1962,"coal":0,"gas":32189,"nuclear":0,"crude-oil":99261,"renewable":53745},{"year":1963,"coal":0,"gas":36479,"nuclear":1453,"crude-oil":92638,"renewable":51374},{"year":1964,"coal":0,"gas":35044,"nuclear":2293,"crude-oil":90486,"renewable":52769},{"year":1965,"coal":0,"gas":38376,"nuclear":2132,"crude-oil":85422,"renewable":55858},{"year":1966,"coal":0,"gas":37889,"nuclear":3983,"crude-oil":82783,"renewable":56828},{"year":1967,"coal":0,"gas":37300,"nuclear":5801,"crude-oil":79251,"renewable":56539},{"year":1968,"coal":0,"gas":44952,"nuclear":4808,"crude-oil":75249,"renewable":56320},{"year":1969,"coal":0,"gas":40158,"nuclear":4426,"crude-oil":70835,"renewable":56624},{"year":1970,"coal":0,"gas":43143,"nuclear":4113,"crude-oil":67819,"renewable":54309},{"year":1971,"coal":0,"gas":29468,"nuclear":4200,"crude-oil":68979,"renewable":53960},{"year":1972,"coal":0,"gas":37999,"nuclear":22935,"crude-oil":75342,"renewable":56203},{"year":1973,"coal":0,"gas":47642,"nuclear":32490,"crude-oil":84761,"renewable":47225},{"year":1974,"coal":0,"gas":72762,"nuclear":4641,"crude-oil":104522,"renewable":50587},{"year":1975,"coal":0,"gas":107904,"nuclear":79031,"crude-oil":141636,"renewable":47458},{"year":1976,"coal":0,"gas":130940,"nuclear":109371,"crude-oil":176442,"renewable":52481},{"year":1977,"coal":0,"gas":149097,"nuclear":110182,"crude-oil":191197,"renewable":54719},{"year":1978,"coal":0,"gas":171194,"nuclear":143373,"crude-oil":201069,"renewable":66270},{"year":1979,"coal":0,"gas":187079,"nuclear":164699,"crude-oil":202200,"renewable":73877},{"year":1980,"coal":0,"gas":189227,"nuclear":173339,"crude-oil":196086,"renewable":103039},{"year":1981,"coal":0,"gas":180666,"nuclear":188239,"crude-oil":189457,"renewable":108231},{"year":1982,"coal":0,"gas":180015,"nuclear":166124,"crude-oil":182480,"renewable":107422},{"year":1983,"coal":0,"gas":163534,"nuclear":178651,"crude-oil":184069,"renewable":117776},{"year":1984,"coal":0,"gas":168030,"nuclear":152652,"crude-oil":177213,"renewable":110270},{"year":1985,"coal":0,"gas":152602,"nuclear":142886,"crude-oil":158340,"renewable":110639},{"year":1986,"coal":0,"gas":149606,"nuclear":129671,"crude-oil":148990,"renewable":113125},{"year":1987,"coal":0,"gas":168450,"nuclear":150251,"crude-oil":150638,"renewable":112079},{"year":1988,"coal":0,"gas":168776,"nuclear":188799,"crude-oil":134850,"renewable":118354},{"year":1989,"coal":0,"gas":178495,"nuclear":225547,"crude-oil":125094,"renewable":111826},{"year":1990,"coal":0,"gas":191577,"nuclear":228682,"crude-oil":114121,"renewable":97990},{"year":1991,"coal":0,"gas":214842,"nuclear":283290,"crude-oil":101616,"renewable":105365},{"year":1992,"coal":0,"gas":213370,"nuclear":197365,"crude-oil":90358,"renewable":108481},{"year":1993,"coal":0,"gas":221742,"nuclear":299627,"crude-oil":80034,"renewable":100479},{"year":1994,"coal":0,"gas":238838,"nuclear":147836,"crude-oil":70801,"renewable":102464},{"year":1995,"coal":0,"gas":253705,"nuclear":256879,"crude-oil":66021,"renewable":105722},{"year":1996,"coal":0,"gas":259830,"nuclear":281789,"crude-oil":62855,"renewable":122462},{"year":1997,"coal":0,"gas":321060,"nuclear":229964,"crude-oil":58307,"renewable":113750},{"year":1998,"coal":0,"gas":293353,"nuclear":131076,"crude-oil":52165,"renewable":105963},{"year":1999,"coal":0,"gas":292250,"nuclear":152473,"crude-oil":45449,"renewable":108193},{"year":2000,"coal":0,"gas":312015,"nuclear":196925,"crude-oil":45861,"renewable":110753},{"year":2001,"coal":0,"gas":288779,"nuclear":278941,"crude-oil":42775,"renewable":94173},{"year":2002,"coal":0,"gas":286179,"nuclear":324615,"crude-oil":41870,"renewable":89228},{"year":2003,"coal":0,"gas":249370,"nuclear":291304,"crude-oil":37839,"renewable":103504},{"year":2004,"coal":0,"gas":272211,"nuclear":318670,"crude-oil":37172,"renewable":108825},{"year":2005,"coal":0,"gas":270663,"nuclear":343048,"crude-oil":32184,"renewable":116884},{"year":2006,"coal":0,"gas":272235,"nuclear":303334,"crude-oil":29539,"renewable":117838},{"year":2007,"coal":0,"gas":275429,"nuclear":330455,"crude-oil":30166,"renewable":133033},{"year":2008,"coal":0,"gas":162173,"nuclear":329107,"crude-oil":36093,"renewable":144525},{"year":2009,"coal":0,"gas":160264,"nuclear":228562,"crude-oil":34220,"renewable":140769}]}