{"items":[{"year":1960,"coal":0,"gas":0,"nuclear":0,"crude-oil":0,"renewable":20514},{"year":1961,"coal":0,"gas":0,"nuclear":0,"crude-oil":0,"renewable":20749},{"year":1962,"coal":0,"gas":0,"nuclear":0,"crude-oil":0,"renewable":21199},{"year":1963,"coal":0,"gas":0,"nuclear":0,"crude-oil":0,"renewable":23397},{"year":1964,"coal":0,"gas":0,"nuclear":0,"crude-oil":0,"renewable":23947},{"year":1965,"coal":0,"gas":0,"nuclear":0,"crude-oil":0,"renewable":23693},{"year":1966,"coal":0,"gas":0,"nuclear":0,"crude-oil":0,"renewable":23570},{"year":1967,"coal":0,"gas":0,"nuclear":0,"crude-oil":0,"renewable":23695},{"year":1968,"coal":0,"gas":0,"nuclear":0,"crude-oil":0,"renewable":24678},{"year":1969,"coal":0,"gas":0,"nuclear":1182,"crude-oil":0,"renewable":25354},{"year":1970,"coal":0,"gas":0,"nuclear":37917,"crude-oil":0,"renewable":25906},{"year":1971,"coal":0,"gas":0,"nuclear":41455,"crude-oil":0,"renewable":26621},{"year":1972,"coal":0,"gas":0,"nuclear":47008,"crude-oil":0,"renewable":29554},{"year":1973,"coal":0,"gas":0,"nuclear":39087,"crude-oil":0,"renewable":30289},{"year":1974,"coal":0,"gas":0,"nuclear":41000,"crude-oil":0,"renewable":33097},{"year":1975,"coal":0,"gas":0,"nuclear":34645,"crude-oil":0,"renewable":30950},{"year":1976,"coal":0,"gas":0,"nuclear":42587,"crude-oil":0,"renewable":35091},{"year":1977,"coal":0,"gas":0,"nuclear":74941,"crude-oil":0,"renewable":38510},{"year":1978,"coal":0,"gas":0,"nuclear":89372,"crude-oil":0,"renewable":41662},{"year":1979,"coal":0,"gas":0,"nuclear":71918,"crude-oil":0,"renewable":43101},{"year":1980,"coal":0,"gas":0,"nuclear":83192,"crude-oil":0,"renewable":48383},{"year":1981,"coal":0,"gas":0,"nuclear":128776,"crude-oil":0,"renewable":54409},{"year":1982,"coal":0,"gas":0,"nuclear":155455,"crude-oil":0,"renewable":49211},{"year":1983,"coal":0,"gas":0,"nuclear":69006,"crude-oil":0,"renewable":60308},{"year":1984,"coal":0,"gas":0,"nuclear":60825,"crude-oil":0,"renewable":48816},{"year":1985,"coal":0,"gas":0,"nuclear":188752,"crude-oil":0,"renewable":49683},{"year":1986,"coal":0,"gas":0,"nuclear":156254,"crude-oil":0,"renewable":41534},{"year":1987,"coal":0,"gas":0,"nuclear":237006,"crude-oil":0,"renewable":38592},{"year":1988,"coal":0,"gas":0,"nuclear":253285,"crude-oil":0,"renewable":41856},{"year":1989,"coal":0,"gas":0,"nuclear":243746,"crude-oil":0,"renewable":34852},{"year":1990,"coal":0,"gas":0,"nuclear":251538,"crude-oil":0,"renewable":26111},{"year":1991,"coal":0,"gas":0,"nuclear":260072,"crude-oil":0,"renewable":35957},{"year":1992,"coal":0,"gas":0,"nuclear":226122,"crude-oil":0,"renewable":38583},{"year":1993,"coal":0,"gas":0,"nuclear":261888,"crude-oil":0,"renewable":36967},{"year":1994,"coal":0,"gas":0,"nuclear":231296,"crude-oil":0,"renewable":41416},{"year":1995,"coal":0,"gas":0,"nuclear":176576,"crude-oil":0,"renewable":43197},{"year":1996,"coal":0,"gas":0,"nuclear":115826,"crude-oil":0,"renewable":41201},{"year":1997,"coal":0,"gas":0,"nuclear":145951,"crude-oil":0,"renewable":39258},{"year":1998,"coal":0,"gas":0,"nuclear":284643,"crude-oil":0,"renewable":38787},{"year":1999,"coal":0,"gas":0,"nuclear":302746,"crude-oil":0,"renewable":40018},{"year":2000,"coal":0,"gas":0,"nuclear":298041,"crude-oil":0,"renewable":40434},{"year":2001,"coal":0,"gas":0,"nuclear":318190,"crude-oil":0,"renewable":28955},{"year":2002,"coal":0,"gas":0,"nuclear":322299,"crude-oil":0,"renewable":28603},{"year":2003,"coal":0,"gas":0,"nuclear":309600,"crude-oil":0,"renewable":26635},{"year":2004,"coal":0,"gas":0,"nuclear":282379,"crude-oil":0,"renewable":27011},{"year":2005,"coal":0,"gas":0,"nuclear":327604,"crude-oil":0,"renewable":19520},{"year":2006,"coal":0,"gas":0,"nuclear":339878,"crude-oil":0,"renewable":21608},{"year":2007,"coal":0,"gas":0,"nuclear":335629,"crude-oil":0,"renewable":20188},{"year":2008,"coal":0,"gas":0,"nuclear":336532,"crude-oil":0,"renewable":22813},{"year":2009,"coal":0,"gas":0,"nuclear":359070,"crude-oil":0,"renewable":22487}]}